transaction_id,customer_id,amount,payment_method,failure_reason,retry_count,customer_quality_score,true_recovery_probability,recovered,created_at
1,1127,1916.0,card,network_timeout,3,0.922,0.629,1,2026-06-04 12:42:32
2,1239,8675.14,netbanking,authentication_failure,3,0.885,0.464,1,2026-08-23 12:42:32
3,1686,7247.79,upi,customer_abandonment,1,0.887,0.275,1,2026-06-23 12:42:32
4,956,3112.0,card,customer_abandonment,1,0.837,0.255,1,2026-05-29 12:42:32
5,1585,4058.62,netbanking,authentication_failure,3,0.473,0.299,1,2026-06-07 12:42:32
6,1807,7873.24,upi,repeated_failure,2,0.626,0.04,0,2026-06-23 12:42:32
7,1529,6114.69,card,authentication_failure,0,0.79,0.666,1,2026-08-08 12:42:32
8,388,5676.55,wallet,temporary_bank_failure,1,0.841,0.806,1,2026-07-04 12:42:32
9,898,4457.51,wallet,network_timeout,2,0.727,0.631,1,2026-08-18 12:42:32
10,1967,3971.5,upi,authentication_failure,1,0.767,0.577,0,2026-08-24 12:42:32
11,1022,5512.43,upi,repeated_failure,1,0.638,0.125,1,2026-08-08 12:42:32
12,730,4011.99,upi,network_timeout,3,0.892,0.617,1,2026-07-09 12:42:32
13,1295,5256.26,netbanking,repeated_failure,1,0.975,0.26,0,2026-06-07 12:42:32
14,1773,8304.5,netbanking,insufficient_balance,1,0.558,0.393,0,2026-06-27 12:42:32
15,380,3033.11,card,customer_abandonment,0,0.813,0.325,1,2026-06-16 12:42:32
16,521,3005.53,wallet,temporary_bank_failure,2,0.51,0.594,0,2026-06-06 12:42:32
17,392,7735.58,netbanking,authentication_failure,0,0.591,0.586,0,2026-07-16 12:42:32
18,1052,4549.56,wallet,temporary_bank_failure,0,0.702,0.831,1,2026-08-03 12:42:32
19,1598,5953.85,netbanking,customer_abandonment,1,0.759,0.224,0,2026-06-22 12:42:32
20,1763,7161.12,netbanking,customer_abandonment,0,0.949,0.38,0,2026-08-12 12:42:32
21,871,7135.56,card,authentication_failure,1,0.798,0.589,1,2026-06-10 12:42:32
22,1715,5676.43,wallet,temporary_bank_failure,3,0.857,0.653,0,2026-08-03 12:42:32
23,231,7579.96,netbanking,customer_abandonment,3,0.612,0.02,0,2026-06-16 12:42:32
24,1723,8816.63,upi,authentication_failure,1,0.543,0.487,0,2026-06-30 12:42:32
25,1013,8056.35,wallet,repeated_failure,3,0.577,0.02,0,2026-06-25 12:42:32
26,1355,8971.3,netbanking,insufficient_balance,2,0.78,0.402,0,2026-08-25 12:42:32
27,1401,105.15,upi,authentication_failure,0,0.794,0.668,0,2026-06-17 12:42:32
28,1480,4899.82,card,authentication_failure,0,0.461,0.534,1,2026-07-13 12:42:32
29,664,2265.77,upi,authentication_failure,3,0.592,0.347,0,2026-06-25 12:42:32
30,1521,2544.07,wallet,insufficient_balance,2,0.69,0.366,0,2026-07-01 12:42:32
31,1105,9768.49,card,authentication_failure,3,0.506,0.312,1,2026-08-25 12:42:32
32,1427,5356.25,upi,repeated_failure,1,0.693,0.147,0,2026-07-25 12:42:32
33,247,7640.03,netbanking,network_timeout,2,0.89,0.696,1,2026-07-19 12:42:32
34,280,9835.89,wallet,customer_abandonment,1,0.872,0.269,0,2026-08-10 12:42:32
35,609,5131.17,wallet,temporary_bank_failure,3,0.872,0.659,1,2026-08-06 12:42:32
36,764,264.22,wallet,authentication_failure,2,0.588,0.425,0,2026-08-06 12:42:32
37,864,6940.28,card,network_timeout,3,0.771,0.568,1,2026-08-25 12:42:32
38,1803,1223.39,card,network_timeout,2,0.957,0.723,1,2026-07-15 12:42:32
39,1635,8190.5,wallet,network_timeout,0,0.627,0.751,1,2026-08-24 12:42:32
40,897,5627.11,wallet,repeated_failure,3,0.89,0.066,0,2026-08-17 12:42:32
41,1257,7286.96,netbanking,authentication_failure,2,0.891,0.546,0,2026-07-03 12:42:32
42,1144,8524.19,wallet,temporary_bank_failure,0,0.702,0.831,1,2026-07-19 12:42:32
43,104,191.05,upi,network_timeout,1,0.74,0.716,0,2026-08-01 12:42:32
44,1885,3123.1,wallet,insufficient_balance,1,0.957,0.553,0,2026-06-07 12:42:32
45,957,7150.57,wallet,temporary_bank_failure,0,0.585,0.784,1,2026-07-09 12:42:32
46,1940,3149.8,card,authentication_failure,3,0.7,0.39,1,2026-06-01 12:42:32
47,1399,5939.72,upi,repeated_failure,1,0.88,0.222,0,2026-07-03 12:42:32
48,1800,7968.63,netbanking,authentication_failure,1,0.782,0.583,0,2026-06-23 12:42:32
49,1505,7252.28,wallet,customer_abandonment,2,0.827,0.171,0,2026-06-23 12:42:32
50,1073,9410.54,wallet,temporary_bank_failure,0,0.549,0.77,1,2026-08-20 12:42:32
51,99,9535.41,card,network_timeout,0,0.814,0.826,1,2026-07-04 12:42:32
52,607,8544.79,wallet,authentication_failure,2,0.519,0.398,1,2026-07-25 12:42:32
53,1185,3789.6,wallet,authentication_failure,1,0.511,0.474,0,2026-06-29 12:42:32
54,1347,2168.3,wallet,repeated_failure,2,0.755,0.092,0,2026-06-21 12:42:32
55,1663,8785.99,upi,authentication_failure,0,0.672,0.619,0,2026-08-17 12:42:32
56,1835,5572.92,wallet,repeated_failure,1,0.951,0.25,0,2026-07-07 12:42:32
57,921,5162.29,wallet,customer_abandonment,0,0.534,0.214,0,2026-08-06 12:42:32
58,321,602.61,wallet,repeated_failure,2,0.945,0.168,0,2026-06-21 12:42:32
59,1824,4709.42,netbanking,repeated_failure,2,0.743,0.087,0,2026-08-04 12:42:32
60,314,2577.49,upi,insufficient_balance,1,0.728,0.461,0,2026-07-03 12:42:32
61,1003,5270.21,card,network_timeout,0,0.723,0.789,1,2026-08-21 12:42:32
62,1127,611.65,upi,network_timeout,3,0.922,0.629,1,2026-07-02 12:42:32
63,936,9760.94,wallet,network_timeout,3,0.756,0.562,0,2026-08-07 12:42:32
64,657,7466.02,wallet,authentication_failure,1,0.772,0.579,1,2026-06-25 12:42:32
65,791,4148.63,wallet,temporary_bank_failure,1,0.751,0.77,0,2026-07-23 12:42:32
66,1120,7174.5,upi,repeated_failure,3,0.788,0.025,0,2026-08-25 12:42:32
67,1296,6605.4,netbanking,customer_abandonment,0,0.946,0.378,0,2026-06-20 12:42:32
68,1100,1670.6,wallet,insufficient_balance,1,0.652,0.431,1,2026-06-09 12:42:32
69,1244,503.22,netbanking,customer_abandonment,1,0.754,0.222,0,2026-06-18 12:42:32
70,1228,4967.0,upi,insufficient_balance,2,0.379,0.242,0,2026-08-03 12:42:32
71,1786,6387.43,upi,insufficient_balance,1,0.865,0.516,1,2026-08-16 12:42:32
72,762,5060.29,upi,authentication_failure,3,0.529,0.322,0,2026-08-22 12:42:32
73,1040,8685.27,card,insufficient_balance,3,0.923,0.379,0,2026-08-02 12:42:32
74,1932,6468.55,netbanking,insufficient_balance,0,0.77,0.558,0,2026-07-14 12:42:32
75,1637,8222.23,netbanking,network_timeout,3,0.964,0.646,0,2026-07-13 12:42:32
76,285,1097.7,wallet,customer_abandonment,1,0.777,0.231,1,2026-07-22 12:42:32
77,727,3257.86,upi,temporary_bank_failure,1,0.556,0.692,1,2026-07-23 12:42:32
78,115,1269.83,netbanking,temporary_bank_failure,0,0.774,0.86,1,2026-06-12 12:42:32
79,413,8054.46,card,network_timeout,0,0.83,0.832,1,2026-06-14 12:42:32
80,920,7343.31,card,authentication_failure,3,0.883,0.463,1,2026-08-02 12:42:32
81,663,8598.29,wallet,repeated_failure,0,0.727,0.241,0,2026-08-03 12:42:32
82,217,3839.52,card,authentication_failure,0,0.943,0.727,1,2026-05-29 12:42:32
83,1366,1089.85,netbanking,customer_abandonment,3,0.748,0.059,1,2026-08-07 12:42:32
84,76,9572.33,netbanking,temporary_bank_failure,2,0.869,0.738,0,2026-06-04 12:42:32
85,1530,3002.79,card,customer_abandonment,0,0.934,0.374,0,2026-06-02 12:42:32
86,1508,7834.83,netbanking,customer_abandonment,2,0.577,0.071,0,2026-07-15 12:42:32
87,1210,653.12,netbanking,repeated_failure,2,0.654,0.052,0,2026-06-12 12:42:32
88,658,7638.96,card,network_timeout,3,0.682,0.533,0,2026-08-19 12:42:32
89,1198,820.35,wallet,customer_abandonment,1,0.927,0.291,0,2026-06-21 12:42:32
90,1541,2408.96,card,customer_abandonment,3,0.737,0.055,0,2026-06-22 12:42:32
91,1366,9477.76,card,network_timeout,0,0.748,0.799,1,2026-07-21 12:42:32
92,1094,4868.5,netbanking,network_timeout,3,0.832,0.593,1,2026-06-13 12:42:32
93,1882,4401.07,netbanking,authentication_failure,0,0.851,0.69,1,2026-06-29 12:42:32
94,1684,1263.51,wallet,network_timeout,0,0.492,0.697,0,2026-08-23 12:42:32
95,1997,4062.21,upi,network_timeout,3,0.642,0.517,1,2026-07-01 12:42:32
96,929,9635.9,card,repeated_failure,3,0.821,0.038,0,2026-07-12 12:42:32
97,1853,5324.24,wallet,customer_abandonment,2,0.535,0.054,0,2026-07-21 12:42:32
98,1251,846.8,wallet,authentication_failure,2,0.605,0.432,0,2026-08-12 12:42:32
99,1167,6999.56,card,temporary_bank_failure,2,0.59,0.626,0,2026-06-30 12:42:32
100,971,9509.07,upi,network_timeout,3,0.731,0.552,1,2026-08-02 12:42:32
101,668,1779.83,wallet,customer_abandonment,3,0.768,0.067,0,2026-06-29 12:42:32
102,1340,869.57,wallet,insufficient_balance,0,0.882,0.603,1,2026-07-30 12:42:32
103,502,3164.32,card,temporary_bank_failure,3,0.814,0.636,1,2026-07-28 12:42:32
104,909,8243.12,netbanking,repeated_failure,1,0.603,0.111,0,2026-06-18 12:42:32
105,1839,919.21,upi,temporary_bank_failure,1,0.599,0.71,0,2026-08-21 12:42:32
106,1143,8124.48,upi,temporary_bank_failure,3,0.932,0.683,0,2026-08-15 12:42:32
107,853,3990.6,netbanking,insufficient_balance,2,0.638,0.345,0,2026-06-10 12:42:32
108,1953,4206.71,card,insufficient_balance,0,0.342,0.387,1,2026-07-02 12:42:32
109,518,5390.03,card,network_timeout,0,0.841,0.836,0,2026-07-04 12:42:32
110,1047,9453.18,card,customer_abandonment,1,0.882,0.273,0,2026-06-02 12:42:32
111,1102,2589.28,upi,temporary_bank_failure,0,0.808,0.873,1,2026-06-25 12:42:32
112,449,6219.47,wallet,temporary_bank_failure,3,0.809,0.634,1,2026-07-18 12:42:32
113,154,4814.49,upi,insufficient_balance,2,0.798,0.409,0,2026-08-14 12:42:32
114,1985,5653.29,wallet,repeated_failure,1,0.654,0.132,0,2026-08-09 12:42:32
115,624,6429.68,card,customer_abandonment,2,0.976,0.23,1,2026-07-19 12:42:32
116,1728,3570.82,upi,network_timeout,1,0.617,0.667,1,2026-06-08 12:42:32
117,859,7291.33,netbanking,authentication_failure,0,0.753,0.651,1,2026-05-30 12:42:32
118,1359,6258.66,upi,network_timeout,2,0.687,0.615,0,2026-07-28 12:42:32
119,900,8436.71,wallet,insufficient_balance,0,0.706,0.532,1,2026-05-30 12:42:32
120,69,4976.92,upi,insufficient_balance,0,0.782,0.563,1,2026-07-14 12:42:32
121,1776,5418.91,netbanking,authentication_failure,2,0.941,0.566,1,2026-06-12 12:42:32
122,1398,6995.36,wallet,network_timeout,0,0.515,0.706,0,2026-06-20 12:42:32
123,667,1805.97,wallet,customer_abandonment,1,0.898,0.279,1,2026-08-05 12:42:32
124,1029,3541.43,wallet,insufficient_balance,1,0.533,0.383,1,2026-08-25 12:42:32
125,645,2142.7,wallet,temporary_bank_failure,1,0.806,0.792,1,2026-05-28 12:42:32
126,1837,1013.68,card,authentication_failure,2,0.786,0.504,0,2026-07-01 12:42:32
127,350,3835.13,netbanking,authentication_failure,0,0.585,0.584,1,2026-08-25 12:42:32
128,8,1926.76,netbanking,temporary_bank_failure,2,0.64,0.646,1,2026-07-01 12:42:32
129,726,7623.56,upi,repeated_failure,1,0.895,0.228,0,2026-07-31 12:42:32
130,526,1417.86,wallet,authentication_failure,2,0.862,0.535,0,2026-08-08 12:42:32
131,1530,4031.92,netbanking,repeated_failure,3,0.934,0.084,0,2026-07-29 12:42:32
132,714,2193.34,card,temporary_bank_failure,1,0.757,0.773,1,2026-08-01 12:42:32
133,145,4792.3,wallet,customer_abandonment,1,0.729,0.212,0,2026-08-08 12:42:32
134,111,7394.54,netbanking,network_timeout,2,0.573,0.569,0,2026-06-04 12:42:32
135,1578,3694.51,card,temporary_bank_failure,1,0.868,0.817,1,2026-06-28 12:42:32
136,1976,3370.45,card,authentication_failure,0,0.411,0.514,1,2026-08-04 12:42:32
137,277,2534.98,upi,repeated_failure,3,0.787,0.025,0,2026-06-25 12:42:32
138,1854,650.97,netbanking,repeated_failure,0,0.638,0.205,1,2026-07-26 12:42:32
139,1064,9972.83,wallet,customer_abandonment,1,0.692,0.197,0,2026-06-12 12:42:32
140,4,2653.24,upi,repeated_failure,3,0.801,0.03,0,2026-06-25 12:42:32
141,1465,5396.86,netbanking,insufficient_balance,1,0.865,0.516,1,2026-07-13 12:42:32
142,1669,3304.42,upi,repeated_failure,2,0.464,0.02,0,2026-08-06 12:42:32
143,113,7101.58,netbanking,network_timeout,1,0.958,0.803,1,2026-07-20 12:42:32
144,1918,4863.29,netbanking,authentication_failure,2,0.57,0.418,0,2026-08-20 12:42:32
145,690,727.41,card,insufficient_balance,3,0.862,0.355,1,2026-07-17 12:42:32
146,1666,1474.37,card,network_timeout,0,0.833,0.833,1,2026-06-12 12:42:32
147,911,7963.47,netbanking,repeated_failure,2,0.993,0.187,0,2026-06-25 12:42:32
148,1980,1330.54,upi,network_timeout,3,0.666,0.526,0,2026-07-23 12:42:32
149,588,9271.85,netbanking,authentication_failure,3,0.569,0.338,0,2026-06-23 12:42:32
150,1373,7529.97,card,authentication_failure,3,0.848,0.449,1,2026-06-02 12:42:32
151,1189,6685.45,netbanking,customer_abandonment,1,0.305,0.042,0,2026-05-29 12:42:32
152,1773,6861.52,card,insufficient_balance,3,0.558,0.233,0,2026-08-12 12:42:32
153,800,3083.64,card,authentication_failure,2,0.685,0.464,1,2026-08-01 12:42:32
154,145,3900.52,netbanking,temporary_bank_failure,1,0.729,0.762,1,2026-07-06 12:42:32
155,1063,9404.34,upi,authentication_failure,2,0.628,0.441,0,2026-07-15 12:42:32
156,1472,8798.43,netbanking,network_timeout,0,0.67,0.768,1,2026-07-30 12:42:32
157,420,7548.79,upi,customer_abandonment,0,0.649,0.26,1,2026-07-02 12:42:32
158,289,5741.91,wallet,repeated_failure,1,0.836,0.204,0,2026-06-13 12:42:32
159,865,5411.17,upi,repeated_failure,2,0.775,0.1,0,2026-05-30 12:42:32
160,948,1584.18,wallet,customer_abandonment,2,0.525,0.05,0,2026-07-12 12:42:32
161,130,6024.58,netbanking,authentication_failure,3,0.467,0.297,0,2026-07-14 12:42:32
162,1307,1897.82,wallet,customer_abandonment,1,0.847,0.259,0,2026-08-20 12:42:32
163,712,6188.01,upi,insufficient_balance,1,0.638,0.425,0,2026-06-25 12:42:32
164,1234,279.29,card,temporary_bank_failure,3,0.599,0.55,0,2026-06-19 12:42:32
165,1157,6548.54,wallet,customer_abandonment,0,0.797,0.319,0,2026-08-17 12:42:32
166,1014,1132.04,card,authentication_failure,0,0.65,0.61,0,2026-08-03 12:42:32
167,1793,9849.93,card,repeated_failure,1,0.886,0.224,1,2026-05-31 12:42:32
168,825,3183.3,netbanking,temporary_bank_failure,2,0.727,0.681,1,2026-08-05 12:42:32
169,1455,3418.45,card,temporary_bank_failure,3,0.922,0.679,0,2026-07-31 12:42:32
170,937,4203.6,netbanking,authentication_failure,1,0.736,0.564,0,2026-08-24 12:42:32
171,1927,7401.26,netbanking,insufficient_balance,0,0.884,0.604,1,2026-06-28 12:42:32
172,876,2557.44,netbanking,authentication_failure,0,0.675,0.62,1,2026-06-17 12:42:32
173,1525,7826.91,card,temporary_bank_failure,2,0.579,0.622,0,2026-07-29 12:42:32
174,1906,1862.56,card,customer_abandonment,3,0.703,0.041,0,2026-08-06 12:42:32
175,1654,5397.19,wallet,repeated_failure,3,0.795,0.028,0,2026-08-25 12:42:32
176,1760,7524.61,upi,customer_abandonment,2,0.907,0.203,0,2026-06-25 12:42:32
177,32,6287.26,card,repeated_failure,0,0.819,0.278,0,2026-07-17 12:42:32
178,1043,7777.72,card,insufficient_balance,2,0.957,0.473,0,2026-07-19 12:42:32
179,947,3410.19,card,network_timeout,2,0.783,0.653,0,2026-07-25 12:42:32
180,778,6475.6,netbanking,insufficient_balance,3,0.507,0.213,0,2026-07-02 12:42:32
181,1500,6623.35,netbanking,insufficient_balance,0,0.932,0.623,1,2026-06-20 12:42:32
182,443,1130.67,wallet,customer_abandonment,2,0.765,0.146,0,2026-07-06 12:42:32
183,1633,7236.05,netbanking,network_timeout,2,0.682,0.613,1,2026-06-09 12:42:32
184,1312,9630.23,netbanking,repeated_failure,3,0.828,0.041,0,2026-06-02 12:42:32
185,910,6369.08,netbanking,insufficient_balance,0,0.869,0.598,1,2026-08-07 12:42:32
186,1648,5872.11,netbanking,customer_abandonment,3,0.671,0.028,0,2026-08-25 12:42:32
187,815,3425.07,wallet,customer_abandonment,2,0.928,0.211,0,2026-05-31 12:42:32
188,1143,6279.07,wallet,network_timeout,1,0.932,0.793,1,2026-08-17 12:42:32
189,1250,2273.15,wallet,customer_abandonment,1,0.572,0.149,0,2026-08-02 12:42:32
190,593,4925.57,upi,insufficient_balance,1,0.466,0.356,0,2026-06-06 12:42:32
191,1906,2759.91,card,authentication_failure,3,0.703,0.391,0,2026-08-01 12:42:32
192,1383,6486.04,upi,temporary_bank_failure,1,0.959,0.854,0,2026-06-29 12:42:32
193,29,2795.84,upi,customer_abandonment,2,0.951,0.22,0,2026-06-02 12:42:32
194,42,2813.15,card,network_timeout,0,0.761,0.804,1,2026-06-11 12:42:32
195,1623,1486.18,upi,customer_abandonment,2,0.908,0.203,0,2026-08-20 12:42:32
196,731,6367.67,wallet,insufficient_balance,0,0.736,0.544,1,2026-07-12 12:42:32
197,1425,3893.07,card,insufficient_balance,1,0.765,0.476,1,2026-08-24 12:42:32
198,1020,1925.27,netbanking,repeated_failure,0,0.651,0.21,0,2026-07-31 12:42:32
199,29,2958.07,netbanking,customer_abandonment,3,0.951,0.14,0,2026-06-28 12:42:32
200,807,4812.9,upi,authentication_failure,2,0.929,0.562,0,2026-08-04 12:42:32
201,69,408.71,upi,temporary_bank_failure,3,0.782,0.623,1,2026-06-06 12:42:32
202,958,1631.25,card,authentication_failure,0,0.597,0.589,0,2026-06-14 12:42:32
203,713,5005.36,card,temporary_bank_failure,2,0.512,0.595,0,2026-08-01 12:42:32
204,1063,869.88,netbanking,authentication_failure,3,0.628,0.361,0,2026-08-14 12:42:32
205,275,8093.56,wallet,customer_abandonment,0,0.856,0.342,1,2026-06-13 12:42:32
206,1593,958.38,netbanking,temporary_bank_failure,3,0.578,0.541,0,2026-08-18 12:42:32
207,661,7268.62,netbanking,temporary_bank_failure,3,0.921,0.678,0,2026-08-01 12:42:32
208,466,2289.97,wallet,temporary_bank_failure,1,0.501,0.67,1,2026-07-31 12:42:32
209,47,9259.96,wallet,insufficient_balance,2,0.409,0.254,0,2026-06-01 12:42:32
210,250,7004.46,netbanking,repeated_failure,0,0.746,0.248,1,2026-06-15 12:42:32
211,1522,7973.88,netbanking,authentication_failure,2,0.898,0.549,0,2026-07-18 12:42:32
212,995,8306.26,netbanking,insufficient_balance,0,0.411,0.414,0,2026-08-02 12:42:32
213,995,4862.51,wallet,network_timeout,2,0.411,0.504,0,2026-07-17 12:42:32
214,986,3221.37,netbanking,network_timeout,0,0.644,0.758,1,2026-06-01 12:42:32
215,921,5249.66,upi,customer_abandonment,0,0.534,0.214,0,2026-06-21 12:42:32
216,311,9904.38,upi,authentication_failure,2,0.7,0.47,0,2026-08-13 12:42:32
217,1298,9979.55,netbanking,authentication_failure,3,0.649,0.37,1,2026-06-25 12:42:32
218,245,5849.5,card,network_timeout,3,0.946,0.638,0,2026-08-16 12:42:32
219,926,4271.43,netbanking,temporary_bank_failure,0,0.528,0.761,1,2026-07-08 12:42:32
220,3,3040.33,upi,customer_abandonment,1,0.766,0.226,0,2026-06-25 12:42:32
221,293,276.95,wallet,temporary_bank_failure,1,0.746,0.768,1,2026-08-11 12:42:32
222,817,1331.93,wallet,temporary_bank_failure,2,0.544,0.608,0,2026-06-26 12:42:32
223,939,9825.07,upi,network_timeout,2,0.884,0.694,0,2026-08-15 12:42:32
224,1086,1753.64,upi,customer_abandonment,3,0.688,0.035,0,2026-06-15 12:42:32
225,1684,2382.64,netbanking,customer_abandonment,2,0.492,0.037,0,2026-06-13 12:42:32
226,1131,2282.81,card,insufficient_balance,0,0.863,0.595,0,2026-08-20 12:42:32
227,1541,9694.12,upi,customer_abandonment,0,0.737,0.295,0,2026-08-06 12:42:32
228,1914,2676.31,card,temporary_bank_failure,2,0.738,0.685,0,2026-06-25 12:42:32
229,1169,4687.47,wallet,authentication_failure,0,0.74,0.646,1,2026-05-29 12:42:32
230,329,8615.26,upi,network_timeout,2,0.736,0.634,0,2026-06-20 12:42:32
231,635,8898.61,card,network_timeout,0,0.996,0.898,1,2026-07-15 12:42:32
232,521,7378.61,card,temporary_bank_failure,1,0.51,0.674,1,2026-06-08 12:42:32
233,38,582.96,card,authentication_failure,1,0.792,0.587,1,2026-06-27 12:42:32
234,1712,853.7,wallet,customer_abandonment,0,0.657,0.263,1,2026-07-12 12:42:32
235,224,9074.49,card,repeated_failure,2,0.812,0.115,0,2026-07-17 12:42:32
236,1883,7365.71,card,customer_abandonment,3,0.452,0.02,0,2026-07-17 12:42:32
237,92,8686.21,netbanking,temporary_bank_failure,0,0.747,0.849,1,2026-07-12 12:42:32
238,1369,1147.76,upi,customer_abandonment,2,0.362,0.02,0,2026-08-19 12:42:32
239,133,8731.25,card,authentication_failure,2,0.787,0.505,0,2026-07-15 12:42:32
240,1418,7460.73,card,authentication_failure,2,0.871,0.538,1,2026-08-24 12:42:32
241,1742,2661.01,card,customer_abandonment,1,0.261,0.024,0,2026-07-11 12:42:32
242,1691,6354.95,card,temporary_bank_failure,2,0.878,0.741,1,2026-06-23 12:42:32
243,856,1371.64,netbanking,customer_abandonment,2,0.834,0.174,0,2026-06-13 12:42:32
244,1257,3982.3,netbanking,insufficient_balance,2,0.891,0.446,0,2026-08-04 12:42:32
245,1220,7731.46,wallet,network_timeout,3,0.728,0.551,1,2026-08-09 12:42:32
246,524,5863.49,card,repeated_failure,0,0.391,0.106,1,2026-06-05 12:42:32
247,306,6792.92,wallet,repeated_failure,3,0.877,0.061,0,2026-07-05 12:42:32
248,381,749.7,netbanking,network_timeout,0,0.881,0.852,1,2026-06-08 12:42:32
249,1952,6864.62,netbanking,authentication_failure,1,0.804,0.592,1,2026-07-28 12:42:32
250,516,4568.73,netbanking,temporary_bank_failure,2,0.593,0.627,1,2026-07-28 12:42:32
251,157,8415.48,wallet,authentication_failure,2,0.816,0.516,0,2026-08-04 12:42:32
252,1483,9513.55,netbanking,authentication_failure,3,0.812,0.435,1,2026-08-05 12:42:32
253,303,9648.75,netbanking,customer_abandonment,2,0.604,0.082,0,2026-08-23 12:42:32
254,1531,8951.58,upi,temporary_bank_failure,2,0.476,0.58,0,2026-07-22 12:42:32
255,1856,7177.75,card,temporary_bank_failure,1,0.739,0.766,0,2026-06-07 12:42:32
256,1563,2116.64,upi,network_timeout,0,0.737,0.795,1,2026-06-08 12:42:32
257,1051,7634.14,upi,repeated_failure,2,0.376,0.02,0,2026-07-13 12:42:32
258,693,6204.84,upi,network_timeout,1,0.604,0.662,1,2026-06-09 12:42:32
259,455,6887.1,upi,temporary_bank_failure,3,0.863,0.655,1,2026-07-09 12:42:32
260,1017,6550.04,netbanking,network_timeout,0,0.714,0.786,1,2026-05-30 12:42:32
261,584,4606.68,wallet,authentication_failure,3,0.944,0.488,1,2026-06-23 12:42:32
262,338,6040.2,netbanking,repeated_failure,3,0.527,0.02,0,2026-05-29 12:42:32
263,801,9087.4,upi,network_timeout,2,0.575,0.57,1,2026-05-30 12:42:32
264,1577,9867.96,wallet,temporary_bank_failure,3,0.79,0.626,1,2026-07-03 12:42:32
265,1110,3525.56,wallet,network_timeout,3,0.822,0.589,1,2026-08-24 12:42:32
266,225,3571.21,card,temporary_bank_failure,0,0.486,0.744,0,2026-07-31 12:42:32
267,918,5718.65,upi,insufficient_balance,1,0.805,0.492,0,2026-08-11 12:42:32
268,994,6736.82,netbanking,insufficient_balance,3,0.798,0.329,0,2026-06-20 12:42:32
269,635,9368.5,card,repeated_failure,2,0.996,0.188,0,2026-07-16 12:42:32
270,1394,9478.77,wallet,network_timeout,3,0.697,0.539,0,2026-06-25 12:42:32
271,111,893.14,netbanking,authentication_failure,3,0.573,0.339,0,2026-08-20 12:42:32
272,1338,4860.95,upi,repeated_failure,2,0.596,0.028,0,2026-08-12 12:42:32
273,971,5973.46,upi,insufficient_balance,3,0.731,0.302,1,2026-07-12 12:42:32
274,1267,9761.07,netbanking,insufficient_balance,3,0.881,0.362,0,2026-07-04 12:42:32
275,695,5598.1,wallet,authentication_failure,1,0.898,0.629,0,2026-07-20 12:42:32
276,1376,6538.22,netbanking,temporary_bank_failure,1,0.82,0.798,1,2026-06-26 12:42:32
277,93,2115.42,netbanking,repeated_failure,2,0.597,0.029,0,2026-06-02 12:42:32
278,159,8477.83,card,insufficient_balance,0,0.355,0.392,1,2026-08-06 12:42:32
279,956,5188.56,card,insufficient_balance,0,0.837,0.585,1,2026-06-21 12:42:32
280,335,4275.04,wallet,insufficient_balance,1,0.682,0.443,0,2026-06-29 12:42:32
281,1270,3900.09,wallet,customer_abandonment,1,0.597,0.159,0,2026-08-11 12:42:32
282,1761,7186.67,upi,authentication_failure,3,0.819,0.438,0,2026-07-15 12:42:32
283,940,5174.89,upi,repeated_failure,0,0.72,0.238,0,2026-07-16 12:42:32
284,318,4109.71,wallet,repeated_failure,1,0.647,0.129,0,2026-05-29 12:42:32
285,1108,1718.89,netbanking,insufficient_balance,2,0.931,0.462,1,2026-07-29 12:42:32
286,66,189.4,card,authentication_failure,0,0.768,0.657,0,2026-07-01 12:42:32
287,1700,4592.52,netbanking,customer_abandonment,2,0.593,0.077,0,2026-08-12 12:42:32
288,592,3436.33,card,insufficient_balance,1,0.866,0.516,1,2026-08-21 12:42:32
289,1300,7097.09,wallet,authentication_failure,3,0.773,0.419,1,2026-07-29 12:42:32
290,1145,3631.65,card,authentication_failure,3,0.812,0.435,0,2026-07-13 12:42:32
291,1848,8695.89,netbanking,network_timeout,3,0.811,0.584,1,2026-08-06 12:42:32
292,1906,1317.41,upi,repeated_failure,0,0.703,0.231,0,2026-07-28 12:42:32
293,1025,1882.1,upi,authentication_failure,2,0.684,0.464,1,2026-07-06 12:42:32
294,1230,4034.05,upi,network_timeout,1,0.936,0.794,0,2026-07-14 12:42:32
295,126,6427.29,card,insufficient_balance,0,0.684,0.524,0,2026-07-01 12:42:32
296,495,3492.27,upi,authentication_failure,1,0.411,0.434,1,2026-07-12 12:42:32
297,308,7355.7,upi,insufficient_balance,3,0.518,0.217,0,2026-08-25 12:42:32
298,1015,2422.16,wallet,customer_abandonment,2,0.856,0.182,1,2026-07-23 12:42:32
299,1217,6864.16,netbanking,insufficient_balance,1,0.678,0.441,1,2026-07-31 12:42:32
300,1672,1219.79,wallet,temporary_bank_failure,0,0.749,0.85,1,2026-07-24 12:42:32
301,1025,6622.97,netbanking,authentication_failure,0,0.684,0.624,0,2026-05-28 12:42:32
302,1982,9994.2,upi,network_timeout,1,0.613,0.665,1,2026-07-24 12:42:32
303,1705,7549.03,wallet,temporary_bank_failure,0,0.768,0.857,1,2026-06-12 12:42:32
304,1348,7675.39,card,insufficient_balance,3,0.695,0.288,0,2026-06-17 12:42:32
305,1506,7998.36,card,insufficient_balance,2,0.56,0.314,0,2026-08-25 12:42:32
306,1368,6525.84,upi,repeated_failure,0,0.886,0.304,0,2026-06-11 12:42:32
307,711,3946.73,netbanking,customer_abandonment,0,0.862,0.345,0,2026-07-22 12:42:32
308,1964,5911.91,upi,repeated_failure,3,0.696,0.02,0,2026-06-13 12:42:32
309,962,3859.88,card,repeated_failure,1,0.762,0.175,0,2026-06-21 12:42:32
310,454,8156.29,card,network_timeout,0,0.897,0.859,1,2026-07-09 12:42:32
311,1317,6118.26,wallet,network_timeout,3,0.862,0.605,1,2026-07-11 12:42:32
312,498,5260.22,netbanking,network_timeout,0,0.481,0.692,1,2026-06-07 12:42:32
313,1839,9551.13,wallet,customer_abandonment,3,0.599,0.02,0,2026-08-11 12:42:32
314,324,3581.06,card,customer_abandonment,1,0.71,0.204,1,2026-06-19 12:42:32
315,1008,6733.95,wallet,customer_abandonment,0,0.766,0.306,0,2026-07-22 12:42:32
316,1672,7204.59,wallet,insufficient_balance,1,0.749,0.47,1,2026-08-22 12:42:32
317,90,1893.38,upi,temporary_bank_failure,2,0.539,0.606,0,2026-07-18 12:42:32
318,909,1933.76,upi,temporary_bank_failure,3,0.603,0.551,0,2026-06-19 12:42:32
319,1910,3797.75,card,repeated_failure,0,0.912,0.315,0,2026-08-13 12:42:32
320,887,5200.23,upi,repeated_failure,3,0.937,0.085,0,2026-08-17 12:42:32
321,1807,4169.18,wallet,insufficient_balance,0,0.626,0.5,0,2026-08-02 12:42:32
322,720,2630.89,upi,temporary_bank_failure,3,0.78,0.622,1,2026-08-07 12:42:32
323,1636,6708.74,netbanking,network_timeout,1,0.75,0.72,0,2026-06-13 12:42:32
324,993,1763.34,card,insufficient_balance,2,0.463,0.275,0,2026-07-24 12:42:32
325,631,1866.62,card,customer_abandonment,0,0.642,0.257,0,2026-06-16 12:42:32
326,1184,2643.15,upi,authentication_failure,0,0.899,0.71,1,2026-08-01 12:42:32
327,770,6981.93,netbanking,authentication_failure,2,0.979,0.582,1,2026-07-18 12:42:32
328,1961,9913.43,netbanking,temporary_bank_failure,3,0.963,0.695,0,2026-06-19 12:42:32
329,1242,9064.7,upi,repeated_failure,0,0.812,0.275,1,2026-07-21 12:42:32
330,1923,3732.87,wallet,temporary_bank_failure,1,0.605,0.712,1,2026-06-19 12:42:32
331,1805,769.36,wallet,temporary_bank_failure,0,0.722,0.839,1,2026-07-25 12:42:32
332,149,6543.69,wallet,repeated_failure,1,0.227,0.02,0,2026-06-29 12:42:32
333,1283,618.15,upi,repeated_failure,3,0.752,0.02,0,2026-06-06 12:42:32
334,1827,4705.54,netbanking,insufficient_balance,3,0.564,0.236,0,2026-06-29 12:42:32
335,1572,6386.1,card,customer_abandonment,2,0.698,0.119,0,2026-06-07 12:42:32
336,618,4558.67,upi,repeated_failure,3,0.369,0.02,1,2026-08-10 12:42:32
337,1932,9279.06,netbanking,network_timeout,0,0.77,0.808,1,2026-08-21 12:42:32
338,1896,8436.13,card,network_timeout,0,0.692,0.777,1,2026-08-04 12:42:32
339,978,8278.07,card,temporary_bank_failure,1,0.596,0.708,1,2026-08-12 12:42:32
340,1828,2704.81,netbanking,temporary_bank_failure,1,0.882,0.823,1,2026-08-24 12:42:32
341,761,3124.69,card,temporary_bank_failure,3,0.733,0.603,1,2026-07-31 12:42:32
342,1220,1701.47,netbanking,insufficient_balance,1,0.728,0.461,0,2026-06-01 12:42:32
343,1340,2164.25,wallet,customer_abandonment,2,0.882,0.193,0,2026-07-19 12:42:32
344,594,6775.61,netbanking,customer_abandonment,1,0.654,0.182,0,2026-08-20 12:42:32
345,1091,901.1,upi,network_timeout,0,0.404,0.662,1,2026-08-24 12:42:32
346,931,9758.54,upi,insufficient_balance,3,0.769,0.318,0,2026-06-21 12:42:32
347,793,3205.9,upi,customer_abandonment,2,0.218,0.02,0,2026-06-07 12:42:32
348,822,3243.56,card,repeated_failure,2,0.641,0.046,0,2026-08-01 12:42:32
349,1677,774.91,upi,customer_abandonment,1,0.791,0.236,0,2026-06-08 12:42:32
350,1604,7789.56,wallet,customer_abandonment,3,0.911,0.124,0,2026-08-13 12:42:32
351,543,4451.17,wallet,repeated_failure,3,0.795,0.028,0,2026-07-25 12:42:32
352,1885,6065.28,upi,authentication_failure,2,0.957,0.573,1,2026-08-21 12:42:32
353,1491,2196.38,upi,insufficient_balance,1,0.498,0.369,0,2026-07-26 12:42:32
354,1080,2467.88,netbanking,temporary_bank_failure,2,0.596,0.628,1,2026-07-29 12:42:32
355,190,1859.89,netbanking,repeated_failure,3,0.6,0.02,0,2026-08-22 12:42:32
356,1796,6190.67,card,temporary_bank_failure,3,0.808,0.633,1,2026-07-21 12:42:32
357,124,7270.74,netbanking,repeated_failure,0,0.73,0.242,0,2026-06-25 12:42:32
358,768,3740.82,netbanking,customer_abandonment,3,0.896,0.118,0,2026-06-16 12:42:32
359,1765,9641.84,upi,customer_abandonment,2,0.699,0.12,0,2026-08-05 12:42:32
360,246,5863.27,netbanking,repeated_failure,2,0.757,0.093,0,2026-07-18 12:42:32
361,901,220.0,card,temporary_bank_failure,1,0.887,0.825,1,2026-07-04 12:42:32
362,338,522.07,card,customer_abandonment,0,0.527,0.211,1,2026-06-27 12:42:32
363,395,2733.59,wallet,customer_abandonment,0,0.805,0.322,0,2026-06-19 12:42:32
364,546,7399.84,wallet,network_timeout,3,0.688,0.535,0,2026-07-05 12:42:32
365,1949,7871.66,upi,repeated_failure,0,0.808,0.273,1,2026-06-23 12:42:32
366,17,6912.53,card,temporary_bank_failure,3,0.547,0.529,1,2026-08-16 12:42:32
367,242,9027.44,wallet,insufficient_balance,0,0.957,0.633,0,2026-07-23 12:42:32
368,776,6403.03,upi,authentication_failure,2,0.89,0.546,0,2026-05-31 12:42:32
369,856,1146.37,netbanking,customer_abandonment,3,0.834,0.094,0,2026-08-18 12:42:32
370,845,7191.6,netbanking,temporary_bank_failure,0,0.995,0.948,1,2026-08-02 12:42:32
371,1041,7401.33,wallet,customer_abandonment,1,0.334,0.054,0,2026-08-15 12:42:32
372,436,7860.04,netbanking,authentication_failure,2,0.888,0.545,1,2026-08-21 12:42:32
373,773,7667.29,upi,repeated_failure,3,0.689,0.02,0,2026-06-06 12:42:32
374,1247,3881.2,card,temporary_bank_failure,1,0.619,0.718,1,2026-07-21 12:42:32
375,1406,785.62,upi,network_timeout,0,0.759,0.804,1,2026-06-25 12:42:32
376,767,8007.27,upi,insufficient_balance,3,0.51,0.214,0,2026-08-24 12:42:32
377,374,9210.94,card,customer_abandonment,3,0.938,0.135,0,2026-08-15 12:42:32
378,522,6025.46,wallet,temporary_bank_failure,0,0.561,0.774,1,2026-06-28 12:42:32
379,846,6168.1,upi,network_timeout,1,0.877,0.771,1,2026-06-03 12:42:32
380,1749,5010.87,wallet,network_timeout,0,0.846,0.838,1,2026-07-25 12:42:32
381,1246,9197.37,wallet,temporary_bank_failure,1,0.854,0.812,1,2026-08-05 12:42:32
382,1662,5622.35,wallet,repeated_failure,2,0.908,0.153,0,2026-06-12 12:42:32
383,256,9848.23,upi,repeated_failure,1,0.966,0.256,0,2026-08-13 12:42:32
384,1490,6884.45,card,insufficient_balance,3,0.862,0.355,0,2026-06-08 12:42:32
385,1431,4192.82,card,network_timeout,0,0.729,0.792,1,2026-07-01 12:42:32
386,515,1600.54,netbanking,repeated_failure,1,0.967,0.257,0,2026-08-01 12:42:32
387,1152,1692.4,netbanking,customer_abandonment,1,0.806,0.242,1,2026-08-25 12:42:32
388,1900,9918.92,netbanking,customer_abandonment,3,0.431,0.02,0,2026-06-23 12:42:32
389,874,3178.2,netbanking,insufficient_balance,0,0.696,0.528,0,2026-07-30 12:42:32
390,1090,7859.54,wallet,temporary_bank_failure,3,0.69,0.586,1,2026-05-28 12:42:32
391,314,7482.76,wallet,repeated_failure,1,0.728,0.161,0,2026-07-04 12:42:32
392,1401,7587.02,netbanking,network_timeout,2,0.794,0.658,1,2026-07-01 12:42:32
393,1235,3746.26,upi,customer_abandonment,0,0.548,0.219,0,2026-08-16 12:42:32
394,536,1464.45,netbanking,repeated_failure,1,0.445,0.048,0,2026-08-05 12:42:32
395,202,3619.38,upi,repeated_failure,0,0.956,0.332,0,2026-08-09 12:42:32
396,1143,6459.02,card,network_timeout,3,0.932,0.633,1,2026-06-29 12:42:32
397,1079,622.76,wallet,network_timeout,3,0.789,0.576,0,2026-06-05 12:42:32
398,1939,3288.87,wallet,network_timeout,2,0.698,0.619,1,2026-08-04 12:42:32
399,664,7870.48,wallet,customer_abandonment,1,0.592,0.157,0,2026-06-23 12:42:32
400,19,1311.53,wallet,customer_abandonment,0,0.803,0.321,0,2026-08-08 12:42:32
401,831,6022.43,card,network_timeout,2,0.785,0.654,0,2026-06-30 12:42:32
402,1020,1817.45,card,repeated_failure,1,0.651,0.13,0,2026-07-10 12:42:32
403,399,8414.04,netbanking,repeated_failure,2,0.639,0.046,0,2026-05-28 12:42:32
404,1424,5698.94,card,customer_abandonment,1,0.709,0.204,0,2026-06-10 12:42:32
405,1643,8333.8,upi,temporary_bank_failure,0,0.8,0.87,1,2026-07-06 12:42:32
406,757,8542.01,upi,authentication_failure,1,0.813,0.595,0,2026-06-23 12:42:32
407,1957,4408.29,card,network_timeout,3,0.722,0.549,1,2026-06-17 12:42:32
408,1626,7306.6,upi,network_timeout,1,0.916,0.786,0,2026-08-02 12:42:32
409,1337,667.07,upi,network_timeout,1,0.964,0.806,1,2026-06-27 12:42:32
410,1593,4773.4,wallet,network_timeout,0,0.578,0.731,1,2026-07-27 12:42:32
411,1366,2545.09,netbanking,network_timeout,3,0.748,0.559,0,2026-08-16 12:42:32
412,1872,4552.42,netbanking,repeated_failure,0,0.657,0.213,0,2026-06-14 12:42:32
413,1837,560.36,wallet,network_timeout,1,0.786,0.734,0,2026-06-30 12:42:32
414,1557,4169.85,upi,network_timeout,2,0.481,0.532,1,2026-08-11 12:42:32
415,672,1367.08,wallet,authentication_failure,3,0.463,0.295,0,2026-07-15 12:42:32
416,1690,2675.56,wallet,network_timeout,0,0.734,0.794,1,2026-08-05 12:42:32
417,1106,7279.04,netbanking,customer_abandonment,0,0.659,0.264,0,2026-08-07 12:42:32
418,371,6124.42,card,temporary_bank_failure,0,0.665,0.816,1,2026-07-24 12:42:32
419,1202,4238.1,wallet,customer_abandonment,0,0.826,0.33,0,2026-07-24 12:42:32
420,593,8615.38,card,customer_abandonment,1,0.466,0.106,0,2026-07-18 12:42:32
421,1622,6167.71,card,temporary_bank_failure,1,0.884,0.824,1,2026-06-22 12:42:32
422,842,9462.41,card,customer_abandonment,3,0.843,0.097,0,2026-06-13 12:42:32
423,98,7517.91,card,authentication_failure,3,0.749,0.41,1,2026-07-17 12:42:32
424,1318,4646.47,netbanking,network_timeout,3,0.731,0.552,0,2026-07-08 12:42:32
425,960,5493.99,wallet,customer_abandonment,3,0.505,0.02,0,2026-06-01 12:42:32
426,1679,8807.86,netbanking,customer_abandonment,3,0.814,0.086,0,2026-07-17 12:42:32
427,58,5624.01,upi,network_timeout,1,0.664,0.686,1,2026-08-23 12:42:32
428,1992,3968.21,card,network_timeout,2,0.6,0.58,1,2026-07-05 12:42:32
429,1815,3866.16,netbanking,temporary_bank_failure,2,0.864,0.736,1,2026-08-15 12:42:32
430,504,1030.96,upi,network_timeout,3,0.981,0.652,0,2026-07-21 12:42:32
431,485,7999.35,wallet,customer_abandonment,2,0.808,0.163,0,2026-06-05 12:42:32
432,554,5622.42,wallet,network_timeout,1,0.77,0.728,1,2026-08-23 12:42:32
433,877,2841.35,netbanking,authentication_failure,3,0.858,0.453,0,2026-08-25 12:42:32
434,1015,6577.5,wallet,customer_abandonment,2,0.856,0.182,0,2026-06-17 12:42:32
435,366,8835.92,netbanking,repeated_failure,3,0.562,0.02,0,2026-08-10 12:42:32
436,1153,1312.1,netbanking,customer_abandonment,1,0.778,0.231,0,2026-08-22 12:42:32
437,924,4332.15,upi,repeated_failure,2,0.96,0.174,1,2026-06-18 12:42:32
438,1561,390.71,card,authentication_failure,3,0.653,0.371,0,2026-08-21 12:42:32
439,227,8595.95,wallet,customer_abandonment,3,0.23,0.02,0,2026-08-20 12:42:32
440,211,9881.85,wallet,network_timeout,1,0.665,0.686,0,2026-06-14 12:42:32
441,725,8299.67,upi,insufficient_balance,3,0.534,0.224,0,2026-08-05 12:42:32
442,156,7218.87,upi,insufficient_balance,2,0.712,0.375,1,2026-07-16 12:42:32
443,307,6176.4,upi,insufficient_balance,2,0.787,0.405,0,2026-08-04 12:42:32
444,273,4765.74,wallet,customer_abandonment,2,0.598,0.079,0,2026-07-24 12:42:32
445,724,1152.8,wallet,customer_abandonment,2,0.967,0.227,0,2026-07-29 12:42:32
446,1071,6587.3,card,repeated_failure,0,0.793,0.267,0,2026-05-31 12:42:32
447,640,8677.23,wallet,authentication_failure,2,0.618,0.437,1,2026-06-24 12:42:32
448,533,3109.07,card,authentication_failure,1,0.539,0.486,0,2026-06-11 12:42:32
449,1425,685.03,netbanking,temporary_bank_failure,2,0.765,0.696,1,2026-08-20 12:42:32
450,1275,1773.9,netbanking,authentication_failure,1,0.83,0.602,1,2026-07-19 12:42:32
451,142,5511.82,card,network_timeout,2,0.599,0.58,1,2026-06-09 12:42:32
452,1531,516.04,card,network_timeout,3,0.476,0.45,1,2026-05-31 12:42:32
453,662,9730.49,netbanking,temporary_bank_failure,2,0.683,0.663,0,2026-06-14 12:42:32
454,284,9631.82,card,network_timeout,2,0.859,0.684,1,2026-08-07 12:42:32
455,943,2262.59,upi,network_timeout,0,0.396,0.658,1,2026-07-17 12:42:32
456,465,222.8,card,repeated_failure,3,0.416,0.02,0,2026-08-12 12:42:32
457,1227,2340.88,netbanking,customer_abandonment,1,0.794,0.238,0,2026-06-19 12:42:32
458,68,8784.89,wallet,network_timeout,0,0.416,0.666,1,2026-07-16 12:42:32
459,1656,7966.32,upi,customer_abandonment,1,0.534,0.134,0,2026-08-15 12:42:32
460,1600,5776.16,upi,repeated_failure,0,0.856,0.292,1,2026-08-06 12:42:32
461,1893,1237.84,wallet,authentication_failure,0,0.668,0.617,1,2026-08-17 12:42:32
462,1348,740.4,card,authentication_failure,3,0.695,0.388,0,2026-07-12 12:42:32
463,343,4402.5,upi,network_timeout,2,0.749,0.64,1,2026-08-07 12:42:32
464,26,1788.76,card,network_timeout,0,0.798,0.819,1,2026-08-06 12:42:32
465,505,2450.59,netbanking,customer_abandonment,2,0.814,0.166,1,2026-08-22 12:42:32
466,1430,9710.59,card,network_timeout,3,0.939,0.636,0,2026-07-23 12:42:32
467,347,2762.69,card,temporary_bank_failure,1,0.866,0.816,1,2026-08-01 12:42:32
468,1746,4777.68,card,temporary_bank_failure,1,0.621,0.718,0,2026-06-04 12:42:32
469,1404,4559.61,card,insufficient_balance,0,0.753,0.551,1,2026-07-17 12:42:32
470,142,2878.76,wallet,authentication_failure,3,0.599,0.35,0,2026-06-26 12:42:32
471,998,590.02,upi,temporary_bank_failure,3,0.756,0.612,1,2026-05-28 12:42:32
472,1831,5763.28,card,customer_abandonment,1,0.851,0.26,0,2026-07-03 12:42:32
473,382,8185.15,card,temporary_bank_failure,0,0.977,0.941,1,2026-05-30 12:42:32
474,1813,5123.38,netbanking,authentication_failure,0,0.64,0.606,1,2026-06-23 12:42:32
475,779,4560.91,netbanking,repeated_failure,2,0.527,0.02,0,2026-08-25 12:42:32
476,1192,4169.11,netbanking,network_timeout,3,0.788,0.575,0,2026-08-14 12:42:32
477,445,7212.45,card,temporary_bank_failure,3,0.88,0.662,0,2026-08-18 12:42:32
478,1177,606.24,upi,authentication_failure,0,0.72,0.638,0,2026-07-08 12:42:32
479,1711,2641.27,upi,network_timeout,3,0.827,0.591,1,2026-07-21 12:42:32
480,594,6003.58,netbanking,customer_abandonment,3,0.654,0.022,0,2026-06-11 12:42:32
481,1402,7523.52,netbanking,authentication_failure,1,0.476,0.46,0,2026-06-13 12:42:32
482,450,6027.05,netbanking,authentication_failure,1,0.369,0.418,0,2026-06-14 12:42:32
483,1401,7267.33,netbanking,network_timeout,2,0.794,0.658,0,2026-07-19 12:42:32
484,387,8218.13,wallet,repeated_failure,0,0.889,0.306,0,2026-07-22 12:42:32
485,235,5814.28,netbanking,temporary_bank_failure,1,0.616,0.716,0,2026-06-25 12:42:32
486,49,8185.56,netbanking,temporary_bank_failure,1,0.726,0.76,0,2026-07-03 12:42:32
487,1131,6762.37,wallet,insufficient_balance,2,0.863,0.435,0,2026-07-27 12:42:32
488,1212,3903.97,upi,network_timeout,2,0.929,0.712,0,2026-06-08 12:42:32
489,1065,221.87,wallet,authentication_failure,2,0.809,0.514,0,2026-07-24 12:42:32
490,1944,1739.72,wallet,insufficient_balance,2,0.901,0.45,1,2026-07-01 12:42:32
491,833,1629.15,netbanking,temporary_bank_failure,0,0.809,0.874,1,2026-08-08 12:42:32
492,1443,809.95,netbanking,authentication_failure,1,0.913,0.635,1,2026-07-19 12:42:32
493,576,3709.48,wallet,customer_abandonment,3,0.914,0.126,0,2026-06-22 12:42:32
494,1055,1491.47,card,network_timeout,0,0.94,0.876,1,2026-05-30 12:42:32
495,443,1444.31,netbanking,authentication_failure,1,0.765,0.576,1,2026-06-23 12:42:32
496,1258,3200.74,upi,authentication_failure,0,0.594,0.588,1,2026-07-27 12:42:32
497,1962,1249.78,upi,customer_abandonment,1,0.885,0.274,0,2026-07-22 12:42:32
498,1111,9949.09,wallet,repeated_failure,0,0.904,0.312,0,2026-06-10 12:42:32
499,59,406.28,wallet,repeated_failure,3,0.958,0.093,0,2026-06-19 12:42:32
500,1093,5581.74,card,customer_abandonment,1,0.878,0.271,1,2026-07-04 12:42:32
501,1403,3093.1,netbanking,authentication_failure,3,0.933,0.483,0,2026-06-02 12:42:32
502,942,9667.53,card,network_timeout,2,0.77,0.648,1,2026-08-25 12:42:32
503,1628,1590.16,netbanking,customer_abandonment,1,0.958,0.303,0,2026-07-06 12:42:32
504,509,8815.12,netbanking,temporary_bank_failure,3,0.89,0.666,1,2026-08-02 12:42:32
505,762,7335.1,card,authentication_failure,3,0.529,0.322,1,2026-08-09 12:42:32
506,613,2354.72,upi,network_timeout,3,0.641,0.516,0,2026-08-15 12:42:32
507,1846,8712.69,netbanking,customer_abandonment,0,0.738,0.295,0,2026-08-21 12:42:32
508,977,8783.2,card,network_timeout,3,0.83,0.592,0,2026-08-07 12:42:32
509,666,7570.75,wallet,network_timeout,1,0.857,0.763,1,2026-06-12 12:42:32
510,1441,4468.11,wallet,repeated_failure,2,0.875,0.14,0,2026-06-06 12:42:32
511,1715,4614.19,upi,customer_abandonment,3,0.857,0.103,0,2026-08-22 12:42:32
512,903,2084.7,netbanking,customer_abandonment,0,0.592,0.237,1,2026-07-12 12:42:32
513,1873,3054.51,card,temporary_bank_failure,3,0.244,0.408,1,2026-07-19 12:42:32
514,1347,5153.28,card,authentication_failure,1,0.755,0.572,1,2026-06-07 12:42:32
515,1138,402.44,card,repeated_failure,2,0.329,0.02,0,2026-07-15 12:42:32
516,320,3651.28,card,repeated_failure,1,0.829,0.202,0,2026-07-22 12:42:32
517,696,7954.6,card,repeated_failure,2,0.84,0.126,0,2026-08-18 12:42:32
518,794,3016.73,wallet,temporary_bank_failure,2,0.918,0.757,1,2026-07-21 12:42:32
519,25,783.39,card,customer_abandonment,0,0.409,0.164,0,2026-08-21 12:42:32
520,188,8855.8,netbanking,temporary_bank_failure,2,0.816,0.716,1,2026-08-03 12:42:32
521,1289,2875.31,upi,insufficient_balance,3,0.625,0.26,0,2026-06-12 12:42:32
522,1379,8101.53,upi,authentication_failure,0,0.816,0.676,0,2026-07-12 12:42:32
523,1597,8702.55,netbanking,authentication_failure,1,0.72,0.558,1,2026-07-23 12:42:32
524,1770,4834.77,wallet,network_timeout,1,0.804,0.742,1,2026-08-13 12:42:32
525,184,2881.94,upi,network_timeout,3,0.958,0.643,1,2026-07-02 12:42:32
526,1051,5874.25,card,repeated_failure,2,0.376,0.02,0,2026-07-27 12:42:32
527,437,2224.82,card,customer_abandonment,2,0.798,0.159,0,2026-06-01 12:42:32
528,31,5080.53,netbanking,temporary_bank_failure,1,0.539,0.686,1,2026-06-15 12:42:32
529,1590,6857.91,wallet,network_timeout,1,0.527,0.631,1,2026-07-04 12:42:32
530,408,5249.68,upi,repeated_failure,0,0.728,0.241,0,2026-08-18 12:42:32
531,1490,1670.38,netbanking,network_timeout,1,0.862,0.765,1,2026-06-12 12:42:32
532,873,3244.11,card,network_timeout,2,0.622,0.589,1,2026-07-31 12:42:32
533,1810,8967.69,upi,repeated_failure,3,0.502,0.02,0,2026-07-16 12:42:32
534,390,7434.95,wallet,customer_abandonment,0,0.762,0.305,0,2026-06-22 12:42:32
535,1643,8442.85,card,authentication_failure,3,0.8,0.43,0,2026-06-05 12:42:32
536,911,4281.61,card,authentication_failure,1,0.993,0.667,1,2026-06-11 12:42:32
537,691,6901.49,card,customer_abandonment,1,0.932,0.293,0,2026-06-27 12:42:32
538,1753,1752.84,netbanking,insufficient_balance,0,0.524,0.46,0,2026-07-24 12:42:32
539,1560,9512.65,netbanking,network_timeout,2,0.86,0.684,0,2026-06-14 12:42:32
540,533,6379.96,netbanking,network_timeout,0,0.539,0.716,1,2026-07-09 12:42:32
541,871,4384.02,wallet,network_timeout,2,0.798,0.659,1,2026-06-09 12:42:32
542,227,618.31,card,network_timeout,0,0.23,0.592,1,2026-08-13 12:42:32
543,1124,3774.5,wallet,insufficient_balance,1,0.673,0.439,0,2026-07-01 12:42:32
544,1124,6116.75,netbanking,customer_abandonment,1,0.673,0.189,0,2026-08-18 12:42:32
545,1287,7397.26,upi,network_timeout,1,0.69,0.696,1,2026-08-05 12:42:32
546,540,5833.84,upi,repeated_failure,0,0.585,0.184,0,2026-08-13 12:42:32
547,1337,7841.95,upi,temporary_bank_failure,0,0.964,0.936,1,2026-07-04 12:42:32
548,1610,3853.03,card,repeated_failure,3,0.566,0.02,0,2026-06-06 12:42:32
549,868,411.08,upi,repeated_failure,2,0.887,0.145,0,2026-08-09 12:42:32
550,1804,198.25,wallet,repeated_failure,2,0.866,0.136,0,2026-06-27 12:42:32
551,858,3187.45,card,repeated_failure,3,0.832,0.043,0,2026-06-06 12:42:32
552,104,8585.58,upi,network_timeout,1,0.74,0.716,1,2026-06-28 12:42:32
553,175,1290.05,card,repeated_failure,1,0.494,0.068,0,2026-08-01 12:42:32
554,33,3546.15,netbanking,insufficient_balance,1,0.497,0.369,0,2026-06-07 12:42:32
555,555,5528.98,wallet,customer_abandonment,3,0.711,0.044,0,2026-06-14 12:42:32
556,160,7853.66,wallet,authentication_failure,0,0.395,0.508,1,2026-07-12 12:42:32
557,1238,9004.61,wallet,authentication_failure,0,0.916,0.716,1,2026-07-29 12:42:32
558,1229,6749.26,netbanking,network_timeout,3,0.796,0.578,0,2026-08-17 12:42:32
559,631,9914.15,wallet,customer_abandonment,1,0.642,0.177,0,2026-07-25 12:42:32
560,540,2129.31,card,repeated_failure,1,0.585,0.104,0,2026-06-30 12:42:32
561,26,3219.96,upi,temporary_bank_failure,2,0.798,0.709,1,2026-07-04 12:42:32
562,456,1722.42,netbanking,network_timeout,2,0.717,0.627,1,2026-07-08 12:42:32
563,1711,2975.99,upi,network_timeout,3,0.827,0.591,1,2026-07-26 12:42:32
564,489,6931.96,upi,repeated_failure,1,0.956,0.252,1,2026-07-05 12:42:32
565,361,1429.32,wallet,authentication_failure,1,0.765,0.576,1,2026-08-11 12:42:32
566,736,6828.24,upi,customer_abandonment,0,0.568,0.227,0,2026-06-25 12:42:32
567,598,5513.91,upi,repeated_failure,1,0.746,0.168,0,2026-08-23 12:42:32
568,990,4865.2,card,repeated_failure,0,0.867,0.297,1,2026-07-24 12:42:32
569,1745,5319.6,card,authentication_failure,2,0.701,0.47,1,2026-06-17 12:42:32
570,1705,5032.54,netbanking,network_timeout,3,0.768,0.567,0,2026-05-28 12:42:32
571,446,2669.46,wallet,temporary_bank_failure,0,0.661,0.814,0,2026-05-31 12:42:32
572,311,228.99,upi,repeated_failure,1,0.7,0.15,0,2026-07-28 12:42:32
573,1595,7013.28,upi,customer_abandonment,2,0.96,0.224,0,2026-06-21 12:42:32
574,930,4821.31,upi,customer_abandonment,3,0.413,0.02,0,2026-06-22 12:42:32
575,1451,9605.66,netbanking,temporary_bank_failure,1,0.807,0.793,1,2026-06-01 12:42:32
576,1068,189.48,card,temporary_bank_failure,0,0.848,0.889,1,2026-07-29 12:42:32
577,1962,2298.55,card,authentication_failure,3,0.885,0.464,1,2026-07-02 12:42:32
578,456,4344.15,upi,authentication_failure,0,0.717,0.637,1,2026-08-13 12:42:32
579,1197,2959.96,wallet,insufficient_balance,3,0.631,0.262,0,2026-07-23 12:42:32
580,1523,5175.93,wallet,temporary_bank_failure,2,0.784,0.704,1,2026-06-03 12:42:32
581,404,9192.42,upi,customer_abandonment,0,0.95,0.38,0,2026-05-28 12:42:32
582,718,9925.18,upi,temporary_bank_failure,0,0.523,0.759,1,2026-06-05 12:42:32
583,324,9032.14,upi,temporary_bank_failure,1,0.71,0.754,0,2026-05-31 12:42:32
584,1290,7542.54,netbanking,authentication_failure,0,0.799,0.67,1,2026-08-09 12:42:32
585,1302,2896.54,wallet,insufficient_balance,0,0.747,0.549,1,2026-08-15 12:42:32
586,824,5215.31,card,authentication_failure,1,0.884,0.624,0,2026-06-27 12:42:32
587,199,4069.32,wallet,insufficient_balance,1,0.78,0.482,0,2026-06-03 12:42:32
588,1423,2124.16,wallet,insufficient_balance,3,0.806,0.332,1,2026-08-07 12:42:32
589,112,6396.82,wallet,repeated_failure,2,0.83,0.122,1,2026-08-11 12:42:32
590,421,1041.03,netbanking,temporary_bank_failure,2,0.702,0.671,0,2026-06-26 12:42:32
591,1188,7734.12,card,insufficient_balance,1,0.618,0.417,0,2026-07-23 12:42:32
592,1977,549.49,netbanking,temporary_bank_failure,3,0.635,0.564,1,2026-06-18 12:42:32
593,863,7678.91,card,repeated_failure,0,0.893,0.307,0,2026-06-27 12:42:32
594,566,7258.97,card,repeated_failure,3,0.744,0.02,0,2026-07-19 12:42:32
595,1109,2381.12,wallet,customer_abandonment,2,0.643,0.097,1,2026-06-19 12:42:32
596,844,6664.17,netbanking,repeated_failure,2,0.568,0.02,0,2026-08-13 12:42:32
597,1367,8970.8,upi,insufficient_balance,0,0.78,0.562,0,2026-07-30 12:42:32
598,1971,3772.32,card,repeated_failure,2,0.755,0.092,0,2026-07-18 12:42:32
599,1552,5470.46,card,repeated_failure,3,0.656,0.02,0,2026-06-28 12:42:32
600,1823,304.65,upi,insufficient_balance,1,0.948,0.549,0,2026-08-17 12:42:32
601,977,519.98,wallet,authentication_failure,0,0.83,0.682,1,2026-07-09 12:42:32
602,436,7614.15,netbanking,temporary_bank_failure,1,0.888,0.825,1,2026-06-24 12:42:32
603,1753,9726.96,wallet,authentication_failure,2,0.524,0.4,0,2026-08-11 12:42:32
604,1120,9217.85,upi,authentication_failure,2,0.788,0.505,1,2026-06-30 12:42:32
605,1617,613.76,netbanking,insufficient_balance,0,0.657,0.513,1,2026-08-20 12:42:32
606,1364,8579.72,card,network_timeout,2,0.582,0.573,0,2026-07-10 12:42:32
607,109,3867.13,card,temporary_bank_failure,2,0.617,0.637,1,2026-06-19 12:42:32
608,1938,7843.5,netbanking,temporary_bank_failure,2,0.855,0.732,1,2026-06-29 12:42:32
609,1825,4432.85,upi,repeated_failure,3,0.591,0.02,0,2026-07-28 12:42:32
610,1875,5389.48,card,repeated_failure,3,0.789,0.026,0,2026-06-22 12:42:32
611,1477,8640.14,wallet,authentication_failure,0,0.435,0.524,0,2026-06-25 12:42:32
612,1507,2344.6,wallet,authentication_failure,2,0.659,0.454,0,2026-08-06 12:42:32
613,1119,2971.45,wallet,network_timeout,3,0.621,0.508,0,2026-06-30 12:42:32
614,840,9359.44,wallet,repeated_failure,1,0.737,0.165,0,2026-06-04 12:42:32
615,1203,6772.8,wallet,insufficient_balance,3,0.546,0.228,1,2026-08-14 12:42:32
616,1150,1995.13,netbanking,customer_abandonment,3,0.696,0.038,0,2026-08-21 12:42:32
617,569,6094.5,upi,network_timeout,3,0.77,0.568,0,2026-06-25 12:42:32
618,50,6807.66,netbanking,temporary_bank_failure,2,0.915,0.756,1,2026-07-10 12:42:32
619,1703,6453.17,card,network_timeout,1,0.728,0.711,0,2026-05-31 12:42:32
620,1550,7534.3,wallet,authentication_failure,3,0.845,0.448,0,2026-08-02 12:42:32
621,338,9805.65,card,insufficient_balance,1,0.527,0.381,0,2026-06-13 12:42:32
622,17,5523.07,upi,insufficient_balance,3,0.547,0.229,0,2026-06-18 12:42:32
623,1106,4285.01,wallet,insufficient_balance,2,0.659,0.354,0,2026-06-16 12:42:32
624,1019,5216.22,upi,authentication_failure,2,0.879,0.542,1,2026-08-02 12:42:32
625,586,1525.02,upi,repeated_failure,2,0.547,0.02,0,2026-07-28 12:42:32
626,1519,3043.18,wallet,repeated_failure,1,0.413,0.035,0,2026-08-07 12:42:32
627,596,5578.45,netbanking,authentication_failure,0,0.812,0.675,1,2026-06-20 12:42:32
628,1158,4561.8,upi,authentication_failure,3,0.656,0.372,0,2026-06-28 12:42:32
629,100,119.98,wallet,authentication_failure,3,0.76,0.414,0,2026-07-31 12:42:32
630,266,2209.54,netbanking,customer_abandonment,2,0.842,0.177,0,2026-08-04 12:42:32
631,868,6833.11,upi,insufficient_balance,3,0.887,0.365,0,2026-07-12 12:42:32
632,1092,4557.52,card,temporary_bank_failure,0,0.481,0.742,1,2026-06-14 12:42:32
633,1261,7420.14,upi,repeated_failure,1,0.69,0.146,0,2026-08-09 12:42:32
634,842,4392.47,netbanking,insufficient_balance,2,0.843,0.427,0,2026-06-02 12:42:32
635,1151,8627.06,wallet,temporary_bank_failure,3,0.411,0.474,1,2026-06-14 12:42:32
636,1947,5935.59,netbanking,insufficient_balance,0,0.285,0.364,0,2026-07-16 12:42:32
637,170,2119.84,wallet,insufficient_balance,2,0.818,0.417,1,2026-08-03 12:42:32
638,1135,392.09,netbanking,network_timeout,0,0.728,0.791,1,2026-06-18 12:42:32
639,299,3613.12,wallet,insufficient_balance,1,0.853,0.511,0,2026-06-29 12:42:32
640,1185,903.38,wallet,authentication_failure,3,0.511,0.314,0,2026-06-05 12:42:32
641,1574,9333.83,wallet,authentication_failure,0,0.608,0.593,0,2026-08-23 12:42:32
642,1994,2608.24,card,repeated_failure,2,0.541,0.02,0,2026-07-06 12:42:32
643,494,9215.59,card,insufficient_balance,1,0.804,0.492,0,2026-07-18 12:42:32
644,1393,9161.05,wallet,network_timeout,0,0.835,0.834,1,2026-07-01 12:42:32
645,1211,6339.45,upi,customer_abandonment,2,0.497,0.039,0,2026-07-17 12:42:32
646,420,1529.44,wallet,insufficient_balance,2,0.649,0.35,1,2026-06-24 12:42:32
647,1686,316.94,upi,authentication_failure,3,0.887,0.465,0,2026-08-19 12:42:32
648,1597,380.28,upi,authentication_failure,3,0.72,0.398,1,2026-07-02 12:42:32
649,1027,6586.22,upi,repeated_failure,0,0.569,0.178,0,2026-06-02 12:42:32
650,1008,7886.57,card,customer_abandonment,3,0.766,0.066,0,2026-06-16 12:42:32
651,963,6882.83,netbanking,customer_abandonment,2,0.577,0.071,0,2026-08-25 12:42:32
652,196,4488.73,wallet,network_timeout,1,0.402,0.581,1,2026-08-05 12:42:32
653,61,8739.09,wallet,insufficient_balance,0,0.708,0.533,1,2026-07-25 12:42:32
654,567,6358.94,wallet,customer_abandonment,0,0.546,0.218,0,2026-07-18 12:42:32
655,848,1115.42,card,temporary_bank_failure,0,0.815,0.876,1,2026-07-22 12:42:32
656,1063,8602.29,card,repeated_failure,1,0.628,0.121,0,2026-06-11 12:42:32
657,471,4448.18,upi,authentication_failure,1,0.82,0.598,1,2026-07-20 12:42:32
658,1623,6970.1,wallet,customer_abandonment,2,0.908,0.203,0,2026-07-12 12:42:32
659,1425,5365.7,upi,customer_abandonment,3,0.765,0.066,0,2026-08-04 12:42:32
660,758,289.38,upi,temporary_bank_failure,2,0.623,0.639,0,2026-06-09 12:42:32
661,634,1142.92,netbanking,insufficient_balance,3,0.897,0.369,1,2026-07-29 12:42:32
662,1035,671.55,netbanking,repeated_failure,1,0.69,0.146,0,2026-08-11 12:42:32
663,1406,6201.37,wallet,network_timeout,0,0.759,0.804,1,2026-07-24 12:42:32
664,958,6821.89,netbanking,temporary_bank_failure,3,0.597,0.549,0,2026-06-22 12:42:32
665,1949,4178.39,upi,insufficient_balance,1,0.808,0.493,0,2026-07-09 12:42:32
666,239,6095.82,wallet,customer_abandonment,3,0.93,0.132,0,2026-07-18 12:42:32
667,640,2141.9,card,insufficient_balance,0,0.618,0.497,0,2026-06-20 12:42:32
668,1031,9519.28,card,insufficient_balance,0,0.555,0.472,1,2026-08-09 12:42:32
669,171,4795.12,netbanking,temporary_bank_failure,2,0.922,0.759,0,2026-07-25 12:42:32
670,794,198.79,wallet,network_timeout,3,0.918,0.627,0,2026-07-01 12:42:32
671,1857,8754.29,card,customer_abandonment,0,0.491,0.196,0,2026-07-06 12:42:32
672,630,4567.81,netbanking,temporary_bank_failure,2,0.93,0.762,0,2026-07-16 12:42:32
673,429,849.43,netbanking,authentication_failure,1,0.889,0.626,0,2026-08-08 12:42:32
674,435,515.66,wallet,insufficient_balance,1,0.774,0.48,1,2026-06-30 12:42:32
675,1896,758.99,netbanking,network_timeout,0,0.692,0.777,0,2026-06-05 12:42:32
676,834,9893.26,card,customer_abandonment,3,0.7,0.04,0,2026-06-20 12:42:32
677,1875,7319.42,upi,authentication_failure,3,0.789,0.426,1,2026-06-25 12:42:32
678,644,7255.1,wallet,authentication_failure,1,0.317,0.397,1,2026-07-27 12:42:32
679,1259,8439.02,upi,insufficient_balance,0,0.55,0.47,1,2026-06-26 12:42:32
680,1528,7688.5,wallet,temporary_bank_failure,1,0.296,0.588,1,2026-07-12 12:42:32
681,1854,1489.21,wallet,insufficient_balance,0,0.638,0.505,1,2026-07-13 12:42:32
682,1565,6658.59,netbanking,authentication_failure,2,0.862,0.535,0,2026-07-28 12:42:32
683,1466,7611.28,wallet,temporary_bank_failure,2,0.702,0.671,1,2026-05-28 12:42:32
684,804,5462.3,card,insufficient_balance,1,0.577,0.401,1,2026-07-15 12:42:32
685,1469,2782.33,netbanking,customer_abandonment,3,0.74,0.056,0,2026-06-30 12:42:32
686,1064,8628.99,netbanking,customer_abandonment,1,0.692,0.197,0,2026-07-13 12:42:32
687,395,6991.95,upi,temporary_bank_failure,3,0.805,0.632,1,2026-08-03 12:42:32
688,658,4367.76,wallet,repeated_failure,1,0.682,0.143,0,2026-06-20 12:42:32
689,678,2327.91,upi,authentication_failure,1,0.915,0.636,1,2026-07-29 12:42:32
690,1941,2265.28,upi,insufficient_balance,3,0.837,0.345,0,2026-06-13 12:42:32
691,999,8234.31,netbanking,customer_abandonment,3,0.658,0.023,0,2026-06-17 12:42:32
692,1364,7503.6,card,insufficient_balance,0,0.582,0.483,1,2026-08-25 12:42:32
693,1701,4210.89,upi,repeated_failure,3,0.934,0.084,0,2026-08-21 12:42:32
694,828,7859.35,upi,repeated_failure,0,0.821,0.278,0,2026-06-28 12:42:32
695,1528,9961.96,netbanking,customer_abandonment,1,0.296,0.038,0,2026-08-18 12:42:32
696,331,7097.69,upi,temporary_bank_failure,1,0.519,0.678,1,2026-08-06 12:42:32
697,1676,7507.02,card,authentication_failure,3,0.729,0.402,0,2026-06-20 12:42:32
698,365,5754.51,netbanking,authentication_failure,3,0.425,0.28,0,2026-07-22 12:42:32
699,1012,8506.87,netbanking,authentication_failure,1,0.729,0.562,0,2026-07-09 12:42:32
700,501,242.38,upi,authentication_failure,1,0.8,0.59,0,2026-07-08 12:42:32
701,992,1413.18,wallet,network_timeout,3,0.833,0.593,0,2026-08-23 12:42:32
702,1232,4083.12,card,customer_abandonment,2,0.78,0.152,0,2026-06-26 12:42:32
703,1565,6793.64,netbanking,authentication_failure,0,0.862,0.695,1,2026-08-06 12:42:32
704,1072,9289.0,netbanking,authentication_failure,1,0.601,0.51,1,2026-07-29 12:42:32
705,1733,9956.75,card,authentication_failure,3,0.88,0.462,0,2026-07-15 12:42:32
706,1492,5089.64,card,repeated_failure,3,0.762,0.02,0,2026-08-08 12:42:32
707,1179,1189.63,upi,repeated_failure,2,0.719,0.078,0,2026-08-21 12:42:32
708,1367,7001.64,netbanking,temporary_bank_failure,0,0.78,0.862,1,2026-08-04 12:42:32
709,1875,8121.56,wallet,temporary_bank_failure,0,0.789,0.866,1,2026-06-11 12:42:32
710,406,6710.83,upi,repeated_failure,0,0.469,0.138,0,2026-07-07 12:42:32
711,1428,347.17,wallet,insufficient_balance,2,0.624,0.34,0,2026-08-14 12:42:32
712,1320,9613.11,wallet,repeated_failure,2,0.35,0.02,0,2026-05-28 12:42:32
713,1118,5886.55,card,customer_abandonment,0,0.664,0.266,0,2026-07-21 12:42:32
714,1462,5969.12,netbanking,insufficient_balance,3,0.604,0.252,0,2026-08-06 12:42:32
715,1032,2384.87,wallet,customer_abandonment,0,0.479,0.192,0,2026-07-02 12:42:32
716,1168,6008.09,upi,repeated_failure,3,0.873,0.059,0,2026-07-01 12:42:32
717,944,8020.73,card,authentication_failure,3,0.634,0.364,0,2026-07-22 12:42:32
718,179,8983.92,card,network_timeout,2,0.46,0.524,0,2026-06-30 12:42:32
719,1288,1366.58,upi,customer_abandonment,3,0.64,0.02,0,2026-08-14 12:42:32
720,945,8929.74,wallet,temporary_bank_failure,0,0.407,0.713,1,2026-08-15 12:42:32
721,1122,2186.85,netbanking,insufficient_balance,1,0.319,0.298,0,2026-07-07 12:42:32
722,1382,1758.16,wallet,insufficient_balance,0,0.846,0.588,1,2026-07-20 12:42:32
723,1662,1232.87,wallet,temporary_bank_failure,3,0.908,0.673,1,2026-08-15 12:42:32
724,110,303.16,upi,customer_abandonment,1,0.726,0.21,0,2026-07-08 12:42:32
725,1444,719.39,card,customer_abandonment,0,0.384,0.154,0,2026-08-22 12:42:32
726,1247,857.15,wallet,insufficient_balance,3,0.619,0.258,1,2026-05-31 12:42:32
727,790,3093.95,netbanking,insufficient_balance,3,0.665,0.276,0,2026-06-25 12:42:32
728,453,5104.54,upi,repeated_failure,1,0.526,0.08,0,2026-07-13 12:42:32
729,1136,8766.52,upi,network_timeout,0,0.704,0.782,1,2026-06-30 12:42:32
730,1463,4244.21,card,insufficient_balance,0,0.674,0.52,1,2026-05-29 12:42:32
731,688,9918.55,netbanking,insufficient_balance,0,0.657,0.513,0,2026-08-11 12:42:32
732,1999,7675.09,card,customer_abandonment,3,0.704,0.042,0,2026-06-02 12:42:32
733,1106,6594.94,wallet,customer_abandonment,3,0.659,0.024,0,2026-06-04 12:42:32
734,444,8017.21,netbanking,temporary_bank_failure,3,0.483,0.503,1,2026-06-19 12:42:32
735,187,1347.42,wallet,temporary_bank_failure,0,0.854,0.892,1,2026-08-20 12:42:32
736,979,5177.68,card,customer_abandonment,1,0.191,0.02,0,2026-08-22 12:42:32
737,1575,6650.51,card,temporary_bank_failure,1,0.9,0.83,1,2026-07-04 12:42:32
738,1758,4958.57,wallet,authentication_failure,1,0.648,0.529,0,2026-08-04 12:42:32
739,608,9702.27,upi,customer_abandonment,3,0.801,0.08,0,2026-08-20 12:42:32
740,1230,3737.17,upi,authentication_failure,2,0.936,0.564,1,2026-06-28 12:42:32
741,1823,3442.73,netbanking,customer_abandonment,3,0.948,0.139,0,2026-07-16 12:42:32
742,287,8753.31,card,repeated_failure,2,0.827,0.121,0,2026-08-22 12:42:32
743,525,6042.79,netbanking,customer_abandonment,0,0.963,0.385,0,2026-06-10 12:42:32
744,337,4637.4,wallet,repeated_failure,2,0.908,0.153,0,2026-08-02 12:42:32
745,1082,496.59,netbanking,insufficient_balance,1,0.813,0.495,0,2026-06-28 12:42:32
746,1498,4733.88,card,authentication_failure,0,0.551,0.57,0,2026-06-26 12:42:32
747,1296,4356.85,upi,insufficient_balance,0,0.946,0.628,0,2026-08-13 12:42:32
748,608,7110.41,card,insufficient_balance,1,0.801,0.49,1,2026-06-02 12:42:32
749,606,3470.07,wallet,customer_abandonment,3,0.579,0.02,0,2026-08-11 12:42:32
750,1225,7758.17,upi,network_timeout,0,0.78,0.812,1,2026-07-05 12:42:32
751,926,4437.97,card,temporary_bank_failure,1,0.528,0.681,0,2026-07-13 12:42:32
752,739,2233.46,upi,authentication_failure,3,0.742,0.407,1,2026-06-09 12:42:32
753,1017,2882.39,wallet,temporary_bank_failure,1,0.714,0.756,1,2026-07-15 12:42:32
754,1726,5727.8,netbanking,authentication_failure,2,0.5,0.39,0,2026-07-25 12:42:32
755,506,5701.24,card,customer_abandonment,2,0.776,0.15,0,2026-06-01 12:42:32
756,946,7519.32,card,repeated_failure,2,0.721,0.078,0,2026-07-08 12:42:32
757,227,2995.91,netbanking,authentication_failure,0,0.23,0.442,0,2026-06-24 12:42:32
758,104,2728.41,netbanking,authentication_failure,0,0.74,0.646,0,2026-07-01 12:42:32
759,1052,9476.9,upi,insufficient_balance,2,0.702,0.371,0,2026-06-01 12:42:32
760,1242,3463.73,netbanking,temporary_bank_failure,0,0.812,0.875,1,2026-07-25 12:42:32
761,977,6264.63,wallet,temporary_bank_failure,1,0.83,0.802,1,2026-07-01 12:42:32
762,796,3499.53,upi,temporary_bank_failure,3,0.816,0.636,1,2026-06-11 12:42:32
763,968,2065.06,wallet,insufficient_balance,2,0.907,0.453,1,2026-08-10 12:42:32
764,184,1589.68,netbanking,network_timeout,1,0.958,0.803,1,2026-07-23 12:42:32
765,1603,4762.51,wallet,insufficient_balance,1,0.752,0.471,0,2026-08-06 12:42:32
766,1984,9053.16,netbanking,insufficient_balance,0,0.547,0.469,1,2026-07-30 12:42:32
767,464,4677.67,netbanking,temporary_bank_failure,0,0.729,0.842,1,2026-07-31 12:42:32
768,1711,8857.41,netbanking,insufficient_balance,3,0.827,0.341,0,2026-08-22 12:42:32
769,87,1987.04,upi,temporary_bank_failure,1,0.631,0.722,0,2026-08-05 12:42:32
770,985,8242.7,card,network_timeout,0,0.677,0.771,1,2026-07-19 12:42:32
771,1789,1457.19,upi,insufficient_balance,2,0.949,0.47,1,2026-08-05 12:42:32
772,984,5512.29,upi,temporary_bank_failure,0,0.681,0.822,1,2026-07-10 12:42:32
773,471,9322.39,netbanking,network_timeout,3,0.82,0.588,0,2026-08-03 12:42:32
774,192,4055.24,wallet,authentication_failure,0,0.847,0.689,0,2026-06-15 12:42:32
775,503,7821.88,card,authentication_failure,1,0.754,0.572,0,2026-07-02 12:42:32
776,549,5892.28,card,authentication_failure,0,0.658,0.613,1,2026-08-24 12:42:32
777,1473,6621.3,netbanking,network_timeout,3,0.82,0.588,1,2026-07-18 12:42:32
778,1626,7506.79,netbanking,customer_abandonment,3,0.916,0.126,0,2026-07-03 12:42:32
779,732,2670.74,upi,insufficient_balance,2,0.938,0.465,0,2026-07-01 12:42:32
780,1519,1245.44,netbanking,insufficient_balance,0,0.413,0.415,0,2026-07-02 12:42:32
781,278,5786.92,netbanking,customer_abandonment,0,0.661,0.264,0,2026-07-03 12:42:32
782,1450,8224.89,netbanking,customer_abandonment,1,0.674,0.19,0,2026-06-07 12:42:32
783,8,612.68,netbanking,repeated_failure,1,0.64,0.126,0,2026-08-09 12:42:32
784,166,4873.11,wallet,temporary_bank_failure,1,0.725,0.76,1,2026-08-12 12:42:32
785,1263,8253.87,netbanking,customer_abandonment,2,0.914,0.206,0,2026-07-26 12:42:32
786,1269,1274.57,wallet,authentication_failure,1,0.385,0.424,1,2026-08-03 12:42:32
787,1241,9377.38,upi,insufficient_balance,1,0.596,0.408,1,2026-06-17 12:42:32
788,571,3387.89,upi,insufficient_balance,0,0.151,0.31,0,2026-08-13 12:42:32
789,903,5171.77,netbanking,network_timeout,2,0.592,0.577,0,2026-07-22 12:42:32
790,1361,2391.65,netbanking,authentication_failure,2,0.438,0.365,0,2026-07-09 12:42:32
791,44,3797.23,card,customer_abandonment,2,0.891,0.196,0,2026-07-25 12:42:32
792,1188,6790.65,upi,customer_abandonment,1,0.618,0.167,0,2026-06-08 12:42:32
793,1775,5607.65,wallet,repeated_failure,3,0.788,0.025,0,2026-06-25 12:42:32
794,1412,1765.22,upi,customer_abandonment,0,0.822,0.329,0,2026-08-23 12:42:32
795,758,9585.37,netbanking,authentication_failure,0,0.623,0.599,0,2026-06-16 12:42:32
796,1528,3858.21,netbanking,network_timeout,0,0.296,0.618,0,2026-07-27 12:42:32
797,1482,526.22,upi,repeated_failure,0,0.724,0.24,0,2026-06-27 12:42:32
798,1634,1549.72,upi,authentication_failure,0,0.574,0.58,1,2026-07-01 12:42:32
799,1658,1165.38,upi,customer_abandonment,0,0.162,0.065,0,2026-07-25 12:42:32
800,1642,4891.8,netbanking,insufficient_balance,3,0.656,0.272,0,2026-06-13 12:42:32
801,1236,8855.12,wallet,repeated_failure,2,0.689,0.066,0,2026-08-15 12:42:32
802,811,9660.9,wallet,temporary_bank_failure,3,0.701,0.59,1,2026-06-04 12:42:32
803,1925,8073.76,wallet,repeated_failure,1,0.854,0.212,1,2026-08-04 12:42:32
804,1904,9904.29,card,authentication_failure,2,0.783,0.503,0,2026-06-11 12:42:32
805,599,4366.74,card,repeated_failure,2,0.88,0.142,0,2026-08-03 12:42:32
806,714,2304.49,card,authentication_failure,2,0.757,0.493,0,2026-05-31 12:42:32
807,30,1391.96,wallet,temporary_bank_failure,3,0.896,0.668,1,2026-08-01 12:42:32
808,1610,932.86,upi,repeated_failure,1,0.566,0.096,0,2026-07-16 12:42:32
809,1049,6064.25,netbanking,repeated_failure,1,0.777,0.181,1,2026-06-12 12:42:32
810,1547,9487.69,card,customer_abandonment,2,0.471,0.028,0,2026-06-23 12:42:32
811,894,455.71,wallet,insufficient_balance,1,0.62,0.418,1,2026-06-12 12:42:32
812,784,3989.66,netbanking,temporary_bank_failure,0,0.912,0.915,1,2026-08-10 12:42:32
813,262,3205.69,wallet,temporary_bank_failure,2,0.526,0.6,1,2026-06-11 12:42:32
814,1724,9740.62,wallet,customer_abandonment,1,0.637,0.175,1,2026-07-30 12:42:32
815,283,600.67,netbanking,repeated_failure,3,0.609,0.02,0,2026-07-14 12:42:32
816,17,2338.18,card,customer_abandonment,0,0.547,0.219,1,2026-05-28 12:42:32
817,720,600.54,wallet,network_timeout,2,0.78,0.652,0,2026-07-27 12:42:32
818,1687,6661.68,upi,repeated_failure,3,0.727,0.02,0,2026-07-20 12:42:32
819,797,4006.27,netbanking,authentication_failure,1,0.661,0.534,0,2026-06-10 12:42:32
820,618,3034.28,wallet,customer_abandonment,2,0.369,0.02,0,2026-08-06 12:42:32
821,281,3674.64,netbanking,repeated_failure,1,0.863,0.215,1,2026-08-08 12:42:32
822,965,5889.9,wallet,repeated_failure,2,0.519,0.02,0,2026-08-13 12:42:32
823,1451,2672.3,upi,repeated_failure,1,0.807,0.193,0,2026-07-21 12:42:32
824,841,6516.24,netbanking,authentication_failure,3,0.622,0.359,0,2026-06-30 12:42:32
825,148,8261.07,wallet,temporary_bank_failure,1,0.517,0.677,1,2026-05-31 12:42:32
826,638,912.03,card,authentication_failure,3,0.342,0.247,0,2026-07-23 12:42:32
827,589,1646.39,card,insufficient_balance,2,0.833,0.423,1,2026-07-26 12:42:32
828,384,5120.12,card,authentication_failure,2,0.778,0.501,1,2026-07-04 12:42:32
829,288,4170.79,netbanking,insufficient_balance,1,0.672,0.439,0,2026-05-30 12:42:32
830,1809,9350.89,netbanking,repeated_failure,2,0.665,0.056,0,2026-08-15 12:42:32
831,887,6071.6,wallet,customer_abandonment,2,0.937,0.215,0,2026-06-06 12:42:32
832,1249,2030.59,wallet,authentication_failure,2,0.658,0.453,1,2026-06-16 12:42:32
833,1410,5165.22,wallet,insufficient_balance,2,0.822,0.419,1,2026-07-17 12:42:32
834,818,8484.18,netbanking,authentication_failure,3,0.643,0.367,1,2026-07-30 12:42:32
835,881,7681.71,upi,repeated_failure,1,0.249,0.02,0,2026-07-27 12:42:32
836,1620,7708.96,wallet,repeated_failure,0,0.456,0.132,0,2026-07-15 12:42:32
837,808,6645.29,card,temporary_bank_failure,1,0.786,0.784,1,2026-07-20 12:42:32
838,1270,1307.87,upi,customer_abandonment,1,0.597,0.159,1,2026-07-16 12:42:32
839,336,4837.43,wallet,insufficient_balance,1,0.634,0.424,1,2026-06-14 12:42:32
840,588,6265.05,card,insufficient_balance,0,0.569,0.478,1,2026-08-06 12:42:32
841,1063,4321.34,upi,network_timeout,3,0.628,0.511,0,2026-07-30 12:42:32
842,1410,4039.05,upi,temporary_bank_failure,2,0.822,0.719,0,2026-07-29 12:42:32
843,1364,5052.76,netbanking,customer_abandonment,1,0.582,0.153,0,2026-08-08 12:42:32
844,1752,9180.95,upi,repeated_failure,3,0.698,0.02,0,2026-06-17 12:42:32
845,36,7295.7,wallet,customer_abandonment,2,0.632,0.093,0,2026-07-01 12:42:32
846,729,6828.37,card,temporary_bank_failure,1,0.574,0.7,1,2026-08-03 12:42:32
847,480,908.51,netbanking,customer_abandonment,0,0.504,0.202,0,2026-06-09 12:42:32
848,1767,6877.8,upi,repeated_failure,0,0.896,0.308,0,2026-08-12 12:42:32
849,317,8153.0,wallet,repeated_failure,0,0.802,0.271,0,2026-07-13 12:42:32
850,610,8953.22,card,customer_abandonment,2,0.646,0.098,0,2026-06-09 12:42:32
851,847,234.98,card,authentication_failure,2,0.702,0.471,1,2026-06-04 12:42:32
852,1134,5448.96,upi,repeated_failure,3,0.706,0.02,0,2026-06-03 12:42:32
853,291,5575.81,card,customer_abandonment,2,0.856,0.182,0,2026-08-04 12:42:32
854,1986,3948.39,card,customer_abandonment,0,0.794,0.318,0,2026-08-25 12:42:32
855,1748,902.28,netbanking,network_timeout,2,0.637,0.595,0,2026-05-30 12:42:32
856,1995,8748.82,upi,customer_abandonment,2,0.852,0.181,0,2026-06-20 12:42:32
857,193,3126.87,card,insufficient_balance,0,0.677,0.521,1,2026-06-03 12:42:32
858,1350,1418.78,wallet,customer_abandonment,2,0.495,0.038,0,2026-06-18 12:42:32
859,1499,5769.16,wallet,network_timeout,3,0.952,0.641,0,2026-08-22 12:42:32
860,243,7329.47,netbanking,repeated_failure,0,0.788,0.265,0,2026-08-13 12:42:32
861,188,3144.54,upi,temporary_bank_failure,2,0.816,0.716,1,2026-06-01 12:42:32
862,1067,1342.94,wallet,authentication_failure,1,0.526,0.48,0,2026-07-31 12:42:32
863,1943,5459.61,card,authentication_failure,3,0.602,0.351,0,2026-07-18 12:42:32
864,435,5489.01,netbanking,network_timeout,1,0.774,0.73,1,2026-07-15 12:42:32
865,411,5279.81,upi,authentication_failure,2,0.897,0.549,0,2026-07-11 12:42:32
866,1908,6175.02,card,repeated_failure,0,0.846,0.288,0,2026-06-15 12:42:32
867,1467,8946.99,upi,network_timeout,2,0.823,0.669,1,2026-06-26 12:42:32
868,1348,7047.21,wallet,temporary_bank_failure,1,0.695,0.748,1,2026-07-06 12:42:32
869,1653,7350.65,upi,customer_abandonment,3,0.485,0.02,0,2026-05-29 12:42:32
870,381,3380.39,upi,repeated_failure,1,0.881,0.222,0,2026-07-08 12:42:32
871,7,4181.57,upi,repeated_failure,1,0.726,0.16,0,2026-07-12 12:42:32
872,791,5839.34,wallet,insufficient_balance,0,0.751,0.55,1,2026-07-03 12:42:32
873,1565,5108.72,card,authentication_failure,1,0.862,0.615,1,2026-08-09 12:42:32
874,963,9416.38,upi,repeated_failure,0,0.577,0.181,1,2026-05-29 12:42:32
875,947,6178.4,upi,repeated_failure,0,0.783,0.263,0,2026-07-19 12:42:32
876,1344,7331.88,upi,temporary_bank_failure,0,0.611,0.794,0,2026-07-16 12:42:32
877,330,6057.89,card,insufficient_balance,0,0.806,0.572,1,2026-07-05 12:42:32
878,673,3978.25,wallet,temporary_bank_failure,1,0.576,0.7,1,2026-08-22 12:42:32
879,427,2227.67,upi,repeated_failure,2,0.481,0.02,0,2026-06-14 12:42:32
880,189,3520.26,wallet,authentication_failure,2,0.779,0.502,1,2026-07-14 12:42:32
881,1307,4023.49,card,repeated_failure,3,0.847,0.049,0,2026-07-10 12:42:32
882,1787,5997.23,netbanking,authentication_failure,0,0.681,0.622,1,2026-07-11 12:42:32
883,1968,2087.63,wallet,temporary_bank_failure,1,0.879,0.822,1,2026-08-14 12:42:32
884,222,3139.03,upi,network_timeout,2,0.814,0.666,0,2026-08-25 12:42:32
885,383,9712.31,upi,insufficient_balance,0,0.605,0.492,1,2026-07-13 12:42:32
886,1736,5211.2,netbanking,repeated_failure,2,0.437,0.02,0,2026-07-27 12:42:32
887,1785,1576.49,card,insufficient_balance,3,0.4,0.17,0,2026-07-30 12:42:32
888,1447,952.71,upi,temporary_bank_failure,2,0.702,0.671,1,2026-06-25 12:42:32
889,1141,338.69,wallet,insufficient_balance,3,0.928,0.381,1,2026-08-23 12:42:32
890,1159,3893.83,upi,authentication_failure,0,0.614,0.596,0,2026-06-28 12:42:32
891,1631,8280.77,netbanking,insufficient_balance,1,0.836,0.504,1,2026-05-30 12:42:32
892,22,9360.24,wallet,insufficient_balance,1,0.719,0.458,0,2026-06-30 12:42:32
893,1109,8676.3,wallet,authentication_failure,2,0.643,0.447,0,2026-07-06 12:42:32
894,1655,308.11,card,temporary_bank_failure,1,0.946,0.848,1,2026-05-31 12:42:32
895,197,5281.67,card,insufficient_balance,1,0.937,0.545,1,2026-08-11 12:42:32
896,1991,1717.33,netbanking,customer_abandonment,2,0.85,0.18,0,2026-07-28 12:42:32
897,975,3912.52,upi,authentication_failure,1,0.21,0.354,0,2026-08-07 12:42:32
898,1091,4796.91,wallet,insufficient_balance,2,0.404,0.252,1,2026-07-12 12:42:32
899,1160,8792.53,netbanking,customer_abandonment,3,0.683,0.033,0,2026-06-16 12:42:32
900,15,1934.24,upi,repeated_failure,3,0.374,0.02,0,2026-07-13 12:42:32
901,1,5933.22,netbanking,insufficient_balance,3,0.796,0.328,1,2026-05-29 12:42:32
902,306,1356.75,card,network_timeout,1,0.877,0.771,1,2026-06-09 12:42:32
903,937,685.15,card,network_timeout,1,0.736,0.714,1,2026-07-14 12:42:32
904,1049,3883.18,upi,insufficient_balance,1,0.777,0.481,1,2026-06-28 12:42:32
905,1468,6454.01,wallet,temporary_bank_failure,2,0.623,0.639,0,2026-08-17 12:42:32
906,232,3420.18,wallet,network_timeout,1,0.737,0.715,0,2026-06-20 12:42:32
907,922,9635.27,wallet,repeated_failure,2,0.491,0.02,0,2026-08-13 12:42:32
908,1733,1872.41,wallet,temporary_bank_failure,2,0.88,0.742,1,2026-06-13 12:42:32
909,813,9232.1,netbanking,insufficient_balance,2,0.807,0.413,0,2026-07-02 12:42:32
910,1739,3316.74,netbanking,authentication_failure,1,0.827,0.601,0,2026-07-12 12:42:32
911,1452,4155.76,card,temporary_bank_failure,2,0.563,0.615,1,2026-07-01 12:42:32
912,1526,8123.64,upi,authentication_failure,3,0.683,0.383,0,2026-06-28 12:42:32
913,1313,8061.24,wallet,authentication_failure,0,0.749,0.65,1,2026-07-20 12:42:32
914,410,6557.52,upi,authentication_failure,3,0.824,0.44,0,2026-06-10 12:42:32
915,1662,685.85,upi,network_timeout,3,0.908,0.623,0,2026-06-27 12:42:32
916,685,1671.49,wallet,repeated_failure,2,0.182,0.02,0,2026-07-31 12:42:32
917,1768,4149.94,card,customer_abandonment,1,0.862,0.265,0,2026-06-23 12:42:32
918,1367,4242.06,netbanking,authentication_failure,1,0.78,0.582,0,2026-08-08 12:42:32
919,1879,4770.22,card,temporary_bank_failure,2,0.611,0.634,1,2026-07-13 12:42:32
920,1490,349.47,netbanking,authentication_failure,1,0.862,0.615,1,2026-07-09 12:42:32
921,340,3372.55,upi,authentication_failure,0,0.803,0.671,1,2026-07-26 12:42:32
922,533,6140.07,wallet,insufficient_balance,0,0.539,0.466,1,2026-08-06 12:42:32
923,101,703.19,card,repeated_failure,3,0.725,0.02,0,2026-08-01 12:42:32
924,58,5012.77,card,insufficient_balance,0,0.664,0.516,1,2026-08-20 12:42:32
925,1965,1136.29,upi,authentication_failure,2,0.762,0.495,1,2026-08-02 12:42:32
926,1555,5550.26,wallet,insufficient_balance,0,0.609,0.494,1,2026-07-22 12:42:32
927,702,2827.81,wallet,temporary_bank_failure,0,0.644,0.808,0,2026-05-29 12:42:32
928,1936,8120.59,card,insufficient_balance,2,0.753,0.391,0,2026-07-03 12:42:32
929,1523,3341.47,card,temporary_bank_failure,0,0.784,0.864,1,2026-07-02 12:42:32
930,1426,5595.82,card,insufficient_balance,1,0.852,0.511,0,2026-06-17 12:42:32
931,1888,1855.53,wallet,temporary_bank_failure,2,0.628,0.641,1,2026-07-27 12:42:32
932,756,244.63,wallet,insufficient_balance,0,0.81,0.574,0,2026-08-11 12:42:32
933,516,8006.69,card,temporary_bank_failure,3,0.593,0.547,1,2026-08-11 12:42:32
934,1635,7099.45,wallet,temporary_bank_failure,0,0.627,0.801,1,2026-08-08 12:42:32
935,623,9324.23,card,insufficient_balance,1,0.899,0.53,0,2026-06-26 12:42:32
936,1119,6421.04,wallet,temporary_bank_failure,2,0.621,0.638,1,2026-08-17 12:42:32
937,990,2284.45,netbanking,customer_abandonment,0,0.867,0.347,1,2026-07-21 12:42:32
938,376,3630.06,wallet,customer_abandonment,3,0.673,0.029,0,2026-07-05 12:42:32
939,199,4165.76,upi,insufficient_balance,2,0.78,0.402,0,2026-06-23 12:42:32
940,1511,3920.8,netbanking,customer_abandonment,1,0.558,0.143,0,2026-05-29 12:42:32
941,799,3996.2,wallet,insufficient_balance,0,0.811,0.574,1,2026-08-01 12:42:32
942,1037,6356.99,netbanking,insufficient_balance,2,0.634,0.344,0,2026-06-29 12:42:32
943,1123,6487.66,netbanking,insufficient_balance,3,0.385,0.164,0,2026-06-01 12:42:32
944,1851,5281.73,netbanking,network_timeout,1,0.777,0.731,0,2026-05-30 12:42:32
945,1385,7537.66,netbanking,network_timeout,2,0.878,0.691,0,2026-08-12 12:42:32
946,945,6451.53,upi,authentication_failure,1,0.407,0.433,1,2026-05-29 12:42:32
947,1168,8142.67,wallet,repeated_failure,1,0.873,0.219,0,2026-06-04 12:42:32
948,1578,9269.43,netbanking,temporary_bank_failure,2,0.868,0.737,0,2026-07-23 12:42:32
949,548,6934.2,upi,temporary_bank_failure,2,0.8,0.71,0,2026-08-01 12:42:32
950,1463,6492.68,upi,temporary_bank_failure,1,0.674,0.74,1,2026-07-29 12:42:32
951,899,150.88,upi,authentication_failure,2,0.863,0.535,0,2026-08-05 12:42:32
952,566,8138.27,netbanking,repeated_failure,3,0.744,0.02,0,2026-06-01 12:42:32
953,1083,7079.9,card,temporary_bank_failure,2,0.227,0.481,1,2026-06-19 12:42:32
954,1059,1771.7,netbanking,authentication_failure,3,0.746,0.408,0,2026-08-25 12:42:32
955,1755,3895.63,netbanking,repeated_failure,0,0.465,0.136,0,2026-07-15 12:42:32
956,1909,4077.75,upi,temporary_bank_failure,0,0.825,0.88,1,2026-06-06 12:42:32
957,1763,8312.67,wallet,customer_abandonment,3,0.949,0.14,0,2026-08-12 12:42:32
958,447,3693.53,card,customer_abandonment,0,0.684,0.274,0,2026-08-03 12:42:32
959,1874,8875.17,upi,insufficient_balance,2,0.756,0.392,1,2026-07-30 12:42:32
960,271,2407.42,wallet,insufficient_balance,2,0.639,0.346,1,2026-07-10 12:42:32
961,973,7777.5,upi,temporary_bank_failure,3,0.686,0.584,1,2026-08-13 12:42:32
962,1025,2630.83,upi,insufficient_balance,1,0.684,0.444,1,2026-06-05 12:42:32
963,502,5104.66,netbanking,customer_abandonment,0,0.814,0.326,0,2026-08-12 12:42:32
964,392,4792.66,upi,authentication_failure,0,0.591,0.586,0,2026-07-01 12:42:32
965,1118,4279.7,wallet,customer_abandonment,0,0.664,0.266,0,2026-08-10 12:42:32
966,306,4247.8,wallet,insufficient_balance,0,0.877,0.601,1,2026-08-24 12:42:32
967,1156,3276.46,netbanking,customer_abandonment,1,0.856,0.262,0,2026-05-29 12:42:32
968,325,116.27,wallet,customer_abandonment,2,0.874,0.19,1,2026-06-14 12:42:32
969,709,1143.51,card,insufficient_balance,2,0.548,0.309,0,2026-06-23 12:42:32
970,1750,1761.36,upi,repeated_failure,1,0.848,0.209,0,2026-08-08 12:42:32
971,327,4362.3,netbanking,temporary_bank_failure,3,0.987,0.705,1,2026-06-05 12:42:32
972,1307,6251.17,netbanking,authentication_failure,3,0.847,0.449,1,2026-07-02 12:42:32
973,228,1169.49,upi,network_timeout,1,0.886,0.774,1,2026-05-30 12:42:32
974,1080,903.53,card,temporary_bank_failure,1,0.596,0.708,1,2026-07-14 12:42:32
975,295,8786.78,upi,customer_abandonment,1,0.835,0.254,0,2026-07-27 12:42:32
976,762,473.21,upi,insufficient_balance,2,0.529,0.302,0,2026-08-19 12:42:32
977,1320,7846.75,upi,repeated_failure,3,0.35,0.02,0,2026-07-05 12:42:32
978,882,7093.08,card,authentication_failure,1,0.774,0.58,0,2026-07-10 12:42:32
979,1868,1306.61,netbanking,insufficient_balance,1,0.456,0.352,1,2026-05-30 12:42:32
980,1435,3147.41,wallet,repeated_failure,0,0.706,0.232,1,2026-07-10 12:42:32
981,1991,5599.94,upi,authentication_failure,2,0.85,0.53,1,2026-06-25 12:42:32
982,286,9777.21,upi,customer_abandonment,1,0.69,0.196,0,2026-07-16 12:42:32
983,554,9538.69,card,insufficient_balance,3,0.77,0.318,0,2026-08-09 12:42:32
984,1318,1726.44,netbanking,repeated_failure,1,0.731,0.162,0,2026-06-20 12:42:32
985,1592,798.3,card,authentication_failure,2,0.339,0.326,0,2026-08-25 12:42:32
986,820,1274.74,card,customer_abandonment,0,0.95,0.38,0,2026-08-05 12:42:32
987,1973,8554.03,netbanking,network_timeout,3,0.711,0.544,1,2026-06-22 12:42:32
988,1636,9101.1,wallet,insufficient_balance,0,0.75,0.55,0,2026-08-19 12:42:32
989,1964,5086.71,netbanking,customer_abandonment,1,0.696,0.198,0,2026-06-19 12:42:32
990,1230,1682.81,wallet,repeated_failure,2,0.936,0.164,0,2026-07-07 12:42:32
991,125,8315.23,card,temporary_bank_failure,1,0.94,0.846,1,2026-06-03 12:42:32
992,129,5515.75,netbanking,repeated_failure,1,0.638,0.125,0,2026-08-20 12:42:32
993,45,9513.1,netbanking,temporary_bank_failure,0,0.695,0.828,0,2026-07-13 12:42:32
994,27,526.69,card,insufficient_balance,0,0.766,0.556,0,2026-06-30 12:42:32
995,1093,7658.81,upi,customer_abandonment,0,0.878,0.351,0,2026-07-19 12:42:32
996,1655,3491.65,card,repeated_failure,2,0.946,0.168,0,2026-07-28 12:42:32
997,546,5357.98,card,temporary_bank_failure,2,0.688,0.665,0,2026-07-25 12:42:32
998,287,783.47,netbanking,insufficient_balance,0,0.827,0.581,1,2026-07-05 12:42:32
999,1760,6229.76,netbanking,repeated_failure,1,0.907,0.233,0,2026-08-05 12:42:32
1000,126,4317.38,card,network_timeout,2,0.684,0.614,1,2026-07-15 12:42:32
1001,1843,5906.47,wallet,network_timeout,3,0.658,0.523,1,2026-07-30 12:42:32
1002,284,4743.5,wallet,temporary_bank_failure,1,0.859,0.814,1,2026-07-21 12:42:32
1003,114,2073.52,netbanking,customer_abandonment,3,0.55,0.02,0,2026-06-24 12:42:32
1004,986,651.83,netbanking,temporary_bank_failure,0,0.644,0.808,1,2026-07-19 12:42:32
1005,41,1556.92,wallet,customer_abandonment,3,0.692,0.037,0,2026-05-30 12:42:32
1006,229,4032.99,upi,temporary_bank_failure,3,0.783,0.623,1,2026-08-17 12:42:32
1007,836,1700.78,card,temporary_bank_failure,3,0.587,0.545,0,2026-06-29 12:42:32
1008,1739,4493.34,card,customer_abandonment,0,0.827,0.331,0,2026-08-09 12:42:32
1009,274,3084.48,wallet,insufficient_balance,0,0.559,0.474,1,2026-06-14 12:42:32
1010,1038,3454.35,card,temporary_bank_failure,1,0.718,0.757,1,2026-07-10 12:42:32
1011,107,3209.03,card,network_timeout,2,0.633,0.593,1,2026-08-07 12:42:32
1012,858,4295.32,upi,network_timeout,1,0.832,0.753,1,2026-07-08 12:42:32
1013,338,3581.33,netbanking,customer_abandonment,1,0.527,0.131,0,2026-07-24 12:42:32
1014,588,3484.31,wallet,temporary_bank_failure,2,0.569,0.618,0,2026-07-31 12:42:32
1015,1379,9415.82,wallet,network_timeout,2,0.816,0.666,1,2026-08-10 12:42:32
1016,408,4011.03,upi,customer_abandonment,0,0.728,0.291,1,2026-06-07 12:42:32
1017,144,7514.74,wallet,insufficient_balance,3,0.603,0.251,0,2026-08-06 12:42:32
1018,1360,5502.39,upi,temporary_bank_failure,1,0.659,0.734,1,2026-07-24 12:42:32
1019,538,3866.77,card,temporary_bank_failure,2,0.939,0.766,0,2026-07-31 12:42:32
1020,459,8075.46,upi,insufficient_balance,0,0.709,0.534,0,2026-07-13 12:42:32
1021,1953,2596.51,upi,customer_abandonment,1,0.342,0.057,0,2026-08-05 12:42:32
1022,924,488.72,wallet,network_timeout,0,0.96,0.884,1,2026-06-10 12:42:32
1023,791,1469.85,upi,temporary_bank_failure,1,0.751,0.77,1,2026-06-28 12:42:32
1024,558,7339.38,netbanking,authentication_failure,1,0.763,0.575,0,2026-06-09 12:42:32
1025,784,9373.57,upi,authentication_failure,1,0.912,0.635,1,2026-06-23 12:42:32
1026,1380,3345.64,upi,repeated_failure,2,0.681,0.062,0,2026-07-06 12:42:32
1027,1095,2149.24,upi,authentication_failure,0,0.589,0.586,1,2026-07-09 12:42:32
1028,647,1899.99,card,authentication_failure,3,0.712,0.395,0,2026-06-18 12:42:32
1029,535,1279.15,card,customer_abandonment,2,0.385,0.02,0,2026-08-09 12:42:32
1030,1178,3288.47,wallet,customer_abandonment,2,0.933,0.213,0,2026-05-30 12:42:32
1031,893,9535.89,netbanking,authentication_failure,1,0.828,0.601,0,2026-07-19 12:42:32
1032,364,622.98,upi,repeated_failure,1,0.926,0.24,1,2026-06-20 12:42:32
1033,958,5687.72,card,authentication_failure,3,0.597,0.349,1,2026-06-02 12:42:32
1034,214,5868.59,wallet,temporary_bank_failure,2,0.752,0.691,0,2026-06-06 12:42:32
1035,330,2001.03,upi,insufficient_balance,2,0.806,0.412,0,2026-06-30 12:42:32
1036,895,4138.11,card,network_timeout,1,0.86,0.764,1,2026-07-04 12:42:32
1037,740,8071.23,card,insufficient_balance,3,0.638,0.265,0,2026-06-11 12:42:32
1038,253,4433.4,wallet,repeated_failure,0,0.522,0.159,0,2026-07-07 12:42:32
1039,478,3939.56,wallet,network_timeout,0,0.847,0.839,1,2026-07-19 12:42:32
1040,1318,4800.21,card,repeated_failure,3,0.731,0.02,0,2026-06-25 12:42:32
1041,378,6272.84,card,repeated_failure,1,0.546,0.088,0,2026-08-16 12:42:32
1042,1144,1878.04,wallet,customer_abandonment,0,0.702,0.281,1,2026-05-30 12:42:32
1043,801,841.47,upi,authentication_failure,0,0.575,0.58,1,2026-06-11 12:42:32
1044,1840,2628.0,netbanking,insufficient_balance,0,0.66,0.514,0,2026-07-25 12:42:32
1045,1770,1280.18,card,insufficient_balance,1,0.804,0.492,1,2026-05-31 12:42:32
1046,477,2583.81,card,temporary_bank_failure,2,0.905,0.752,1,2026-06-03 12:42:32
1047,1827,3527.35,upi,authentication_failure,1,0.564,0.496,1,2026-05-30 12:42:32
1048,584,3731.3,upi,customer_abandonment,1,0.944,0.298,0,2026-07-08 12:42:32
1049,139,5689.93,upi,insufficient_balance,0,0.917,0.617,1,2026-07-17 12:42:32
1050,1625,6344.63,upi,network_timeout,0,0.829,0.832,1,2026-06-29 12:42:32
1051,1303,1780.62,upi,authentication_failure,3,0.868,0.457,0,2026-07-04 12:42:32
1052,1017,5518.51,card,insufficient_balance,1,0.714,0.456,0,2026-08-13 12:42:32
1053,1363,8535.28,netbanking,customer_abandonment,2,0.61,0.084,0,2026-06-11 12:42:32
1054,898,9640.48,wallet,authentication_failure,0,0.727,0.641,0,2026-06-11 12:42:32
1055,1282,9332.41,netbanking,customer_abandonment,3,0.615,0.02,0,2026-08-03 12:42:32
1056,936,8040.18,wallet,repeated_failure,2,0.756,0.092,0,2026-08-21 12:42:32
1057,1483,6272.7,wallet,insufficient_balance,0,0.812,0.575,1,2026-08-11 12:42:32
1058,1386,3050.27,wallet,network_timeout,2,0.781,0.652,1,2026-06-02 12:42:32
1059,710,2335.32,wallet,temporary_bank_failure,1,0.336,0.604,0,2026-08-03 12:42:32
1060,1245,2600.05,wallet,customer_abandonment,0,0.735,0.294,0,2026-07-17 12:42:32
1061,461,3484.47,wallet,authentication_failure,2,0.877,0.541,1,2026-06-07 12:42:32
1062,671,440.87,upi,customer_abandonment,3,0.925,0.13,0,2026-08-17 12:42:32
1063,524,6382.11,upi,customer_abandonment,3,0.391,0.02,0,2026-06-18 12:42:32
1064,482,7539.09,upi,repeated_failure,1,0.681,0.142,0,2026-06-29 12:42:32
1065,590,4343.58,upi,authentication_failure,0,0.609,0.594,1,2026-07-01 12:42:32
1066,1129,9975.43,wallet,customer_abandonment,2,0.725,0.13,0,2026-07-19 12:42:32
1067,399,3933.51,card,customer_abandonment,2,0.639,0.096,0,2026-08-22 12:42:32
1068,863,7204.99,wallet,insufficient_balance,0,0.893,0.607,1,2026-07-21 12:42:32
1069,101,8708.38,card,authentication_failure,1,0.725,0.56,0,2026-06-24 12:42:32
1070,1657,5971.26,card,insufficient_balance,0,0.846,0.588,0,2026-07-12 12:42:32
1071,434,9250.66,upi,network_timeout,3,0.655,0.522,1,2026-08-25 12:42:32
1072,1191,4059.83,card,insufficient_balance,2,0.626,0.34,0,2026-07-11 12:42:32
1073,1194,264.94,netbanking,repeated_failure,1,0.488,0.065,0,2026-08-04 12:42:32
1074,1156,4166.24,netbanking,temporary_bank_failure,2,0.856,0.732,1,2026-07-08 12:42:32
1075,472,5128.69,netbanking,repeated_failure,2,0.498,0.02,0,2026-07-06 12:42:32
1076,1835,9108.31,netbanking,insufficient_balance,3,0.951,0.39,1,2026-06-30 12:42:32
1077,1391,4491.28,netbanking,customer_abandonment,3,0.846,0.098,0,2026-07-27 12:42:32
1078,1444,6922.3,upi,authentication_failure,1,0.384,0.424,0,2026-07-08 12:42:32
1079,588,7296.08,wallet,customer_abandonment,3,0.569,0.02,0,2026-05-31 12:42:32
1080,1270,640.64,wallet,customer_abandonment,3,0.597,0.02,0,2026-08-05 12:42:32
1081,1999,8410.59,upi,temporary_bank_failure,2,0.704,0.672,1,2026-08-08 12:42:32
1082,206,3048.81,wallet,repeated_failure,3,0.506,0.02,0,2026-07-13 12:42:32
1083,1031,845.48,wallet,temporary_bank_failure,2,0.555,0.612,0,2026-06-18 12:42:32
1084,55,4903.78,wallet,insufficient_balance,0,0.755,0.552,1,2026-08-16 12:42:32
1085,1546,9838.74,netbanking,repeated_failure,2,0.61,0.034,0,2026-06-22 12:42:32
1086,604,6395.52,netbanking,temporary_bank_failure,1,0.707,0.753,1,2026-08-17 12:42:32
1087,1169,1430.89,upi,customer_abandonment,2,0.74,0.136,0,2026-07-17 12:42:32
1088,1702,2973.53,netbanking,authentication_failure,1,0.784,0.584,1,2026-06-09 12:42:32
1089,1016,4385.12,upi,temporary_bank_failure,0,0.611,0.794,0,2026-08-16 12:42:32
1090,95,8949.94,card,repeated_failure,1,0.469,0.058,0,2026-06-07 12:42:32
1091,1848,600.02,netbanking,repeated_failure,1,0.811,0.194,0,2026-07-29 12:42:32
1092,1541,3310.86,upi,customer_abandonment,0,0.737,0.295,1,2026-06-22 12:42:32
1093,237,5827.56,upi,authentication_failure,0,0.722,0.639,1,2026-08-01 12:42:32
1094,639,732.62,upi,customer_abandonment,3,0.799,0.08,0,2026-06-02 12:42:32
1095,1208,2661.24,netbanking,repeated_failure,0,0.651,0.21,0,2026-06-06 12:42:32
1096,509,9488.86,netbanking,insufficient_balance,2,0.89,0.446,0,2026-07-15 12:42:32
1097,42,7903.19,wallet,authentication_failure,2,0.761,0.494,1,2026-06-24 12:42:32
1098,574,7358.29,netbanking,network_timeout,2,0.814,0.666,0,2026-06-16 12:42:32
1099,1105,1774.7,wallet,network_timeout,1,0.506,0.622,1,2026-07-27 12:42:32
1100,204,684.6,wallet,network_timeout,3,0.771,0.568,1,2026-08-12 12:42:32
1101,1861,9903.82,upi,insufficient_balance,3,0.827,0.341,1,2026-07-27 12:42:32
1102,344,235.25,netbanking,authentication_failure,0,0.353,0.491,1,2026-08-17 12:42:32
1103,271,3424.85,wallet,network_timeout,2,0.639,0.596,1,2026-06-04 12:42:32
1104,1389,2459.07,wallet,network_timeout,0,0.84,0.836,1,2026-08-16 12:42:32
1105,1071,1935.55,netbanking,authentication_failure,2,0.793,0.507,0,2026-08-08 12:42:32
1106,1904,5754.87,wallet,repeated_failure,1,0.783,0.183,0,2026-07-08 12:42:32
1107,989,4556.09,wallet,insufficient_balance,2,0.277,0.201,0,2026-06-16 12:42:32
1108,932,4633.21,wallet,insufficient_balance,2,0.537,0.305,0,2026-06-14 12:42:32
1109,494,5548.48,netbanking,authentication_failure,1,0.804,0.592,1,2026-08-22 12:42:32
1110,167,4490.05,wallet,network_timeout,3,0.531,0.472,1,2026-06-09 12:42:32
1111,1174,611.41,card,network_timeout,3,0.806,0.582,0,2026-05-29 12:42:32
1112,1,4961.1,netbanking,temporary_bank_failure,0,0.796,0.868,1,2026-07-15 12:42:32
1113,1382,5189.41,wallet,network_timeout,1,0.846,0.758,1,2026-08-09 12:42:32
1114,1220,7188.25,card,repeated_failure,3,0.728,0.02,0,2026-07-23 12:42:32
1115,710,9866.23,upi,insufficient_balance,2,0.336,0.224,1,2026-07-13 12:42:32
1116,1807,8453.75,upi,repeated_failure,1,0.626,0.12,0,2026-08-23 12:42:32
1117,214,1278.31,upi,repeated_failure,0,0.752,0.251,1,2026-07-09 12:42:32
1118,657,8789.15,wallet,customer_abandonment,1,0.772,0.229,0,2026-08-09 12:42:32
1119,1076,4170.33,netbanking,repeated_failure,1,0.758,0.173,1,2026-06-10 12:42:32
1120,723,8675.65,wallet,customer_abandonment,3,0.847,0.099,0,2026-08-23 12:42:32
1121,324,773.57,card,temporary_bank_failure,1,0.71,0.754,1,2026-07-01 12:42:32
1122,620,1005.73,wallet,temporary_bank_failure,1,0.996,0.868,1,2026-07-30 12:42:32
1123,262,3197.06,wallet,temporary_bank_failure,2,0.526,0.6,0,2026-08-24 12:42:32
1124,1785,2335.81,wallet,customer_abandonment,3,0.4,0.02,0,2026-05-28 12:42:32
1125,534,8635.89,netbanking,authentication_failure,3,0.645,0.368,0,2026-05-30 12:42:32
1126,1605,9874.95,netbanking,network_timeout,0,0.74,0.796,1,2026-08-14 12:42:32
1127,1549,4028.21,card,insufficient_balance,1,0.399,0.33,0,2026-07-12 12:42:32
1128,1571,3404.39,wallet,authentication_failure,2,0.613,0.435,0,2026-07-01 12:42:32
1129,1930,5235.6,wallet,insufficient_balance,3,0.34,0.146,1,2026-06-16 12:42:32
1130,1090,1333.67,card,repeated_failure,3,0.69,0.02,0,2026-07-07 12:42:32
1131,464,1419.51,wallet,temporary_bank_failure,0,0.729,0.842,1,2026-06-17 12:42:32
1132,1917,7781.18,upi,authentication_failure,1,0.858,0.613,0,2026-06-03 12:42:32
1133,1625,8359.82,card,network_timeout,0,0.829,0.832,1,2026-07-24 12:42:32
1134,1814,2592.89,netbanking,insufficient_balance,1,0.89,0.526,0,2026-07-20 12:42:32
1135,1502,3035.72,netbanking,authentication_failure,2,0.598,0.429,1,2026-07-09 12:42:32
1136,1324,1717.21,netbanking,insufficient_balance,1,0.641,0.426,0,2026-07-29 12:42:32
1137,514,4725.88,card,repeated_failure,2,0.987,0.185,0,2026-07-04 12:42:32
1138,743,6297.94,wallet,customer_abandonment,2,0.889,0.196,0,2026-07-30 12:42:32
1139,1946,2674.48,netbanking,insufficient_balance,1,0.411,0.334,0,2026-07-04 12:42:32
1140,1935,1213.78,wallet,insufficient_balance,0,0.943,0.627,0,2026-07-03 12:42:32
1141,637,4423.9,netbanking,insufficient_balance,1,0.856,0.512,1,2026-06-23 12:42:32
1142,29,343.98,netbanking,network_timeout,1,0.951,0.8,1,2026-08-05 12:42:32
1143,1575,314.29,upi,repeated_failure,3,0.9,0.07,0,2026-06-05 12:42:32
1144,123,1370.66,netbanking,temporary_bank_failure,2,0.667,0.657,1,2026-08-25 12:42:32
1145,281,5924.82,upi,authentication_failure,2,0.863,0.535,1,2026-06-05 12:42:32
1146,126,4647.5,card,network_timeout,0,0.684,0.774,0,2026-07-23 12:42:32
1147,1212,9474.11,card,repeated_failure,1,0.929,0.242,0,2026-06-02 12:42:32
1148,49,3664.59,wallet,repeated_failure,1,0.726,0.16,0,2026-05-28 12:42:32
1149,1725,7025.39,card,customer_abandonment,2,0.785,0.154,0,2026-06-15 12:42:32
1150,1285,6589.55,netbanking,repeated_failure,0,0.805,0.272,1,2026-08-23 12:42:32
1151,948,9832.34,wallet,customer_abandonment,2,0.525,0.05,0,2026-07-03 12:42:32
1152,155,2522.09,upi,repeated_failure,2,0.538,0.02,0,2026-05-29 12:42:32
1153,1931,6749.44,card,temporary_bank_failure,1,0.75,0.77,1,2026-06-24 12:42:32
1154,853,8452.92,wallet,network_timeout,2,0.638,0.595,0,2026-08-17 12:42:32
1155,1295,7555.88,upi,repeated_failure,1,0.975,0.26,1,2026-06-03 12:42:32
1156,1389,664.32,card,repeated_failure,2,0.84,0.126,0,2026-06-07 12:42:32
1157,614,5770.43,wallet,network_timeout,1,0.422,0.589,0,2026-06-14 12:42:32
1158,1273,9668.93,wallet,authentication_failure,0,0.903,0.711,0,2026-07-14 12:42:32
1159,988,7442.67,wallet,network_timeout,0,0.779,0.812,0,2026-07-15 12:42:32
1160,676,6969.25,netbanking,temporary_bank_failure,1,0.934,0.844,1,2026-07-30 12:42:32
1161,1153,1922.6,upi,insufficient_balance,1,0.778,0.481,1,2026-08-20 12:42:32
1162,637,7791.25,upi,insufficient_balance,1,0.856,0.512,0,2026-05-31 12:42:32
1163,1026,7500.45,upi,network_timeout,2,0.741,0.636,0,2026-06-03 12:42:32
1164,577,4376.69,card,temporary_bank_failure,0,0.719,0.838,1,2026-08-23 12:42:32
1165,46,2430.29,wallet,authentication_failure,3,0.731,0.402,1,2026-06-10 12:42:32
1166,449,9763.25,netbanking,insufficient_balance,3,0.809,0.334,0,2026-08-10 12:42:32
1167,1595,2405.5,netbanking,temporary_bank_failure,3,0.96,0.694,1,2026-08-15 12:42:32
1168,705,9125.17,netbanking,insufficient_balance,0,0.714,0.536,1,2026-08-16 12:42:32
1169,1099,3018.69,upi,insufficient_balance,1,0.443,0.347,1,2026-06-16 12:42:32
1170,315,2730.29,wallet,authentication_failure,1,0.733,0.563,1,2026-07-09 12:42:32
1171,1615,6175.46,card,insufficient_balance,3,0.464,0.196,0,2026-07-21 12:42:32
1172,1824,3085.71,card,network_timeout,3,0.743,0.557,1,2026-07-27 12:42:32
1173,1334,5788.36,card,network_timeout,3,0.541,0.476,1,2026-06-22 12:42:32
1174,1349,4578.43,upi,authentication_failure,0,0.517,0.557,1,2026-07-04 12:42:32
1175,1380,9244.94,wallet,network_timeout,0,0.681,0.772,1,2026-06-07 12:42:32
1176,1705,2371.0,upi,insufficient_balance,3,0.768,0.317,0,2026-07-10 12:42:32
1177,39,1804.76,upi,customer_abandonment,0,0.548,0.219,0,2026-07-26 12:42:32
1178,1267,9917.08,netbanking,temporary_bank_failure,0,0.881,0.902,1,2026-07-09 12:42:32
1179,238,6887.95,netbanking,repeated_failure,1,0.532,0.083,0,2026-07-06 12:42:32
1180,1538,7828.92,card,authentication_failure,0,0.433,0.523,0,2026-08-22 12:42:32
1181,140,2255.71,netbanking,customer_abandonment,3,0.481,0.02,0,2026-06-06 12:42:32
1182,506,9413.43,wallet,insufficient_balance,0,0.776,0.56,0,2026-08-17 12:42:32
1183,1457,766.12,wallet,temporary_bank_failure,0,0.799,0.87,1,2026-07-28 12:42:32
1184,1917,3560.28,upi,insufficient_balance,1,0.858,0.513,0,2026-07-28 12:42:32
1185,335,6304.86,wallet,customer_abandonment,0,0.682,0.273,1,2026-06-07 12:42:32
1186,75,4111.45,netbanking,repeated_failure,1,0.872,0.219,1,2026-07-12 12:42:32
1187,874,2769.34,upi,insufficient_balance,1,0.696,0.448,1,2026-06-30 12:42:32
1188,998,4195.69,wallet,customer_abandonment,0,0.756,0.302,0,2026-07-20 12:42:32
1189,520,7971.59,upi,network_timeout,1,0.545,0.638,0,2026-07-12 12:42:32
1190,649,7370.07,wallet,insufficient_balance,2,0.736,0.384,1,2026-06-11 12:42:32
1191,1053,3845.32,upi,authentication_failure,1,0.806,0.592,1,2026-08-24 12:42:32
1192,62,5194.16,upi,authentication_failure,2,0.588,0.425,1,2026-07-13 12:42:32
1193,675,793.68,upi,temporary_bank_failure,0,0.49,0.746,1,2026-07-26 12:42:32
1194,47,5017.76,wallet,insufficient_balance,1,0.409,0.334,0,2026-07-13 12:42:32
1195,1354,3676.04,netbanking,authentication_failure,0,0.73,0.642,1,2026-06-17 12:42:32
1196,886,440.59,card,authentication_failure,0,0.748,0.649,0,2026-07-04 12:42:32
1197,1222,5994.61,wallet,authentication_failure,1,0.806,0.592,0,2026-06-21 12:42:32
1198,523,1628.72,upi,insufficient_balance,3,0.679,0.282,1,2026-07-11 12:42:32
1199,556,2441.1,card,repeated_failure,1,0.609,0.114,0,2026-07-27 12:42:32
1200,1288,9594.93,card,insufficient_balance,2,0.64,0.346,0,2026-08-01 12:42:32
1201,1299,7647.38,netbanking,customer_abandonment,3,0.738,0.055,0,2026-07-30 12:42:32
1202,552,4608.41,netbanking,insufficient_balance,3,0.403,0.171,0,2026-07-28 12:42:32
1203,167,1540.62,card,network_timeout,0,0.531,0.712,0,2026-08-10 12:42:32
1204,791,2186.55,wallet,insufficient_balance,0,0.751,0.55,1,2026-06-18 12:42:32
1205,1713,2657.17,card,insufficient_balance,0,0.687,0.525,1,2026-08-03 12:42:32
1206,1889,2122.14,upi,authentication_failure,1,0.754,0.572,0,2026-06-10 12:42:32
1207,551,4470.89,upi,temporary_bank_failure,0,0.82,0.878,1,2026-08-20 12:42:32
1208,558,107.4,upi,insufficient_balance,1,0.763,0.475,0,2026-06-15 12:42:32
1209,988,4692.97,card,insufficient_balance,0,0.779,0.562,1,2026-06-09 12:42:32
1210,150,4919.6,upi,repeated_failure,3,0.878,0.061,0,2026-08-04 12:42:32
1211,1587,6267.25,card,insufficient_balance,0,0.893,0.607,1,2026-07-02 12:42:32
1212,251,4736.18,netbanking,temporary_bank_failure,0,0.8,0.87,0,2026-07-06 12:42:32
1213,1210,5220.99,netbanking,insufficient_balance,2,0.654,0.352,1,2026-06-28 12:42:32
1214,838,1183.88,netbanking,temporary_bank_failure,2,0.71,0.674,1,2026-06-11 12:42:32
1215,133,2965.42,netbanking,authentication_failure,3,0.787,0.425,0,2026-06-24 12:42:32
1216,29,878.4,wallet,insufficient_balance,1,0.951,0.55,1,2026-06-07 12:42:32
1217,944,7352.87,upi,authentication_failure,2,0.634,0.444,0,2026-07-28 12:42:32
1218,931,4170.16,netbanking,repeated_failure,1,0.769,0.178,0,2026-06-07 12:42:32
1219,1866,7053.81,wallet,temporary_bank_failure,2,0.834,0.724,1,2026-05-31 12:42:32
1220,834,8271.85,netbanking,repeated_failure,1,0.7,0.15,0,2026-06-09 12:42:32
1221,1792,544.12,wallet,temporary_bank_failure,2,0.795,0.708,1,2026-08-08 12:42:32
1222,1417,1426.85,netbanking,repeated_failure,0,0.741,0.246,0,2026-06-17 12:42:32
1223,1015,898.63,wallet,network_timeout,0,0.856,0.842,0,2026-07-17 12:42:32
1224,506,8272.79,netbanking,network_timeout,3,0.776,0.57,1,2026-07-11 12:42:32
1225,726,2962.59,card,repeated_failure,2,0.895,0.148,0,2026-06-21 12:42:32
1226,728,6486.99,netbanking,temporary_bank_failure,0,0.767,0.857,0,2026-06-27 12:42:32
1227,31,2652.01,netbanking,authentication_failure,3,0.539,0.326,0,2026-08-24 12:42:32
1228,871,3482.58,card,customer_abandonment,3,0.798,0.079,0,2026-08-06 12:42:32
1229,1279,6706.59,upi,customer_abandonment,0,0.722,0.289,0,2026-07-25 12:42:32
1230,1050,1578.88,card,repeated_failure,0,0.746,0.248,0,2026-08-21 12:42:32
1231,13,6117.01,wallet,authentication_failure,0,0.788,0.665,0,2026-06-11 12:42:32
1232,1630,6305.65,upi,customer_abandonment,0,0.327,0.131,1,2026-07-03 12:42:32
1233,387,9350.76,card,network_timeout,0,0.889,0.856,1,2026-07-24 12:42:32
1234,200,5507.85,wallet,insufficient_balance,1,0.584,0.404,1,2026-06-10 12:42:32
1235,1901,9634.63,netbanking,insufficient_balance,3,0.939,0.386,1,2026-05-30 12:42:32
1236,880,1108.73,card,network_timeout,2,0.608,0.583,1,2026-06-10 12:42:32
1237,700,7910.25,wallet,authentication_failure,3,0.754,0.412,1,2026-06-18 12:42:32
1238,214,8749.41,upi,temporary_bank_failure,0,0.752,0.851,1,2026-08-22 12:42:32
1239,1114,2962.45,wallet,customer_abandonment,2,0.634,0.094,0,2026-06-05 12:42:32
1240,1565,5855.08,upi,customer_abandonment,0,0.862,0.345,0,2026-08-09 12:42:32
1241,1303,9507.76,netbanking,temporary_bank_failure,1,0.868,0.817,1,2026-07-27 12:42:32
1242,1811,3475.57,netbanking,customer_abandonment,1,0.868,0.267,0,2026-07-24 12:42:32
1243,1767,3399.67,card,insufficient_balance,0,0.896,0.608,0,2026-08-07 12:42:32
1244,731,6085.28,netbanking,repeated_failure,1,0.736,0.164,0,2026-06-19 12:42:32
1245,842,9497.88,wallet,insufficient_balance,2,0.843,0.427,0,2026-06-26 12:42:32
1246,1789,2183.55,netbanking,repeated_failure,2,0.949,0.17,0,2026-08-10 12:42:32
1247,1448,3055.08,wallet,repeated_failure,0,0.657,0.213,0,2026-08-09 12:42:32
1248,1312,4631.87,upi,temporary_bank_failure,3,0.828,0.641,0,2026-08-17 12:42:32
1249,1628,2451.84,card,customer_abandonment,3,0.958,0.143,0,2026-07-02 12:42:32
1250,769,9179.06,upi,customer_abandonment,2,0.554,0.062,1,2026-07-31 12:42:32
1251,1145,8756.54,upi,repeated_failure,1,0.812,0.195,0,2026-07-26 12:42:32
1252,1339,2748.52,upi,customer_abandonment,1,0.243,0.02,0,2026-06-29 12:42:32
1253,496,9767.25,netbanking,customer_abandonment,0,0.763,0.305,0,2026-06-05 12:42:32
1254,1902,7053.75,card,insufficient_balance,3,0.639,0.266,0,2026-06-15 12:42:32
1255,916,5327.87,upi,repeated_failure,1,0.927,0.241,1,2026-06-24 12:42:32
1256,1803,6068.18,wallet,temporary_bank_failure,1,0.957,0.853,1,2026-08-14 12:42:32
1257,1551,2087.06,card,authentication_failure,0,0.649,0.61,1,2026-07-31 12:42:32
1258,1388,1113.09,wallet,insufficient_balance,3,0.749,0.31,0,2026-07-19 12:42:32
1259,1815,5375.19,upi,authentication_failure,3,0.864,0.456,1,2026-08-18 12:42:32
1260,1437,7589.74,card,authentication_failure,1,0.464,0.456,0,2026-06-13 12:42:32
1261,905,5839.74,netbanking,authentication_failure,3,0.965,0.496,1,2026-07-18 12:42:32
1262,1102,421.46,netbanking,network_timeout,0,0.808,0.823,1,2026-08-11 12:42:32
1263,1235,1632.38,card,repeated_failure,3,0.548,0.02,1,2026-08-03 12:42:32
1264,1165,710.58,wallet,customer_abandonment,3,0.476,0.02,0,2026-07-22 12:42:32
1265,101,3095.97,upi,customer_abandonment,3,0.725,0.05,0,2026-06-06 12:42:32
1266,555,5317.38,upi,insufficient_balance,2,0.711,0.374,0,2026-08-14 12:42:32
1267,1261,7258.27,upi,insufficient_balance,0,0.69,0.526,1,2026-08-19 12:42:32
1268,222,317.62,upi,network_timeout,0,0.814,0.826,1,2026-06-17 12:42:32
1269,371,1541.72,netbanking,repeated_failure,0,0.665,0.216,1,2026-07-23 12:42:32
1270,1704,1642.93,upi,authentication_failure,0,0.335,0.484,0,2026-06-11 12:42:32
1271,1337,6148.17,wallet,authentication_failure,2,0.964,0.576,1,2026-07-23 12:42:32
1272,1931,995.15,upi,repeated_failure,0,0.75,0.25,0,2026-06-05 12:42:32
1273,1230,607.12,wallet,insufficient_balance,1,0.936,0.544,0,2026-07-04 12:42:32
1274,1480,9323.43,netbanking,network_timeout,0,0.461,0.684,0,2026-07-27 12:42:32
1275,328,7827.67,card,insufficient_balance,2,0.683,0.363,0,2026-07-18 12:42:32
1276,1214,6319.25,netbanking,network_timeout,1,0.734,0.714,0,2026-06-05 12:42:32
1277,1388,4983.48,netbanking,temporary_bank_failure,0,0.749,0.85,1,2026-08-06 12:42:32
1278,1619,4252.87,netbanking,network_timeout,2,0.944,0.718,0,2026-06-26 12:42:32
1279,455,5486.85,upi,repeated_failure,1,0.863,0.215,0,2026-06-05 12:42:32
1280,1065,204.46,upi,customer_abandonment,1,0.809,0.244,1,2026-08-07 12:42:32
1281,1063,1244.5,wallet,authentication_failure,3,0.628,0.361,0,2026-07-29 12:42:32
1282,213,9908.41,netbanking,authentication_failure,3,0.633,0.363,1,2026-07-27 12:42:32
1283,1046,9750.12,card,authentication_failure,2,0.948,0.569,0,2026-06-11 12:42:32
1284,1846,3475.38,netbanking,repeated_failure,3,0.738,0.02,0,2026-08-24 12:42:32
1285,713,5539.18,card,insufficient_balance,1,0.512,0.375,0,2026-06-15 12:42:32
1286,1893,6107.25,wallet,repeated_failure,1,0.668,0.137,0,2026-08-07 12:42:32
1287,1504,7164.71,card,authentication_failure,0,0.97,0.738,1,2026-07-25 12:42:32
1288,709,5401.1,upi,temporary_bank_failure,1,0.548,0.689,1,2026-05-31 12:42:32
1289,1443,7206.92,netbanking,insufficient_balance,1,0.913,0.535,0,2026-08-01 12:42:32
1290,1347,924.25,upi,network_timeout,3,0.755,0.562,1,2026-08-04 12:42:32
1291,1675,7801.3,netbanking,authentication_failure,1,0.832,0.603,1,2026-07-20 12:42:32
1292,1243,3692.37,wallet,network_timeout,2,0.558,0.563,0,2026-08-09 12:42:32
1293,1185,7311.38,wallet,repeated_failure,0,0.511,0.154,0,2026-06-27 12:42:32
1294,1137,5814.15,card,customer_abandonment,0,0.833,0.333,1,2026-08-20 12:42:32
1295,1784,3663.92,card,authentication_failure,3,0.63,0.362,1,2026-07-11 12:42:32
1296,1416,9512.37,card,insufficient_balance,2,0.978,0.481,0,2026-08-16 12:42:32
1297,921,9791.3,card,temporary_bank_failure,1,0.534,0.684,1,2026-07-18 12:42:32
1298,53,7473.03,upi,insufficient_balance,3,0.441,0.186,0,2026-08-22 12:42:32
1299,1277,2549.88,wallet,repeated_failure,0,0.932,0.323,0,2026-05-31 12:42:32
1300,708,8695.21,wallet,network_timeout,0,0.895,0.858,0,2026-06-29 12:42:32
1301,1117,5230.24,netbanking,authentication_failure,3,0.747,0.409,1,2026-06-25 12:42:32
1302,240,9554.73,wallet,insufficient_balance,1,0.542,0.387,0,2026-07-02 12:42:32
1303,1399,4710.68,card,network_timeout,0,0.88,0.852,1,2026-07-26 12:42:32
1304,1117,8027.95,wallet,insufficient_balance,2,0.747,0.389,1,2026-06-08 12:42:32
1305,1569,6673.72,upi,network_timeout,0,0.681,0.772,1,2026-08-12 12:42:32
1306,859,7209.21,card,temporary_bank_failure,0,0.753,0.851,1,2026-07-03 12:42:32
1307,1413,6932.69,wallet,customer_abandonment,2,0.841,0.176,0,2026-06-16 12:42:32
1308,422,7452.1,upi,authentication_failure,0,0.841,0.686,0,2026-06-01 12:42:32
1309,1406,7526.59,wallet,temporary_bank_failure,1,0.759,0.774,1,2026-06-11 12:42:32
1310,1904,8505.53,upi,repeated_failure,3,0.783,0.023,0,2026-06-23 12:42:32
1311,635,5872.37,card,repeated_failure,3,0.996,0.108,1,2026-08-07 12:42:32
1312,376,5169.68,upi,repeated_failure,0,0.673,0.219,0,2026-07-26 12:42:32
1313,1836,1976.24,wallet,network_timeout,2,0.961,0.724,1,2026-07-15 12:42:32
1314,688,9162.62,wallet,network_timeout,1,0.657,0.683,0,2026-08-20 12:42:32
1315,634,1459.3,netbanking,network_timeout,1,0.897,0.779,1,2026-07-03 12:42:32
1316,1273,9480.89,card,repeated_failure,3,0.903,0.071,0,2026-05-28 12:42:32
1317,756,9418.66,netbanking,repeated_failure,3,0.81,0.034,0,2026-06-17 12:42:32
1318,1940,1235.95,netbanking,customer_abandonment,2,0.7,0.12,0,2026-07-03 12:42:32
1319,1070,2598.78,wallet,repeated_failure,3,0.681,0.02,0,2026-07-18 12:42:32
1320,1317,9691.27,upi,insufficient_balance,3,0.862,0.355,0,2026-07-03 12:42:32
1321,1964,9968.81,upi,insufficient_balance,0,0.696,0.528,1,2026-08-03 12:42:32
1322,1582,7240.12,card,repeated_failure,2,0.417,0.02,0,2026-07-23 12:42:32
1323,1137,6892.3,wallet,network_timeout,0,0.833,0.833,0,2026-06-03 12:42:32
1324,512,5427.4,card,insufficient_balance,2,0.93,0.462,1,2026-07-08 12:42:32
1325,228,6510.45,netbanking,insufficient_balance,2,0.886,0.444,0,2026-07-10 12:42:32
1326,1314,6257.89,card,network_timeout,3,0.708,0.543,1,2026-06-02 12:42:32
1327,552,4876.68,netbanking,authentication_failure,2,0.403,0.351,0,2026-07-10 12:42:32
1328,262,3897.73,wallet,insufficient_balance,2,0.526,0.3,1,2026-08-14 12:42:32
1329,1773,4167.08,netbanking,insufficient_balance,0,0.558,0.473,1,2026-08-05 12:42:32
1330,293,4172.17,wallet,network_timeout,2,0.746,0.638,1,2026-06-06 12:42:32
1331,605,892.63,netbanking,repeated_failure,1,0.676,0.14,0,2026-06-14 12:42:32
1332,1036,2938.99,netbanking,authentication_failure,3,0.743,0.407,0,2026-08-03 12:42:32
1333,595,618.1,card,insufficient_balance,3,0.363,0.155,0,2026-07-23 12:42:32
1334,1479,8561.28,netbanking,authentication_failure,1,0.626,0.52,0,2026-08-24 12:42:32
1335,1383,7398.47,netbanking,temporary_bank_failure,3,0.959,0.694,1,2026-06-21 12:42:32
1336,1021,9985.75,card,customer_abandonment,3,0.857,0.103,0,2026-06-16 12:42:32
1337,1638,5590.74,card,customer_abandonment,1,0.362,0.065,0,2026-06-17 12:42:32
1338,573,9260.35,netbanking,insufficient_balance,2,0.756,0.392,0,2026-07-28 12:42:32
1339,875,6271.78,netbanking,insufficient_balance,1,0.679,0.442,0,2026-07-20 12:42:32
1340,1597,4998.78,upi,network_timeout,0,0.72,0.788,1,2026-06-22 12:42:32
1341,627,7461.66,upi,repeated_failure,2,0.752,0.091,0,2026-06-10 12:42:32
1342,869,184.11,card,network_timeout,1,0.506,0.622,1,2026-07-26 12:42:32
1343,475,115.85,netbanking,temporary_bank_failure,3,0.601,0.55,0,2026-07-04 12:42:32
1344,657,1919.75,card,repeated_failure,2,0.772,0.099,0,2026-08-22 12:42:32
1345,1700,1255.22,wallet,repeated_failure,1,0.593,0.107,0,2026-05-29 12:42:32
1346,666,877.25,card,network_timeout,3,0.857,0.603,0,2026-07-11 12:42:32
1347,1168,694.08,wallet,repeated_failure,0,0.873,0.299,0,2026-05-30 12:42:32
1348,387,9424.87,netbanking,temporary_bank_failure,2,0.889,0.746,0,2026-06-13 12:42:32
1349,1686,4759.94,card,repeated_failure,0,0.887,0.305,1,2026-06-10 12:42:32
1350,411,1854.43,wallet,temporary_bank_failure,2,0.897,0.749,1,2026-06-24 12:42:32
1351,1393,2795.92,netbanking,repeated_failure,1,0.835,0.204,1,2026-07-13 12:42:32
1352,477,4518.91,card,authentication_failure,0,0.905,0.712,1,2026-06-03 12:42:32
1353,448,5280.53,card,authentication_failure,1,0.821,0.598,1,2026-06-17 12:42:32
1354,356,2034.05,netbanking,network_timeout,2,0.585,0.574,0,2026-07-20 12:42:32
1355,134,5351.2,upi,temporary_bank_failure,0,0.843,0.887,1,2026-06-08 12:42:32
1356,858,1220.99,wallet,authentication_failure,0,0.832,0.683,1,2026-06-22 12:42:32
1357,1340,2929.83,wallet,repeated_failure,1,0.882,0.223,0,2026-07-15 12:42:32
1358,1010,1470.14,wallet,authentication_failure,0,0.658,0.613,0,2026-07-16 12:42:32
1359,314,6135.92,wallet,temporary_bank_failure,0,0.728,0.841,1,2026-06-27 12:42:32
1360,386,7961.93,netbanking,repeated_failure,2,0.783,0.103,0,2026-07-01 12:42:32
1361,831,2704.49,netbanking,authentication_failure,3,0.785,0.424,0,2026-07-10 12:42:32
1362,1081,978.86,upi,insufficient_balance,1,0.772,0.479,1,2026-05-30 12:42:32
1363,514,5259.62,upi,network_timeout,2,0.987,0.735,1,2026-07-15 12:42:32
1364,133,5765.61,card,authentication_failure,0,0.787,0.665,0,2026-06-02 12:42:32
1365,1172,3126.99,netbanking,customer_abandonment,3,0.822,0.089,0,2026-08-04 12:42:32
1366,1428,1390.15,card,insufficient_balance,0,0.624,0.5,0,2026-07-21 12:42:32
1367,1477,8323.29,wallet,authentication_failure,2,0.435,0.364,0,2026-08-02 12:42:32
1368,1741,529.99,upi,repeated_failure,1,0.859,0.214,0,2026-06-12 12:42:32
1369,947,5218.36,netbanking,authentication_failure,0,0.783,0.663,1,2026-07-18 12:42:32
1370,42,5480.5,card,network_timeout,3,0.761,0.564,0,2026-08-12 12:42:32
1371,716,2910.39,upi,insufficient_balance,1,0.483,0.363,0,2026-08-25 12:42:32
1372,56,3886.6,upi,customer_abandonment,0,0.667,0.267,0,2026-06-16 12:42:32
1373,308,4123.42,card,authentication_failure,1,0.518,0.477,0,2026-06-14 12:42:32
1374,340,6648.52,netbanking,customer_abandonment,3,0.803,0.081,0,2026-08-17 12:42:32
1375,105,8255.07,upi,repeated_failure,2,0.53,0.02,1,2026-08-20 12:42:32
1376,723,2384.27,netbanking,repeated_failure,0,0.847,0.289,0,2026-07-20 12:42:32
1377,487,4333.92,upi,authentication_failure,0,0.828,0.681,1,2026-06-01 12:42:32
1378,574,9619.28,card,customer_abandonment,1,0.814,0.246,0,2026-06-27 12:42:32
1379,1106,4224.7,card,authentication_failure,3,0.659,0.374,1,2026-08-22 12:42:32
1380,1613,137.92,card,temporary_bank_failure,2,0.405,0.552,1,2026-07-09 12:42:32
1381,545,7920.75,netbanking,insufficient_balance,2,0.698,0.369,0,2026-08-16 12:42:32
1382,833,4395.49,card,insufficient_balance,2,0.809,0.414,0,2026-06-30 12:42:32
1383,1861,5623.0,upi,temporary_bank_failure,0,0.827,0.881,1,2026-07-01 12:42:32
1384,919,1838.24,card,network_timeout,1,0.66,0.684,1,2026-06-24 12:42:32
1385,1033,2876.51,card,network_timeout,2,0.846,0.678,1,2026-07-20 12:42:32
1386,1311,5485.9,card,insufficient_balance,1,0.743,0.467,0,2026-07-21 12:42:32
1387,757,1217.12,wallet,insufficient_balance,3,0.813,0.335,0,2026-06-07 12:42:32
1388,1494,8087.1,wallet,network_timeout,1,0.595,0.658,0,2026-07-28 12:42:32
1389,639,641.98,upi,insufficient_balance,1,0.799,0.49,1,2026-08-05 12:42:32
1390,1089,7319.48,wallet,network_timeout,1,0.757,0.723,0,2026-07-23 12:42:32
1391,380,5686.41,wallet,repeated_failure,2,0.813,0.115,0,2026-07-03 12:42:32
1392,1876,3237.44,card,temporary_bank_failure,3,0.821,0.638,1,2026-07-29 12:42:32
1393,735,1565.79,netbanking,customer_abandonment,1,0.832,0.253,1,2026-08-15 12:42:32
1394,1820,4697.07,wallet,insufficient_balance,2,0.917,0.457,0,2026-06-06 12:42:32
1395,1519,8260.25,upi,temporary_bank_failure,0,0.413,0.715,1,2026-06-18 12:42:32
1396,710,226.93,netbanking,repeated_failure,3,0.336,0.02,0,2026-08-24 12:42:32
1397,1317,5401.16,wallet,temporary_bank_failure,1,0.862,0.815,0,2026-08-17 12:42:32
1398,982,9328.08,upi,network_timeout,1,0.789,0.736,0,2026-06-17 12:42:32
1399,1778,2052.7,upi,insufficient_balance,1,0.777,0.481,1,2026-08-25 12:42:32
1400,1781,3937.48,card,insufficient_balance,3,0.639,0.266,0,2026-07-11 12:42:32
1401,1349,3729.71,netbanking,insufficient_balance,2,0.517,0.297,0,2026-07-14 12:42:32
1402,1300,5954.38,card,network_timeout,1,0.773,0.729,1,2026-07-31 12:42:32
1403,1950,2016.88,upi,temporary_bank_failure,1,0.985,0.864,1,2026-06-26 12:42:32
1404,445,8565.28,upi,repeated_failure,2,0.88,0.142,0,2026-08-09 12:42:32
1405,275,292.07,netbanking,customer_abandonment,2,0.856,0.182,0,2026-06-07 12:42:32
1406,1438,6328.55,wallet,temporary_bank_failure,2,0.741,0.686,1,2026-08-04 12:42:32
1407,1369,869.35,netbanking,authentication_failure,0,0.362,0.495,1,2026-07-10 12:42:32
1408,525,3133.35,upi,temporary_bank_failure,0,0.963,0.935,0,2026-07-22 12:42:32
1409,681,6238.01,netbanking,customer_abandonment,1,0.661,0.184,0,2026-06-28 12:42:32
1410,297,1991.95,upi,insufficient_balance,3,0.891,0.366,0,2026-07-20 12:42:32
1411,105,843.72,card,temporary_bank_failure,3,0.53,0.522,1,2026-08-16 12:42:32
1412,943,2148.03,upi,authentication_failure,0,0.396,0.508,0,2026-07-22 12:42:32
1413,450,5155.76,card,authentication_failure,0,0.369,0.498,0,2026-08-12 12:42:32
1414,418,1205.2,upi,temporary_bank_failure,3,0.574,0.54,1,2026-06-05 12:42:32
1415,1438,6837.61,netbanking,temporary_bank_failure,3,0.741,0.606,1,2026-08-23 12:42:32
1416,1987,3626.99,netbanking,network_timeout,3,0.452,0.441,0,2026-08-17 12:42:32
1417,702,789.94,card,repeated_failure,3,0.644,0.02,0,2026-07-22 12:42:32
1418,1077,7575.1,netbanking,repeated_failure,3,0.411,0.02,0,2026-07-17 12:42:32
1419,870,8673.63,wallet,repeated_failure,2,0.839,0.126,0,2026-06-03 12:42:32
1420,508,491.62,netbanking,network_timeout,0,0.651,0.76,1,2026-06-14 12:42:32
1421,77,6575.37,upi,insufficient_balance,2,0.221,0.178,0,2026-08-07 12:42:32
1422,88,4804.19,card,authentication_failure,1,0.646,0.528,0,2026-06-21 12:42:32
1423,1802,3125.92,upi,repeated_failure,0,0.782,0.263,0,2026-06-03 12:42:32
1424,1167,8834.13,card,temporary_bank_failure,1,0.59,0.706,1,2026-07-10 12:42:32
1425,624,4790.36,card,insufficient_balance,3,0.976,0.4,1,2026-08-14 12:42:32
1426,596,4195.08,wallet,repeated_failure,0,0.812,0.275,0,2026-07-08 12:42:32
1427,1331,9692.78,card,repeated_failure,3,0.975,0.1,0,2026-08-03 12:42:32
1428,1742,8519.25,card,repeated_failure,2,0.261,0.02,0,2026-07-11 12:42:32
1429,64,4192.09,upi,repeated_failure,1,0.752,0.171,0,2026-07-28 12:42:32
1430,735,3600.39,card,repeated_failure,3,0.832,0.043,1,2026-06-21 12:42:32
1431,662,9354.74,card,network_timeout,1,0.683,0.693,1,2026-06-30 12:42:32
1432,1367,498.78,netbanking,customer_abandonment,3,0.78,0.072,0,2026-07-09 12:42:32
1433,628,3552.74,netbanking,customer_abandonment,2,0.859,0.184,1,2026-08-12 12:42:32
1434,1316,6703.66,netbanking,insufficient_balance,2,0.685,0.364,0,2026-06-22 12:42:32
1435,731,3980.78,netbanking,temporary_bank_failure,0,0.736,0.844,1,2026-06-30 12:42:32
1436,376,5382.19,netbanking,customer_abandonment,0,0.673,0.269,1,2026-07-27 12:42:32
1437,1556,253.43,netbanking,customer_abandonment,0,0.704,0.282,1,2026-08-24 12:42:32
1438,1047,460.61,card,authentication_failure,0,0.882,0.703,1,2026-07-06 12:42:32
1439,1856,5551.84,card,network_timeout,0,0.739,0.796,1,2026-07-06 12:42:32
1440,1417,4077.95,wallet,customer_abandonment,2,0.741,0.136,1,2026-06-19 12:42:32
1441,417,6700.42,netbanking,network_timeout,1,0.698,0.699,1,2026-06-12 12:42:32
1442,1676,9968.4,upi,repeated_failure,3,0.729,0.02,0,2026-06-03 12:42:32
1443,537,4008.59,card,network_timeout,3,0.686,0.534,1,2026-07-07 12:42:32
1444,1726,7322.26,netbanking,temporary_bank_failure,0,0.5,0.75,0,2026-06-06 12:42:32
1445,281,8311.35,wallet,authentication_failure,0,0.863,0.695,0,2026-08-03 12:42:32
1446,521,1285.49,upi,repeated_failure,0,0.51,0.154,0,2026-08-25 12:42:32
1447,1370,9438.77,card,insufficient_balance,1,0.642,0.427,1,2026-06-07 12:42:32
1448,270,4555.51,wallet,customer_abandonment,2,0.609,0.084,1,2026-07-23 12:42:32
1449,1922,1910.94,upi,authentication_failure,0,0.774,0.66,1,2026-08-03 12:42:32
1450,580,2292.36,netbanking,repeated_failure,0,0.832,0.283,1,2026-06-24 12:42:32
1451,736,5753.82,card,temporary_bank_failure,2,0.568,0.617,1,2026-07-25 12:42:32
1452,1908,3047.02,wallet,customer_abandonment,2,0.846,0.178,1,2026-05-30 12:42:32
1453,11,3167.49,upi,authentication_failure,0,0.772,0.659,0,2026-06-14 12:42:32
1454,1076,1358.32,card,network_timeout,3,0.758,0.563,1,2026-06-05 12:42:32
1455,1455,8908.52,netbanking,repeated_failure,3,0.922,0.079,0,2026-06-09 12:42:32
1456,940,2690.55,upi,insufficient_balance,2,0.72,0.378,0,2026-08-16 12:42:32
1457,1546,7267.49,netbanking,customer_abandonment,0,0.61,0.244,0,2026-07-14 12:42:32
1458,1487,7898.0,wallet,customer_abandonment,3,0.658,0.023,0,2026-08-17 12:42:32
1459,1767,5761.79,card,insufficient_balance,2,0.896,0.448,0,2026-07-17 12:42:32
1460,1836,5880.87,wallet,repeated_failure,1,0.961,0.254,0,2026-08-10 12:42:32
1461,278,3312.62,card,temporary_bank_failure,2,0.661,0.654,0,2026-05-28 12:42:32
1462,1608,1705.62,upi,repeated_failure,3,0.697,0.02,1,2026-06-30 12:42:32
1463,365,6723.63,netbanking,temporary_bank_failure,0,0.425,0.72,0,2026-07-22 12:42:32
1464,789,9342.57,upi,network_timeout,2,0.98,0.732,1,2026-08-20 12:42:32
1465,510,6216.35,card,customer_abandonment,3,0.577,0.02,0,2026-07-29 12:42:32
1466,735,8222.64,upi,customer_abandonment,2,0.832,0.173,0,2026-08-11 12:42:32
1467,390,5851.59,card,network_timeout,1,0.762,0.725,1,2026-06-05 12:42:32
1468,604,4441.23,netbanking,customer_abandonment,3,0.707,0.043,0,2026-07-01 12:42:32
1469,1723,2697.92,upi,repeated_failure,3,0.543,0.02,0,2026-07-14 12:42:32
1470,1100,8096.62,netbanking,authentication_failure,1,0.652,0.531,1,2026-07-31 12:42:32
1471,1709,7727.33,upi,network_timeout,3,0.973,0.649,1,2026-07-28 12:42:32
1472,1297,1434.0,wallet,network_timeout,2,0.857,0.683,0,2026-06-13 12:42:32
1473,1433,1840.26,netbanking,authentication_failure,0,0.543,0.567,1,2026-07-31 12:42:32
1474,712,4915.41,netbanking,authentication_failure,1,0.638,0.525,0,2026-08-23 12:42:32
1475,1527,2323.14,card,network_timeout,2,0.899,0.7,0,2026-06-04 12:42:32
1476,568,5232.16,netbanking,insufficient_balance,1,0.489,0.366,0,2026-06-04 12:42:32
1477,798,4442.25,netbanking,customer_abandonment,2,0.53,0.052,0,2026-05-30 12:42:32
1478,1506,2745.38,netbanking,temporary_bank_failure,3,0.56,0.534,0,2026-07-16 12:42:32
1479,1892,1163.4,netbanking,authentication_failure,0,0.712,0.635,0,2026-07-10 12:42:32
1480,761,1402.5,card,repeated_failure,0,0.733,0.243,0,2026-08-02 12:42:32
1481,1245,1189.18,upi,temporary_bank_failure,1,0.735,0.764,1,2026-07-14 12:42:32
1482,208,7669.97,card,temporary_bank_failure,1,0.716,0.756,1,2026-07-26 12:42:32
1483,1692,6170.39,card,network_timeout,2,0.497,0.539,1,2026-05-29 12:42:32
1484,911,7817.57,wallet,insufficient_balance,3,0.993,0.407,1,2026-08-02 12:42:32
1485,1691,654.42,upi,customer_abandonment,2,0.878,0.191,0,2026-07-31 12:42:32
1486,1089,4458.2,card,network_timeout,2,0.757,0.643,1,2026-06-01 12:42:32
1487,395,5568.15,netbanking,insufficient_balance,3,0.805,0.332,0,2026-05-28 12:42:32
1488,240,7878.12,card,customer_abandonment,2,0.542,0.057,0,2026-06-17 12:42:32
1489,205,7474.17,wallet,repeated_failure,0,0.865,0.296,1,2026-06-09 12:42:32
1490,640,1348.92,card,insufficient_balance,3,0.618,0.257,0,2026-06-16 12:42:32
1491,938,6632.71,upi,insufficient_balance,0,0.746,0.548,1,2026-08-25 12:42:32
1492,577,599.51,upi,temporary_bank_failure,0,0.719,0.838,1,2026-07-24 12:42:32
1493,357,8580.46,upi,temporary_bank_failure,3,0.568,0.537,1,2026-07-10 12:42:32
1494,56,7251.5,wallet,temporary_bank_failure,3,0.667,0.577,1,2026-06-22 12:42:32
1495,793,5918.08,wallet,temporary_bank_failure,2,0.218,0.477,1,2026-06-27 12:42:32
1496,413,8036.03,upi,insufficient_balance,0,0.83,0.582,1,2026-07-21 12:42:32
1497,1597,501.8,card,temporary_bank_failure,3,0.72,0.598,1,2026-07-14 12:42:32
1498,57,4083.7,wallet,insufficient_balance,0,0.652,0.511,0,2026-08-11 12:42:32
1499,417,153.45,netbanking,authentication_failure,3,0.698,0.389,0,2026-06-07 12:42:32
1500,1630,3275.26,card,insufficient_balance,0,0.327,0.381,1,2026-08-09 12:42:32
1501,1406,7058.38,wallet,temporary_bank_failure,1,0.759,0.774,0,2026-06-01 12:42:32
1502,74,2439.73,upi,customer_abandonment,3,0.444,0.02,0,2026-07-25 12:42:32
1503,1184,9427.64,netbanking,temporary_bank_failure,0,0.899,0.91,1,2026-06-02 12:42:32
1504,1482,2031.04,netbanking,network_timeout,0,0.724,0.79,1,2026-06-03 12:42:32
1505,1316,3563.05,upi,repeated_failure,0,0.685,0.224,0,2026-07-27 12:42:32
1506,1763,4760.77,upi,temporary_bank_failure,2,0.949,0.77,0,2026-07-30 12:42:32
1507,1573,233.82,card,repeated_failure,3,0.746,0.02,0,2026-07-31 12:42:32
1508,1913,9850.8,netbanking,network_timeout,0,0.719,0.788,1,2026-06-29 12:42:32
1509,63,6582.23,card,network_timeout,2,0.843,0.677,0,2026-08-09 12:42:32
1510,680,4983.15,card,repeated_failure,0,0.827,0.281,0,2026-06-07 12:42:32
1511,912,5239.71,upi,authentication_failure,3,0.765,0.416,1,2026-07-15 12:42:32
1512,1229,879.11,card,temporary_bank_failure,2,0.796,0.708,1,2026-08-13 12:42:32
1513,1299,4366.73,netbanking,temporary_bank_failure,3,0.738,0.605,0,2026-06-26 12:42:32
1514,599,6227.46,upi,insufficient_balance,2,0.88,0.442,1,2026-06-07 12:42:32
1515,1547,4295.7,upi,temporary_bank_failure,3,0.471,0.498,1,2026-07-09 12:42:32
1516,1150,5643.94,netbanking,repeated_failure,0,0.696,0.228,1,2026-08-07 12:42:32
1517,1873,6891.64,upi,authentication_failure,0,0.244,0.448,1,2026-06-06 12:42:32
1518,607,4743.5,netbanking,network_timeout,1,0.519,0.628,1,2026-06-28 12:42:32
1519,1188,3394.07,upi,authentication_failure,0,0.618,0.597,1,2026-05-28 12:42:32
1520,1988,5209.73,wallet,customer_abandonment,2,0.638,0.095,0,2026-06-05 12:42:32
1521,1195,1899.9,netbanking,network_timeout,3,0.551,0.48,1,2026-06-23 12:42:32
1522,232,3964.73,wallet,customer_abandonment,0,0.737,0.295,1,2026-07-04 12:42:32
1523,1284,3165.35,wallet,temporary_bank_failure,2,0.708,0.673,0,2026-08-03 12:42:32
1524,1810,1915.71,netbanking,temporary_bank_failure,1,0.502,0.671,1,2026-08-25 12:42:32
1525,1667,8622.03,card,authentication_failure,0,0.644,0.608,1,2026-06-26 12:42:32
1526,989,843.92,upi,insufficient_balance,1,0.277,0.281,0,2026-07-24 12:42:32
1527,1942,5618.5,netbanking,authentication_failure,2,0.394,0.348,1,2026-07-14 12:42:32
1528,1759,4427.77,upi,customer_abandonment,2,0.91,0.204,0,2026-08-15 12:42:32
1529,541,4106.59,netbanking,network_timeout,0,0.641,0.756,1,2026-07-11 12:42:32
1530,1969,6148.5,upi,repeated_failure,2,0.512,0.02,0,2026-08-10 12:42:32
1531,1889,8382.54,upi,customer_abandonment,2,0.754,0.142,0,2026-07-18 12:42:32
1532,1441,3427.99,card,temporary_bank_failure,2,0.875,0.74,0,2026-05-29 12:42:32
1533,1136,5021.96,card,repeated_failure,1,0.704,0.152,1,2026-07-16 12:42:32
1534,1503,1041.43,netbanking,customer_abandonment,3,0.8,0.08,0,2026-07-29 12:42:32
1535,467,2571.28,wallet,customer_abandonment,1,0.842,0.257,0,2026-06-18 12:42:32
1536,1144,8094.03,card,authentication_failure,3,0.702,0.391,0,2026-06-26 12:42:32
1537,663,8625.02,wallet,repeated_failure,3,0.727,0.02,0,2026-06-18 12:42:32
1538,1137,6720.66,card,network_timeout,3,0.833,0.593,1,2026-06-18 12:42:32
1539,929,7944.67,card,temporary_bank_failure,1,0.821,0.798,0,2026-08-22 12:42:32
1540,1063,6106.22,wallet,repeated_failure,0,0.628,0.201,1,2026-08-10 12:42:32
1541,917,9619.86,netbanking,customer_abandonment,1,0.717,0.207,0,2026-06-25 12:42:32
1542,799,2468.19,upi,network_timeout,1,0.811,0.744,0,2026-05-28 12:42:32
1543,1673,9595.21,netbanking,insufficient_balance,1,0.659,0.434,1,2026-08-23 12:42:32
1544,1250,5521.4,upi,temporary_bank_failure,0,0.572,0.779,1,2026-08-05 12:42:32
1545,1683,1571.47,netbanking,temporary_bank_failure,0,0.777,0.861,1,2026-06-02 12:42:32
1546,167,4106.07,wallet,network_timeout,0,0.531,0.712,1,2026-08-24 12:42:32
1547,275,9893.25,wallet,repeated_failure,1,0.856,0.212,0,2026-08-09 12:42:32
1548,892,9423.98,upi,temporary_bank_failure,3,0.735,0.604,0,2026-07-06 12:42:32
1549,1874,6653.5,wallet,insufficient_balance,3,0.756,0.312,0,2026-07-20 12:42:32
1550,493,5471.5,card,temporary_bank_failure,3,0.556,0.532,1,2026-05-28 12:42:32
1551,1496,6345.43,netbanking,repeated_failure,2,0.639,0.046,0,2026-07-02 12:42:32
1552,381,9206.72,netbanking,network_timeout,3,0.881,0.612,1,2026-06-27 12:42:32
1553,342,9518.82,netbanking,insufficient_balance,3,0.861,0.354,1,2026-08-16 12:42:32
1554,1616,5849.89,wallet,repeated_failure,0,0.782,0.263,0,2026-06-28 12:42:32
1555,1460,3773.95,wallet,temporary_bank_failure,1,0.959,0.854,1,2026-06-14 12:42:32
1556,1819,6783.79,wallet,temporary_bank_failure,3,0.766,0.616,1,2026-07-24 12:42:32
1557,1537,9445.56,upi,network_timeout,0,0.671,0.768,1,2026-08-08 12:42:32
1558,689,9903.2,card,insufficient_balance,0,0.405,0.412,1,2026-08-01 12:42:32
1559,506,6713.39,netbanking,customer_abandonment,1,0.776,0.23,0,2026-07-24 12:42:32
1560,623,6735.51,card,insufficient_balance,3,0.899,0.37,0,2026-07-19 12:42:32
1561,1449,3028.64,netbanking,repeated_failure,3,0.738,0.02,0,2026-07-19 12:42:32
1562,1686,4539.24,wallet,authentication_failure,3,0.887,0.465,1,2026-06-23 12:42:32
1563,1883,8624.23,card,temporary_bank_failure,0,0.452,0.731,1,2026-08-23 12:42:32
1564,1763,6842.4,card,temporary_bank_failure,3,0.949,0.69,0,2026-06-05 12:42:32
1565,946,5811.14,netbanking,customer_abandonment,0,0.721,0.288,0,2026-07-11 12:42:32
1566,67,8839.54,upi,customer_abandonment,2,0.884,0.194,0,2026-06-26 12:42:32
1567,919,8950.33,upi,authentication_failure,0,0.66,0.614,1,2026-07-02 12:42:32
1568,1664,7584.06,card,customer_abandonment,0,0.793,0.317,0,2026-07-08 12:42:32
1569,1225,7812.15,upi,network_timeout,1,0.78,0.732,1,2026-06-01 12:42:32
1570,1195,7548.85,wallet,customer_abandonment,0,0.551,0.22,1,2026-06-10 12:42:32
1571,95,6458.55,card,customer_abandonment,2,0.469,0.028,0,2026-06-18 12:42:32
1572,69,3639.38,upi,temporary_bank_failure,0,0.782,0.863,1,2026-06-02 12:42:32
1573,834,4210.12,wallet,insufficient_balance,0,0.7,0.53,0,2026-07-10 12:42:32
1574,622,5224.54,upi,authentication_failure,1,0.728,0.561,0,2026-07-28 12:42:32
1575,1285,629.0,card,customer_abandonment,2,0.805,0.162,0,2026-07-22 12:42:32
1576,1039,5042.5,card,authentication_failure,1,0.796,0.588,0,2026-06-27 12:42:32
1577,486,816.34,card,temporary_bank_failure,0,0.728,0.841,1,2026-08-23 12:42:32
1578,292,1355.75,netbanking,authentication_failure,2,0.782,0.503,1,2026-05-28 12:42:32
1579,720,2844.86,card,network_timeout,0,0.78,0.812,1,2026-06-09 12:42:32
1580,1627,586.69,wallet,repeated_failure,3,0.618,0.02,0,2026-07-03 12:42:32
1581,900,256.95,netbanking,repeated_failure,0,0.706,0.232,1,2026-06-09 12:42:32
1582,503,4528.0,upi,network_timeout,3,0.754,0.562,1,2026-08-03 12:42:32
1583,1051,1507.19,upi,repeated_failure,0,0.376,0.1,0,2026-07-07 12:42:32
1584,1148,152.95,card,authentication_failure,1,0.981,0.662,1,2026-06-21 12:42:32
1585,552,4273.39,wallet,repeated_failure,0,0.403,0.111,0,2026-06-27 12:42:32
1586,776,9599.98,wallet,repeated_failure,0,0.89,0.306,0,2026-06-07 12:42:32
1587,607,9154.7,card,repeated_failure,2,0.519,0.02,0,2026-06-15 12:42:32
1588,1806,1421.34,card,network_timeout,2,0.906,0.702,1,2026-07-25 12:42:32
1589,434,1795.61,upi,temporary_bank_failure,3,0.655,0.572,1,2026-07-15 12:42:32
1590,961,4513.21,card,network_timeout,3,0.912,0.625,1,2026-07-19 12:42:32
1591,1441,6729.87,card,insufficient_balance,0,0.875,0.6,0,2026-06-17 12:42:32
1592,1362,6177.07,wallet,network_timeout,3,0.507,0.463,0,2026-07-14 12:42:32
1593,188,9827.53,card,customer_abandonment,1,0.816,0.246,0,2026-07-02 12:42:32
1594,499,7218.33,card,temporary_bank_failure,1,0.924,0.84,1,2026-08-04 12:42:32
1595,833,9245.06,wallet,customer_abandonment,2,0.809,0.164,1,2026-06-04 12:42:32
1596,1125,4429.74,netbanking,repeated_failure,1,0.828,0.201,0,2026-06-15 12:42:32
1597,228,228.8,wallet,temporary_bank_failure,3,0.886,0.664,1,2026-08-03 12:42:32
1598,1235,5052.95,upi,repeated_failure,0,0.548,0.169,0,2026-08-07 12:42:32
1599,1405,4345.99,card,network_timeout,2,0.173,0.409,0,2026-07-29 12:42:32
1600,70,6841.08,netbanking,repeated_failure,2,0.861,0.134,0,2026-08-10 12:42:32
1601,24,6738.35,card,customer_abandonment,2,0.874,0.19,1,2026-07-26 12:42:32
1602,1884,5113.92,upi,network_timeout,2,0.66,0.604,1,2026-06-27 12:42:32
1603,1426,2376.19,card,temporary_bank_failure,0,0.852,0.891,1,2026-08-24 12:42:32
1604,1377,5711.38,netbanking,customer_abandonment,3,0.752,0.061,0,2026-07-18 12:42:32
1605,1607,4571.23,upi,insufficient_balance,1,0.889,0.526,0,2026-08-15 12:42:32
1606,317,3984.58,card,network_timeout,3,0.802,0.581,1,2026-08-22 12:42:32
1607,502,1667.03,card,repeated_failure,0,0.814,0.276,1,2026-06-01 12:42:32
1608,1598,8704.08,upi,temporary_bank_failure,1,0.759,0.774,1,2026-08-13 12:42:32
1609,1699,6834.35,upi,authentication_failure,0,0.618,0.597,0,2026-07-06 12:42:32
1610,1974,9136.6,netbanking,insufficient_balance,0,0.708,0.533,1,2026-08-19 12:42:32
1611,271,5171.77,wallet,network_timeout,0,0.639,0.756,1,2026-07-02 12:42:32
1612,845,2047.22,netbanking,temporary_bank_failure,1,0.995,0.868,1,2026-07-01 12:42:32
1613,428,3809.03,upi,temporary_bank_failure,3,0.987,0.705,1,2026-08-08 12:42:32
1614,836,6037.07,netbanking,temporary_bank_failure,3,0.587,0.545,1,2026-07-16 12:42:32
1615,1320,5401.67,card,authentication_failure,1,0.35,0.41,1,2026-07-05 12:42:32
1616,918,543.21,card,network_timeout,1,0.805,0.742,0,2026-05-28 12:42:32
1617,1041,1136.14,netbanking,network_timeout,1,0.334,0.554,0,2026-06-08 12:42:32
1618,619,4869.85,netbanking,insufficient_balance,1,0.745,0.468,1,2026-07-30 12:42:32
1619,759,7107.06,wallet,authentication_failure,2,0.889,0.546,0,2026-08-17 12:42:32
1620,1996,4138.83,wallet,customer_abandonment,0,0.782,0.313,1,2026-07-02 12:42:32
1621,983,537.04,netbanking,customer_abandonment,2,0.637,0.095,0,2026-06-07 12:42:32
1622,1433,8076.19,netbanking,network_timeout,3,0.543,0.477,1,2026-06-20 12:42:32
1623,1551,123.24,netbanking,temporary_bank_failure,3,0.649,0.57,0,2026-07-31 12:42:32
1624,1879,6471.4,netbanking,customer_abandonment,1,0.611,0.164,0,2026-08-14 12:42:32
1625,1375,3228.45,wallet,repeated_failure,0,0.695,0.228,0,2026-08-25 12:42:32
1626,882,7747.97,card,authentication_failure,0,0.774,0.66,1,2026-06-18 12:42:32
1627,1495,3438.3,wallet,customer_abandonment,1,0.9,0.28,0,2026-08-07 12:42:32
1628,127,9982.4,card,customer_abandonment,2,0.78,0.152,0,2026-08-03 12:42:32
1629,240,9022.47,upi,insufficient_balance,0,0.542,0.467,1,2026-07-01 12:42:32
1630,1772,9919.74,upi,customer_abandonment,1,0.843,0.257,0,2026-07-28 12:42:32
1631,1794,726.3,netbanking,network_timeout,2,0.625,0.59,0,2026-07-19 12:42:32
1632,643,9146.27,netbanking,repeated_failure,2,0.97,0.178,0,2026-07-14 12:42:32
1633,762,5905.95,netbanking,repeated_failure,3,0.529,0.02,0,2026-06-19 12:42:32
1634,1664,406.61,wallet,customer_abandonment,0,0.793,0.317,0,2026-07-28 12:42:32
1635,410,2416.65,upi,authentication_failure,1,0.824,0.6,0,2026-07-27 12:42:32
1636,259,5210.85,upi,authentication_failure,0,0.935,0.724,1,2026-06-14 12:42:32
1637,1525,2778.17,upi,temporary_bank_failure,1,0.579,0.702,1,2026-07-30 12:42:32
1638,8,7841.82,wallet,network_timeout,2,0.64,0.596,0,2026-06-26 12:42:32
1639,1462,6582.28,netbanking,customer_abandonment,1,0.604,0.162,0,2026-08-15 12:42:32
1640,1538,9615.07,card,insufficient_balance,2,0.433,0.263,1,2026-06-19 12:42:32
1641,855,1134.36,upi,temporary_bank_failure,1,0.847,0.809,1,2026-08-15 12:42:32
1642,221,1109.33,upi,temporary_bank_failure,2,0.743,0.687,1,2026-07-09 12:42:32
1643,276,6965.75,upi,customer_abandonment,2,0.726,0.13,1,2026-06-09 12:42:32
1644,772,4048.33,card,temporary_bank_failure,3,0.751,0.61,0,2026-06-15 12:42:32
1645,1986,2792.83,netbanking,repeated_failure,3,0.794,0.028,0,2026-06-13 12:42:32
1646,791,8033.39,wallet,authentication_failure,0,0.751,0.65,1,2026-07-11 12:42:32
1647,162,2353.56,wallet,customer_abandonment,3,0.629,0.02,0,2026-08-15 12:42:32
1648,1900,2531.75,netbanking,insufficient_balance,0,0.431,0.422,0,2026-08-05 12:42:32
1649,494,2763.62,upi,authentication_failure,1,0.804,0.592,1,2026-08-14 12:42:32
1650,1287,2755.93,card,temporary_bank_failure,1,0.69,0.746,0,2026-07-24 12:42:32
1651,62,2786.74,netbanking,customer_abandonment,0,0.588,0.235,0,2026-06-04 12:42:32
1652,1049,9125.22,wallet,temporary_bank_failure,2,0.777,0.701,0,2026-08-25 12:42:32
1653,1459,2421.39,wallet,repeated_failure,0,0.432,0.123,0,2026-07-18 12:42:32
1654,1815,4391.29,wallet,network_timeout,2,0.864,0.686,1,2026-07-01 12:42:32
1655,1129,2457.04,netbanking,insufficient_balance,3,0.725,0.3,0,2026-05-31 12:42:32
1656,1378,7182.82,upi,authentication_failure,1,0.87,0.618,0,2026-05-31 12:42:32
1657,1577,6134.33,upi,repeated_failure,2,0.79,0.106,0,2026-07-15 12:42:32
1658,1117,3678.51,netbanking,temporary_bank_failure,3,0.747,0.609,1,2026-07-21 12:42:32
1659,969,5351.68,wallet,network_timeout,2,0.452,0.521,0,2026-06-13 12:42:32
1660,1360,8640.48,upi,network_timeout,3,0.659,0.524,1,2026-08-20 12:42:32
1661,410,9062.69,wallet,authentication_failure,3,0.824,0.44,1,2026-06-27 12:42:32
1662,254,8180.66,wallet,temporary_bank_failure,1,0.773,0.779,1,2026-05-29 12:42:32
1663,1608,9115.37,wallet,authentication_failure,1,0.697,0.549,1,2026-06-21 12:42:32
1664,858,5046.22,upi,customer_abandonment,3,0.832,0.093,0,2026-07-15 12:42:32
1665,465,3377.06,upi,repeated_failure,1,0.416,0.036,0,2026-08-07 12:42:32
1666,1936,7959.54,card,repeated_failure,2,0.753,0.091,0,2026-08-15 12:42:32
1667,1063,2904.64,wallet,temporary_bank_failure,3,0.628,0.561,1,2026-05-28 12:42:32
1668,889,2412.73,wallet,customer_abandonment,0,0.908,0.363,0,2026-08-21 12:42:32
1669,446,6846.46,wallet,customer_abandonment,0,0.661,0.264,0,2026-08-17 12:42:32
1670,93,2950.01,netbanking,repeated_failure,1,0.597,0.109,0,2026-06-26 12:42:32
1671,307,5556.3,upi,insufficient_balance,0,0.787,0.565,1,2026-06-24 12:42:32
1672,1915,3722.6,netbanking,authentication_failure,2,0.553,0.411,0,2026-08-22 12:42:32
1673,872,1145.42,wallet,authentication_failure,2,0.823,0.519,1,2026-06-13 12:42:32
1674,1058,4082.72,upi,network_timeout,3,0.492,0.457,0,2026-08-07 12:42:32
1675,1250,7247.57,netbanking,temporary_bank_failure,0,0.572,0.779,1,2026-07-03 12:42:32
1676,695,4418.52,upi,authentication_failure,2,0.898,0.549,0,2026-07-29 12:42:32
1677,1810,2479.09,wallet,insufficient_balance,2,0.502,0.291,0,2026-08-20 12:42:32
1678,641,1427.78,netbanking,temporary_bank_failure,3,0.898,0.669,1,2026-07-02 12:42:32
1679,1728,783.0,netbanking,temporary_bank_failure,0,0.617,0.797,1,2026-08-14 12:42:32
1680,1441,3414.7,card,temporary_bank_failure,3,0.875,0.66,1,2026-06-27 12:42:32
1681,838,3416.58,upi,temporary_bank_failure,1,0.71,0.754,1,2026-06-07 12:42:32
1682,712,6921.1,card,customer_abandonment,3,0.638,0.02,0,2026-08-20 12:42:32
1683,891,9375.8,card,authentication_failure,0,0.65,0.61,1,2026-05-28 12:42:32
1684,1390,9473.74,wallet,temporary_bank_failure,0,0.583,0.783,1,2026-08-16 12:42:32
1685,1664,7631.52,netbanking,network_timeout,0,0.793,0.817,0,2026-08-14 12:42:32
1686,401,5672.02,upi,network_timeout,1,0.763,0.725,0,2026-08-05 12:42:32
1687,298,8062.62,upi,customer_abandonment,1,0.901,0.28,1,2026-07-22 12:42:32
1688,271,5558.04,upi,temporary_bank_failure,1,0.639,0.726,0,2026-06-08 12:42:32
1689,86,144.59,upi,authentication_failure,3,0.735,0.404,0,2026-07-25 12:42:32
1690,1333,7947.76,upi,authentication_failure,3,0.693,0.387,1,2026-06-06 12:42:32
1691,1650,4587.29,card,insufficient_balance,2,0.795,0.408,0,2026-07-20 12:42:32
1692,293,9140.74,netbanking,customer_abandonment,3,0.746,0.058,0,2026-07-29 12:42:32
1693,1532,2121.96,upi,repeated_failure,3,0.502,0.02,0,2026-07-31 12:42:32
1694,816,1387.26,wallet,temporary_bank_failure,3,0.666,0.576,0,2026-07-01 12:42:32
1695,638,9024.91,upi,authentication_failure,2,0.342,0.327,0,2026-06-24 12:42:32
1696,586,4853.25,wallet,network_timeout,0,0.547,0.719,1,2026-07-03 12:42:32
1697,1658,789.49,netbanking,repeated_failure,1,0.162,0.02,0,2026-07-09 12:42:32
1698,330,4282.21,wallet,authentication_failure,0,0.806,0.672,1,2026-07-23 12:42:32
1699,941,8748.2,netbanking,temporary_bank_failure,2,0.692,0.667,0,2026-08-15 12:42:32
1700,1661,277.78,card,network_timeout,0,0.868,0.847,0,2026-06-02 12:42:32
1701,1482,7866.91,upi,network_timeout,3,0.724,0.55,1,2026-08-14 12:42:32
1702,867,7012.9,wallet,customer_abandonment,1,0.926,0.29,0,2026-08-17 12:42:32
1703,190,1334.5,netbanking,repeated_failure,0,0.6,0.19,0,2026-07-19 12:42:32
1704,243,4242.65,wallet,authentication_failure,2,0.788,0.505,0,2026-06-05 12:42:32
1705,1690,6090.51,upi,customer_abandonment,1,0.734,0.214,0,2026-08-23 12:42:32
1706,311,1801.55,netbanking,temporary_bank_failure,2,0.7,0.67,1,2026-05-29 12:42:32
1707,382,7145.65,upi,temporary_bank_failure,0,0.977,0.941,1,2026-06-07 12:42:32
1708,664,8655.88,card,network_timeout,2,0.592,0.577,1,2026-06-17 12:42:32
1709,581,4374.87,card,repeated_failure,1,0.858,0.213,0,2026-08-22 12:42:32
1710,584,4679.93,card,authentication_failure,0,0.944,0.728,1,2026-07-09 12:42:32
1711,1964,364.1,netbanking,customer_abandonment,1,0.696,0.198,0,2026-07-26 12:42:32
1712,368,8732.65,wallet,repeated_failure,1,0.607,0.113,0,2026-08-12 12:42:32
1713,1296,8539.14,wallet,authentication_failure,3,0.946,0.488,0,2026-06-17 12:42:32
1714,915,5355.5,card,authentication_failure,1,0.692,0.547,1,2026-06-23 12:42:32
1715,1048,2410.62,wallet,temporary_bank_failure,1,0.995,0.868,1,2026-08-22 12:42:32
1716,482,9681.84,upi,network_timeout,0,0.681,0.772,1,2026-06-01 12:42:32
1717,1459,4426.63,card,temporary_bank_failure,1,0.432,0.643,1,2026-06-05 12:42:32
1718,99,3008.24,upi,insufficient_balance,2,0.814,0.416,1,2026-07-18 12:42:32
1719,1096,3307.39,upi,authentication_failure,3,0.618,0.357,0,2026-08-14 12:42:32
1720,689,4965.99,netbanking,repeated_failure,3,0.405,0.02,0,2026-06-10 12:42:32
1721,1305,9566.83,netbanking,network_timeout,0,0.88,0.852,1,2026-08-07 12:42:32
1722,1619,7902.78,netbanking,network_timeout,2,0.944,0.718,1,2026-07-17 12:42:32
1723,1019,8091.39,wallet,customer_abandonment,0,0.879,0.352,0,2026-07-15 12:42:32
1724,375,5430.0,card,customer_abandonment,2,0.762,0.145,0,2026-08-20 12:42:32
1725,1415,758.08,card,customer_abandonment,3,0.848,0.099,0,2026-08-25 12:42:32
1726,1220,3567.7,wallet,authentication_failure,2,0.728,0.481,0,2026-05-28 12:42:32
1727,1332,5749.76,wallet,network_timeout,3,0.761,0.564,0,2026-06-18 12:42:32
1728,1678,9087.94,wallet,network_timeout,1,0.535,0.634,1,2026-07-17 12:42:32
1729,1075,115.64,card,authentication_failure,3,0.688,0.385,1,2026-07-03 12:42:32
1730,11,2735.83,wallet,customer_abandonment,3,0.772,0.069,0,2026-06-09 12:42:32
1731,1005,319.13,wallet,authentication_failure,2,0.904,0.552,0,2026-06-08 12:42:32
1732,1342,625.15,card,authentication_failure,3,0.796,0.428,1,2026-06-26 12:42:32
1733,1068,5694.22,card,repeated_failure,3,0.848,0.049,0,2026-06-22 12:42:32
1734,592,8975.08,netbanking,insufficient_balance,0,0.866,0.596,0,2026-07-02 12:42:32
1735,1165,1501.95,wallet,temporary_bank_failure,0,0.476,0.74,1,2026-05-30 12:42:32
1736,1633,6887.47,netbanking,customer_abandonment,3,0.682,0.033,0,2026-08-12 12:42:32
1737,699,1100.78,upi,customer_abandonment,2,0.358,0.02,0,2026-06-07 12:42:32
1738,115,2279.28,netbanking,repeated_failure,1,0.774,0.18,1,2026-08-06 12:42:32
1739,1837,6803.35,card,authentication_failure,1,0.786,0.584,0,2026-07-10 12:42:32
1740,541,2554.53,card,repeated_failure,0,0.641,0.206,0,2026-07-21 12:42:32
1741,525,1453.68,wallet,authentication_failure,3,0.963,0.495,0,2026-06-09 12:42:32
1742,378,8122.0,wallet,network_timeout,3,0.546,0.478,0,2026-07-30 12:42:32
1743,257,9943.45,upi,network_timeout,0,0.912,0.865,1,2026-06-22 12:42:32
1744,259,3162.31,netbanking,network_timeout,1,0.935,0.794,0,2026-06-28 12:42:32
1745,1798,6002.21,card,customer_abandonment,1,0.863,0.265,0,2026-06-06 12:42:32
1746,341,4575.68,upi,authentication_failure,2,0.438,0.365,0,2026-06-18 12:42:32
1747,1260,4885.58,card,customer_abandonment,2,0.451,0.02,0,2026-06-18 12:42:32
1748,461,4301.45,wallet,authentication_failure,0,0.877,0.701,1,2026-06-16 12:42:32
1749,26,7006.7,wallet,insufficient_balance,2,0.798,0.409,0,2026-07-26 12:42:32
1750,149,1039.59,netbanking,temporary_bank_failure,2,0.227,0.481,0,2026-07-16 12:42:32
1751,293,3306.57,upi,temporary_bank_failure,0,0.746,0.848,1,2026-07-04 12:42:32
1752,596,6650.76,wallet,insufficient_balance,3,0.812,0.335,0,2026-07-27 12:42:32
1753,1112,4040.74,wallet,authentication_failure,1,0.784,0.584,0,2026-08-11 12:42:32
1754,942,1047.33,card,network_timeout,2,0.77,0.648,0,2026-07-08 12:42:32
1755,1301,6827.56,upi,repeated_failure,2,0.861,0.134,0,2026-06-19 12:42:32
1756,27,1788.25,card,customer_abandonment,2,0.766,0.146,0,2026-06-30 12:42:32
1757,1144,2998.14,netbanking,network_timeout,0,0.702,0.781,0,2026-06-18 12:42:32
1758,645,2816.69,netbanking,authentication_failure,3,0.806,0.432,0,2026-08-22 12:42:32
1759,1279,8624.52,upi,insufficient_balance,0,0.722,0.539,1,2026-06-05 12:42:32
1760,620,709.28,card,customer_abandonment,1,0.996,0.318,1,2026-08-23 12:42:32
1761,1353,284.6,wallet,network_timeout,0,0.799,0.82,1,2026-08-03 12:42:32
1762,802,5179.46,card,temporary_bank_failure,2,0.406,0.552,1,2026-07-29 12:42:32
1763,1283,6053.73,wallet,repeated_failure,0,0.752,0.251,0,2026-06-12 12:42:32
1764,165,3731.38,card,temporary_bank_failure,0,0.44,0.726,1,2026-07-31 12:42:32
1765,1717,8250.36,netbanking,insufficient_balance,3,0.809,0.334,0,2026-06-23 12:42:32
1766,1942,4931.58,card,authentication_failure,1,0.394,0.428,0,2026-07-10 12:42:32
1767,599,9932.32,card,customer_abandonment,1,0.88,0.272,0,2026-06-09 12:42:32
1768,1608,7614.38,wallet,repeated_failure,0,0.697,0.229,1,2026-08-25 12:42:32
1769,60,5075.22,wallet,authentication_failure,2,0.621,0.438,0,2026-06-27 12:42:32
1770,546,8637.12,card,customer_abandonment,2,0.688,0.115,0,2026-08-04 12:42:32
1771,1501,4151.57,upi,temporary_bank_failure,1,0.912,0.835,1,2026-06-20 12:42:32
1772,851,6104.47,netbanking,insufficient_balance,2,0.758,0.393,1,2026-08-02 12:42:32
1773,1357,2723.85,wallet,customer_abandonment,0,0.886,0.354,0,2026-07-20 12:42:32
1774,1840,4136.62,wallet,temporary_bank_failure,0,0.66,0.814,1,2026-06-29 12:42:32
1775,1644,1209.78,upi,network_timeout,0,0.676,0.77,1,2026-06-23 12:42:32
1776,1908,9537.91,wallet,insufficient_balance,1,0.846,0.508,1,2026-08-20 12:42:32
1777,275,5029.97,card,authentication_failure,3,0.856,0.452,0,2026-06-20 12:42:32
1778,1702,6572.27,netbanking,customer_abandonment,1,0.784,0.234,0,2026-07-29 12:42:32
1779,26,5026.73,netbanking,insufficient_balance,1,0.798,0.489,1,2026-07-02 12:42:32
1780,2000,7128.34,netbanking,insufficient_balance,3,0.551,0.23,0,2026-05-31 12:42:32
1781,20,9873.42,card,customer_abandonment,3,0.658,0.023,0,2026-07-03 12:42:32
1782,1330,3224.97,netbanking,network_timeout,1,0.642,0.677,1,2026-07-18 12:42:32
1783,802,342.35,wallet,temporary_bank_failure,0,0.406,0.712,1,2026-07-29 12:42:32
1784,1098,3824.39,card,repeated_failure,2,0.563,0.02,0,2026-06-03 12:42:32
1785,1356,9286.22,card,authentication_failure,1,0.601,0.51,0,2026-06-30 12:42:32
1786,481,5093.77,wallet,repeated_failure,2,0.621,0.038,0,2026-06-01 12:42:32
1787,734,6413.26,wallet,authentication_failure,3,0.588,0.345,1,2026-07-09 12:42:32
1788,117,8480.96,upi,authentication_failure,2,0.579,0.422,0,2026-07-20 12:42:32
1789,1392,3201.18,wallet,temporary_bank_failure,0,0.85,0.89,1,2026-07-27 12:42:32
1790,1228,6271.56,wallet,network_timeout,0,0.379,0.652,1,2026-08-02 12:42:32
1791,1018,1843.28,netbanking,network_timeout,3,0.681,0.532,0,2026-06-15 12:42:32
1792,448,2888.63,wallet,network_timeout,1,0.821,0.748,1,2026-07-14 12:42:32
1793,520,2946.78,card,customer_abandonment,2,0.545,0.058,0,2026-08-11 12:42:32
1794,1666,404.67,netbanking,customer_abandonment,0,0.833,0.333,1,2026-06-20 12:42:32
1795,325,1100.18,card,authentication_failure,1,0.874,0.62,0,2026-06-23 12:42:32
1796,502,8337.74,upi,temporary_bank_failure,1,0.814,0.796,0,2026-07-21 12:42:32
1797,1638,4969.57,upi,temporary_bank_failure,2,0.362,0.535,1,2026-07-27 12:42:32
1798,348,1727.49,wallet,temporary_bank_failure,1,0.671,0.738,1,2026-07-20 12:42:32
1799,589,5426.87,upi,customer_abandonment,2,0.833,0.173,0,2026-06-28 12:42:32
1800,566,5399.0,wallet,repeated_failure,1,0.744,0.168,1,2026-05-28 12:42:32
1801,1285,7751.45,upi,temporary_bank_failure,3,0.805,0.632,1,2026-07-05 12:42:32
1802,116,6622.67,card,insufficient_balance,2,0.875,0.44,0,2026-08-03 12:42:32
1803,1653,1930.77,netbanking,insufficient_balance,2,0.485,0.284,0,2026-08-21 12:42:32
1804,1552,1492.47,wallet,temporary_bank_failure,3,0.656,0.572,1,2026-08-06 12:42:32
1805,1648,5117.02,wallet,insufficient_balance,0,0.671,0.518,1,2026-06-04 12:42:32
1806,1964,1554.4,wallet,repeated_failure,1,0.696,0.148,0,2026-05-30 12:42:32
1807,1044,7701.82,upi,repeated_failure,3,0.562,0.02,0,2026-06-07 12:42:32
1808,1837,3528.03,upi,authentication_failure,0,0.786,0.664,1,2026-08-06 12:42:32
1809,1013,5812.83,netbanking,network_timeout,2,0.577,0.571,1,2026-08-02 12:42:32
1810,1750,9683.41,wallet,repeated_failure,2,0.848,0.129,0,2026-06-13 12:42:32
1811,848,3357.16,wallet,authentication_failure,1,0.815,0.596,0,2026-07-04 12:42:32
1812,896,6588.62,wallet,authentication_failure,1,0.632,0.523,1,2026-06-23 12:42:32
1813,1527,8002.9,card,customer_abandonment,0,0.899,0.36,1,2026-08-13 12:42:32
1814,1442,182.82,upi,network_timeout,1,0.801,0.74,1,2026-08-08 12:42:32
1815,1541,6606.26,upi,authentication_failure,0,0.737,0.645,0,2026-08-16 12:42:32
1816,1061,5016.79,upi,temporary_bank_failure,0,0.338,0.685,0,2026-07-13 12:42:32
1817,1486,2221.29,wallet,repeated_failure,2,0.592,0.027,0,2026-07-11 12:42:32
1818,745,2463.78,netbanking,repeated_failure,1,0.709,0.154,0,2026-07-11 12:42:32
1819,1995,4238.19,card,repeated_failure,2,0.852,0.131,0,2026-07-28 12:42:32
1820,855,7191.91,netbanking,insufficient_balance,3,0.847,0.349,0,2026-08-21 12:42:32
1821,1511,1213.79,upi,authentication_failure,2,0.558,0.413,0,2026-07-10 12:42:32
1822,607,5892.7,upi,customer_abandonment,1,0.519,0.128,0,2026-06-25 12:42:32
1823,1871,172.0,upi,network_timeout,1,0.936,0.794,1,2026-08-11 12:42:32
1824,1284,8334.67,upi,network_timeout,2,0.708,0.623,0,2026-08-17 12:42:32
1825,703,5827.99,wallet,temporary_bank_failure,2,0.801,0.71,1,2026-06-11 12:42:32
1826,1977,3451.41,card,insufficient_balance,3,0.635,0.264,0,2026-07-09 12:42:32
1827,1915,6905.01,upi,repeated_failure,3,0.553,0.02,0,2026-07-31 12:42:32
1828,1586,7791.77,netbanking,insufficient_balance,1,0.936,0.544,0,2026-06-06 12:42:32
1829,729,6078.35,wallet,customer_abandonment,0,0.574,0.23,0,2026-05-29 12:42:32
1830,95,6564.63,card,authentication_failure,0,0.469,0.538,1,2026-05-31 12:42:32
1831,654,1322.29,card,repeated_failure,3,0.956,0.092,0,2026-08-13 12:42:32
1832,1892,6709.26,upi,insufficient_balance,3,0.712,0.295,1,2026-07-05 12:42:32
1833,40,3953.74,wallet,customer_abandonment,1,0.677,0.191,0,2026-06-27 12:42:32
1834,1849,9299.68,upi,authentication_failure,3,0.87,0.458,1,2026-07-06 12:42:32
1835,1622,9872.12,netbanking,customer_abandonment,1,0.884,0.274,0,2026-06-07 12:42:32
1836,830,152.71,netbanking,customer_abandonment,2,0.95,0.22,0,2026-06-19 12:42:32
1837,1250,8529.7,upi,insufficient_balance,1,0.572,0.399,1,2026-08-11 12:42:32
1838,735,6580.21,card,authentication_failure,0,0.832,0.683,1,2026-06-02 12:42:32
1839,1161,760.83,upi,repeated_failure,0,0.831,0.282,0,2026-08-11 12:42:32
1840,321,2726.6,upi,repeated_failure,0,0.945,0.328,0,2026-06-01 12:42:32
1841,1101,7573.24,card,network_timeout,0,0.738,0.795,1,2026-06-13 12:42:32
1842,11,7049.28,wallet,network_timeout,2,0.772,0.649,0,2026-07-07 12:42:32
1843,1397,2596.6,netbanking,temporary_bank_failure,2,0.741,0.686,1,2026-08-22 12:42:32
1844,855,1056.23,wallet,network_timeout,0,0.847,0.839,1,2026-08-09 12:42:32
1845,1192,9326.25,wallet,customer_abandonment,0,0.788,0.315,1,2026-06-11 12:42:32
1846,61,8536.26,card,temporary_bank_failure,1,0.708,0.753,1,2026-08-06 12:42:32
1847,969,5837.41,card,authentication_failure,1,0.452,0.451,0,2026-08-09 12:42:32
1848,1593,9153.13,card,authentication_failure,1,0.578,0.501,1,2026-06-28 12:42:32
1849,1542,484.85,upi,temporary_bank_failure,2,0.811,0.714,1,2026-08-07 12:42:32
1850,1587,5381.86,netbanking,network_timeout,2,0.893,0.697,1,2026-06-30 12:42:32
1851,738,1233.88,wallet,network_timeout,2,0.882,0.693,1,2026-06-16 12:42:32
1852,1202,2517.91,upi,network_timeout,2,0.826,0.67,0,2026-08-06 12:42:32
1853,1130,1163.79,upi,customer_abandonment,0,0.729,0.292,0,2026-08-14 12:42:32
1854,522,1468.83,wallet,temporary_bank_failure,0,0.561,0.774,0,2026-06-21 12:42:32
1855,1968,397.2,card,network_timeout,1,0.879,0.772,1,2026-07-31 12:42:32
1856,34,5516.56,wallet,insufficient_balance,1,0.645,0.428,0,2026-07-17 12:42:32
1857,1655,8605.39,card,temporary_bank_failure,1,0.946,0.848,1,2026-07-11 12:42:32
1858,599,9447.87,netbanking,authentication_failure,3,0.88,0.462,0,2026-06-07 12:42:32
1859,16,2833.57,upi,repeated_failure,3,0.435,0.02,0,2026-08-17 12:42:32
1860,447,7541.63,card,insufficient_balance,0,0.684,0.524,1,2026-06-23 12:42:32
1861,664,5280.26,wallet,insufficient_balance,2,0.592,0.327,0,2026-08-13 12:42:32
1862,855,7967.34,wallet,repeated_failure,2,0.847,0.129,0,2026-06-29 12:42:32
1863,1005,4050.5,card,customer_abandonment,0,0.904,0.362,0,2026-08-05 12:42:32
1864,1688,1110.54,upi,network_timeout,1,0.696,0.698,0,2026-06-02 12:42:32
1865,1652,953.87,card,network_timeout,2,0.777,0.651,1,2026-07-23 12:42:32
1866,120,1665.11,wallet,repeated_failure,2,0.338,0.02,0,2026-06-17 12:42:32
1867,2000,1532.64,wallet,insufficient_balance,0,0.551,0.47,1,2026-06-27 12:42:32
1868,247,8047.38,card,insufficient_balance,2,0.89,0.446,0,2026-06-22 12:42:32
1869,1947,9861.32,wallet,repeated_failure,3,0.285,0.02,0,2026-07-10 12:42:32
1870,1794,4338.32,upi,customer_abandonment,2,0.625,0.09,0,2026-06-22 12:42:32
1871,1190,4216.28,netbanking,customer_abandonment,2,0.674,0.11,0,2026-07-02 12:42:32
1872,1940,5397.69,card,temporary_bank_failure,3,0.7,0.59,1,2026-07-05 12:42:32
1873,650,5567.0,wallet,repeated_failure,1,0.632,0.123,0,2026-07-09 12:42:32
1874,1309,9393.73,upi,authentication_failure,1,0.676,0.54,1,2026-06-18 12:42:32
1875,1994,7365.81,card,insufficient_balance,2,0.541,0.306,0,2026-06-25 12:42:32
1876,873,8357.94,card,customer_abandonment,2,0.622,0.089,0,2026-07-23 12:42:32
1877,554,6444.46,card,network_timeout,3,0.77,0.568,1,2026-07-15 12:42:32
1878,559,6628.95,card,customer_abandonment,0,0.529,0.212,0,2026-06-17 12:42:32
1879,402,3401.77,netbanking,repeated_failure,0,0.581,0.182,0,2026-07-15 12:42:32
1880,1489,3550.24,netbanking,authentication_failure,0,0.862,0.695,1,2026-08-19 12:42:32
1881,1925,853.39,upi,network_timeout,0,0.854,0.842,1,2026-07-20 12:42:32
1882,1754,5674.95,wallet,authentication_failure,3,0.606,0.352,1,2026-06-14 12:42:32
1883,1439,1893.83,upi,temporary_bank_failure,3,0.716,0.596,0,2026-06-25 12:42:32
1884,120,100.52,card,authentication_failure,0,0.338,0.485,0,2026-07-10 12:42:32
1885,772,9345.2,netbanking,network_timeout,3,0.751,0.56,1,2026-08-20 12:42:32
1886,1691,9603.18,upi,network_timeout,2,0.878,0.691,1,2026-06-13 12:42:32
1887,351,8764.58,upi,network_timeout,1,0.777,0.731,0,2026-06-20 12:42:32
1888,1406,3816.24,netbanking,repeated_failure,1,0.759,0.174,0,2026-07-24 12:42:32
1889,397,332.24,netbanking,authentication_failure,3,0.375,0.26,0,2026-07-22 12:42:32
1890,851,7919.87,wallet,repeated_failure,3,0.758,0.02,0,2026-06-19 12:42:32
1891,545,8245.09,wallet,customer_abandonment,2,0.698,0.119,0,2026-08-14 12:42:32
1892,11,3901.09,wallet,repeated_failure,0,0.772,0.259,1,2026-08-23 12:42:32
1893,1027,2312.93,wallet,network_timeout,2,0.569,0.568,0,2026-07-17 12:42:32
1894,134,3452.57,netbanking,network_timeout,2,0.843,0.677,0,2026-08-13 12:42:32
1895,342,7068.97,netbanking,authentication_failure,0,0.861,0.694,1,2026-07-26 12:42:32
1896,956,2759.13,upi,customer_abandonment,1,0.837,0.255,0,2026-06-27 12:42:32
1897,1660,7731.06,card,network_timeout,2,0.58,0.572,0,2026-07-19 12:42:32
1898,1619,2699.47,card,authentication_failure,3,0.944,0.488,1,2026-08-11 12:42:32
1899,955,6369.51,upi,authentication_failure,3,0.864,0.456,0,2026-06-04 12:42:32
1900,523,1545.57,card,customer_abandonment,1,0.679,0.192,0,2026-06-15 12:42:32
1901,69,8124.11,card,repeated_failure,3,0.782,0.023,0,2026-08-09 12:42:32
1902,1647,8943.34,upi,network_timeout,3,0.722,0.549,0,2026-06-25 12:42:32
1903,1657,7349.78,card,insufficient_balance,1,0.846,0.508,0,2026-07-01 12:42:32
1904,1578,5169.03,upi,network_timeout,1,0.868,0.767,1,2026-07-24 12:42:32
1905,1301,6336.21,card,repeated_failure,1,0.861,0.214,0,2026-07-09 12:42:32
1906,972,2724.72,card,network_timeout,2,0.883,0.693,1,2026-06-15 12:42:32
1907,248,1475.7,upi,customer_abandonment,1,0.695,0.198,0,2026-08-04 12:42:32
1908,529,2722.18,wallet,authentication_failure,1,0.572,0.499,0,2026-08-25 12:42:32
1909,921,6061.47,wallet,insufficient_balance,2,0.534,0.304,0,2026-06-06 12:42:32
1910,1032,7281.36,card,authentication_failure,1,0.479,0.462,0,2026-08-10 12:42:32
1911,1858,4677.38,upi,customer_abandonment,1,0.778,0.231,0,2026-06-17 12:42:32
1912,115,9055.59,upi,insufficient_balance,2,0.774,0.4,0,2026-07-24 12:42:32
1913,1579,1463.85,card,authentication_failure,0,0.644,0.608,1,2026-06-27 12:42:32
1914,1141,6983.21,upi,repeated_failure,2,0.928,0.161,0,2026-06-28 12:42:32
1915,601,3890.8,wallet,temporary_bank_failure,3,0.778,0.621,0,2026-08-25 12:42:32
1916,57,8577.22,upi,customer_abandonment,3,0.652,0.021,0,2026-07-02 12:42:32
1917,1281,7083.09,wallet,insufficient_balance,0,0.699,0.53,0,2026-08-04 12:42:32
1918,776,1967.34,card,insufficient_balance,2,0.89,0.446,0,2026-07-19 12:42:32
1919,1877,5101.12,wallet,network_timeout,2,0.838,0.675,0,2026-07-04 12:42:32
1920,1952,4487.48,wallet,insufficient_balance,2,0.804,0.412,1,2026-06-10 12:42:32
1921,1228,6983.66,wallet,insufficient_balance,1,0.379,0.322,0,2026-06-24 12:42:32
1922,49,9865.83,netbanking,authentication_failure,2,0.726,0.48,1,2026-05-28 12:42:32
1923,71,9133.6,netbanking,network_timeout,2,0.813,0.665,1,2026-06-16 12:42:32
1924,1237,9986.31,upi,customer_abandonment,2,0.591,0.076,0,2026-06-01 12:42:32
1925,359,191.6,upi,temporary_bank_failure,0,0.435,0.724,1,2026-08-03 12:42:32
1926,176,1885.52,upi,authentication_failure,2,0.479,0.382,0,2026-06-06 12:42:32
1927,927,4131.02,card,insufficient_balance,1,0.521,0.378,1,2026-07-04 12:42:32
1928,1879,1658.05,wallet,repeated_failure,0,0.611,0.194,1,2026-07-08 12:42:32
1929,1002,801.63,wallet,customer_abandonment,2,0.698,0.119,0,2026-08-20 12:42:32
1930,813,5535.92,wallet,customer_abandonment,2,0.807,0.163,0,2026-08-13 12:42:32
1931,414,9986.12,card,temporary_bank_failure,0,0.512,0.755,0,2026-06-29 12:42:32
1932,1300,8246.59,card,insufficient_balance,2,0.773,0.399,1,2026-06-30 12:42:32
1933,971,2704.39,card,repeated_failure,1,0.731,0.162,0,2026-07-09 12:42:32
1934,764,7180.84,upi,repeated_failure,1,0.588,0.105,0,2026-06-24 12:42:32
1935,846,241.34,wallet,repeated_failure,3,0.877,0.061,0,2026-07-31 12:42:32
1936,754,3255.1,upi,customer_abandonment,3,0.891,0.116,0,2026-06-01 12:42:32
1937,1174,8608.4,wallet,authentication_failure,3,0.806,0.432,0,2026-07-26 12:42:32
1938,1045,9902.74,card,authentication_failure,1,0.623,0.519,0,2026-08-05 12:42:32
1939,548,4921.46,wallet,temporary_bank_failure,3,0.8,0.63,1,2026-07-27 12:42:32
1940,627,2895.73,wallet,customer_abandonment,0,0.752,0.301,0,2026-08-04 12:42:32
1941,997,2149.16,card,repeated_failure,1,0.641,0.126,0,2026-08-21 12:42:32
1942,1744,2871.38,card,authentication_failure,0,0.503,0.551,0,2026-06-20 12:42:32
1943,1176,177.06,upi,network_timeout,3,0.295,0.378,0,2026-05-31 12:42:32
1944,1391,1944.54,upi,temporary_bank_failure,3,0.846,0.648,1,2026-08-06 12:42:32
1945,984,1873.88,card,customer_abandonment,2,0.681,0.112,0,2026-07-08 12:42:32
1946,807,833.68,upi,repeated_failure,1,0.929,0.242,1,2026-06-05 12:42:32
1947,566,5500.02,wallet,repeated_failure,1,0.744,0.168,0,2026-08-19 12:42:32
1948,78,2953.3,card,insufficient_balance,0,0.595,0.488,1,2026-07-14 12:42:32
1949,1101,8242.93,netbanking,insufficient_balance,0,0.738,0.545,1,2026-08-16 12:42:32
1950,1053,2252.73,card,insufficient_balance,3,0.806,0.332,1,2026-07-13 12:42:32
1951,559,839.98,upi,authentication_failure,3,0.529,0.322,0,2026-07-13 12:42:32
1952,156,3639.08,card,insufficient_balance,1,0.712,0.455,1,2026-07-05 12:42:32
1953,493,2334.38,netbanking,customer_abandonment,0,0.556,0.222,0,2026-06-14 12:42:32
1954,590,806.1,netbanking,temporary_bank_failure,0,0.609,0.794,1,2026-06-16 12:42:32
1955,375,1677.96,wallet,network_timeout,3,0.762,0.565,1,2026-05-31 12:42:32
1956,1399,4755.47,upi,repeated_failure,3,0.88,0.062,0,2026-06-22 12:42:32
1957,963,3168.8,upi,authentication_failure,1,0.577,0.501,0,2026-07-15 12:42:32
1958,1492,7001.2,upi,repeated_failure,0,0.762,0.255,0,2026-06-03 12:42:32
1959,1544,2563.28,netbanking,temporary_bank_failure,1,0.59,0.706,1,2026-05-28 12:42:32
1960,801,8448.29,upi,insufficient_balance,0,0.575,0.48,0,2026-08-25 12:42:32
1961,1547,608.21,card,insufficient_balance,3,0.471,0.198,0,2026-08-08 12:42:32
1962,943,603.45,upi,temporary_bank_failure,1,0.396,0.628,0,2026-06-07 12:42:32
1963,1158,240.6,card,authentication_failure,0,0.656,0.612,0,2026-06-27 12:42:32
1964,1624,4604.65,upi,authentication_failure,3,0.514,0.316,0,2026-06-13 12:42:32
1965,578,7295.95,wallet,repeated_failure,1,0.828,0.201,0,2026-07-27 12:42:32
1966,378,644.87,upi,customer_abandonment,2,0.546,0.058,0,2026-08-17 12:42:32
1967,196,534.66,upi,customer_abandonment,0,0.402,0.161,0,2026-06-08 12:42:32
1968,818,2514.04,netbanking,network_timeout,2,0.643,0.597,0,2026-07-12 12:42:32
1969,344,4549.88,wallet,customer_abandonment,2,0.353,0.02,0,2026-06-06 12:42:32
1970,1381,9393.62,upi,repeated_failure,0,0.392,0.107,0,2026-08-05 12:42:32
1971,606,9186.69,wallet,authentication_failure,0,0.579,0.582,1,2026-07-22 12:42:32
1972,787,8734.82,wallet,repeated_failure,2,0.889,0.146,0,2026-08-07 12:42:32
1973,64,1146.67,upi,customer_abandonment,2,0.752,0.141,0,2026-06-13 12:42:32
1974,1603,9190.76,netbanking,customer_abandonment,1,0.752,0.221,0,2026-07-07 12:42:32
1975,1955,3284.46,wallet,temporary_bank_failure,3,0.385,0.464,0,2026-06-21 12:42:32
1976,1173,9872.96,card,authentication_failure,0,0.881,0.702,1,2026-08-03 12:42:32
1977,1377,4837.98,upi,network_timeout,2,0.752,0.641,1,2026-05-28 12:42:32
1978,1199,2036.15,card,insufficient_balance,1,0.775,0.48,0,2026-08-20 12:42:32
1979,1045,8716.92,upi,temporary_bank_failure,2,0.623,0.639,1,2026-06-01 12:42:32
1980,497,570.43,upi,repeated_failure,2,0.636,0.044,0,2026-06-01 12:42:32
1981,605,5199.34,netbanking,authentication_failure,2,0.676,0.46,1,2026-07-31 12:42:32
1982,1494,5841.68,wallet,customer_abandonment,2,0.595,0.078,0,2026-07-30 12:42:32
1983,1095,3324.5,upi,network_timeout,0,0.589,0.736,1,2026-08-12 12:42:32
1984,276,9627.27,card,network_timeout,1,0.726,0.71,1,2026-06-09 12:42:32
1985,175,8372.15,card,authentication_failure,0,0.494,0.548,1,2026-06-20 12:42:32
1986,1421,4326.36,upi,insufficient_balance,2,0.952,0.471,0,2026-06-19 12:42:32
1987,1700,4068.37,netbanking,authentication_failure,2,0.593,0.427,0,2026-07-05 12:42:32
1988,1400,3526.46,netbanking,authentication_failure,1,0.471,0.458,0,2026-06-11 12:42:32
1989,1009,5049.77,upi,repeated_failure,1,0.691,0.146,0,2026-08-17 12:42:32
1990,913,2341.65,wallet,repeated_failure,0,0.848,0.289,0,2026-08-20 12:42:32
1991,853,828.45,wallet,authentication_failure,0,0.638,0.605,0,2026-08-12 12:42:32
1992,749,7169.46,upi,customer_abandonment,0,0.925,0.37,1,2026-06-18 12:42:32
1993,378,5591.52,wallet,network_timeout,1,0.546,0.638,1,2026-06-27 12:42:32
1994,868,7506.8,netbanking,network_timeout,3,0.887,0.615,1,2026-08-20 12:42:32
1995,275,6895.03,wallet,insufficient_balance,0,0.856,0.592,0,2026-08-23 12:42:32
1996,126,4628.87,wallet,repeated_failure,2,0.684,0.064,0,2026-06-07 12:42:32
1997,1727,7945.32,wallet,insufficient_balance,2,0.915,0.456,0,2026-06-16 12:42:32
1998,332,1154.17,upi,customer_abandonment,2,0.938,0.215,0,2026-06-20 12:42:32
1999,196,2550.31,wallet,repeated_failure,1,0.402,0.031,0,2026-08-10 12:42:32
2000,9,9260.12,card,temporary_bank_failure,2,0.785,0.704,0,2026-07-16 12:42:32
2001,399,2224.11,netbanking,insufficient_balance,2,0.639,0.346,1,2026-07-04 12:42:32
2002,916,7683.66,wallet,authentication_failure,2,0.927,0.561,1,2026-08-07 12:42:32
2003,327,2642.02,wallet,insufficient_balance,3,0.987,0.405,1,2026-06-06 12:42:32
2004,1957,6986.84,card,network_timeout,0,0.722,0.789,1,2026-07-07 12:42:32
2005,916,6506.4,wallet,temporary_bank_failure,3,0.927,0.681,1,2026-08-09 12:42:32
2006,1017,5222.27,wallet,temporary_bank_failure,1,0.714,0.756,1,2026-08-17 12:42:32
2007,1566,8702.62,upi,network_timeout,3,0.511,0.464,0,2026-06-24 12:42:32
2008,483,7870.34,card,network_timeout,1,0.606,0.662,0,2026-06-09 12:42:32
2009,217,7917.77,card,network_timeout,2,0.943,0.717,1,2026-08-13 12:42:32
2010,708,2669.57,netbanking,insufficient_balance,3,0.895,0.368,0,2026-06-15 12:42:32
2011,1760,9575.36,wallet,authentication_failure,2,0.907,0.553,0,2026-08-01 12:42:32
2012,1603,2819.41,wallet,insufficient_balance,2,0.752,0.391,0,2026-06-13 12:42:32
2013,894,9945.06,wallet,repeated_failure,0,0.62,0.198,0,2026-08-08 12:42:32
2014,1466,7734.25,card,network_timeout,3,0.702,0.541,1,2026-06-08 12:42:32
2015,1127,6075.96,card,network_timeout,1,0.922,0.789,1,2026-08-13 12:42:32
2016,1857,1271.62,upi,temporary_bank_failure,3,0.491,0.506,0,2026-06-29 12:42:32
2017,174,7131.41,upi,network_timeout,3,0.844,0.598,0,2026-06-06 12:42:32
2018,1897,5087.36,card,authentication_failure,2,0.548,0.409,0,2026-07-31 12:42:32
2019,1781,8401.16,netbanking,network_timeout,2,0.639,0.596,1,2026-08-12 12:42:32
2020,1154,1633.92,netbanking,customer_abandonment,0,0.839,0.336,0,2026-08-20 12:42:32
2021,244,7311.02,upi,insufficient_balance,0,0.831,0.582,1,2026-08-18 12:42:32
2022,1767,1828.38,card,customer_abandonment,3,0.896,0.118,0,2026-06-30 12:42:32
2023,1107,1801.38,wallet,repeated_failure,3,0.624,0.02,0,2026-08-01 12:42:32
2024,732,7234.58,netbanking,insufficient_balance,1,0.938,0.545,0,2026-07-23 12:42:32
2025,1126,2250.52,card,repeated_failure,2,0.549,0.02,0,2026-05-28 12:42:32
2026,1055,1922.01,netbanking,network_timeout,2,0.94,0.716,1,2026-08-14 12:42:32
2027,334,7217.18,netbanking,insufficient_balance,3,0.431,0.182,0,2026-06-10 12:42:32
2028,1978,2280.41,card,customer_abandonment,0,0.503,0.201,1,2026-07-21 12:42:32
2029,1033,4171.4,netbanking,repeated_failure,1,0.846,0.208,0,2026-06-20 12:42:32
2030,762,6342.16,upi,temporary_bank_failure,1,0.529,0.682,1,2026-07-01 12:42:32
2031,791,1059.83,wallet,temporary_bank_failure,2,0.751,0.69,1,2026-06-29 12:42:32
2032,994,9483.59,upi,repeated_failure,3,0.798,0.029,0,2026-07-09 12:42:32
2033,1696,302.72,card,customer_abandonment,0,0.747,0.299,0,2026-06-29 12:42:32
2034,859,4505.68,wallet,authentication_failure,2,0.753,0.491,0,2026-07-09 12:42:32
2035,927,5720.99,wallet,network_timeout,2,0.521,0.548,1,2026-08-03 12:42:32
2036,444,6236.99,upi,insufficient_balance,3,0.483,0.203,0,2026-07-12 12:42:32
2037,590,633.59,wallet,temporary_bank_failure,3,0.609,0.554,0,2026-08-13 12:42:32
2038,1940,2770.98,wallet,customer_abandonment,3,0.7,0.04,0,2026-07-31 12:42:32
2039,1203,7991.84,wallet,insufficient_balance,3,0.546,0.228,0,2026-06-13 12:42:32
2040,445,2416.88,card,customer_abandonment,0,0.88,0.352,0,2026-07-30 12:42:32
2041,1670,101.83,upi,insufficient_balance,3,0.611,0.254,0,2026-06-21 12:42:32
2042,317,3434.25,card,repeated_failure,1,0.802,0.191,0,2026-08-24 12:42:32
2043,15,8445.21,card,temporary_bank_failure,1,0.374,0.62,1,2026-06-01 12:42:32
2044,799,5836.99,wallet,authentication_failure,2,0.811,0.514,1,2026-07-18 12:42:32
2045,913,5626.49,upi,authentication_failure,3,0.848,0.449,0,2026-07-10 12:42:32
2046,1280,4558.79,netbanking,repeated_failure,1,0.913,0.235,0,2026-07-28 12:42:32
2047,966,8590.79,card,network_timeout,3,0.479,0.452,0,2026-06-30 12:42:32
2048,1509,6900.69,wallet,customer_abandonment,3,0.455,0.02,0,2026-07-20 12:42:32
2049,1008,4818.58,netbanking,repeated_failure,2,0.766,0.096,0,2026-06-06 12:42:32
2050,1107,7618.92,wallet,network_timeout,2,0.624,0.59,0,2026-06-06 12:42:32
2051,1480,418.44,netbanking,repeated_failure,2,0.461,0.02,1,2026-07-01 12:42:32
2052,38,9663.96,card,customer_abandonment,1,0.792,0.237,1,2026-08-18 12:42:32
2053,1767,219.42,wallet,network_timeout,2,0.896,0.698,1,2026-08-13 12:42:32
2054,1623,2102.54,netbanking,network_timeout,3,0.908,0.623,1,2026-07-30 12:42:32
2055,832,9367.87,card,insufficient_balance,1,0.558,0.393,1,2026-06-18 12:42:32
2056,609,8680.96,upi,network_timeout,1,0.872,0.769,0,2026-06-22 12:42:32
2057,1603,6269.3,upi,repeated_failure,2,0.752,0.091,0,2026-06-15 12:42:32
2058,893,7595.79,netbanking,authentication_failure,3,0.828,0.441,0,2026-06-10 12:42:32
2059,468,4711.12,card,authentication_failure,3,0.893,0.467,0,2026-07-23 12:42:32
2060,1402,7774.39,upi,customer_abandonment,1,0.476,0.11,0,2026-08-21 12:42:32
2061,1881,1302.5,wallet,insufficient_balance,1,0.883,0.523,1,2026-06-08 12:42:32
2062,1197,6843.97,wallet,customer_abandonment,0,0.631,0.252,0,2026-07-10 12:42:32
2063,1527,8092.97,card,authentication_failure,1,0.899,0.63,1,2026-08-22 12:42:32
2064,1878,5278.99,netbanking,authentication_failure,1,0.832,0.603,1,2026-08-23 12:42:32
2065,1967,5925.49,upi,temporary_bank_failure,0,0.767,0.857,1,2026-08-02 12:42:32
2066,271,6161.88,upi,repeated_failure,1,0.639,0.126,0,2026-08-06 12:42:32
2067,1907,6537.48,card,repeated_failure,2,0.673,0.059,0,2026-06-14 12:42:32
2068,1307,3889.96,wallet,repeated_failure,1,0.847,0.209,0,2026-07-08 12:42:32
2069,484,9723.75,upi,temporary_bank_failure,1,0.709,0.754,1,2026-08-03 12:42:32
2070,1337,4876.81,upi,repeated_failure,2,0.964,0.176,0,2026-07-22 12:42:32
2071,1603,4678.65,card,insufficient_balance,0,0.752,0.551,1,2026-05-31 12:42:32
2072,1039,1033.01,card,authentication_failure,2,0.796,0.508,0,2026-06-17 12:42:32
2073,1467,204.21,wallet,customer_abandonment,1,0.823,0.249,0,2026-07-18 12:42:32
2074,824,8626.21,netbanking,authentication_failure,1,0.884,0.624,1,2026-06-09 12:42:32
2075,56,6850.15,card,repeated_failure,2,0.667,0.057,0,2026-07-01 12:42:32
2076,1449,490.57,card,network_timeout,3,0.738,0.555,0,2026-05-30 12:42:32
2077,84,745.48,wallet,repeated_failure,2,0.872,0.139,1,2026-07-03 12:42:32
2078,136,3764.46,wallet,customer_abandonment,3,0.888,0.115,0,2026-06-27 12:42:32
2079,690,8593.72,wallet,authentication_failure,3,0.862,0.455,0,2026-07-18 12:42:32
2080,1807,4996.52,upi,customer_abandonment,3,0.626,0.02,0,2026-06-02 12:42:32
2081,1936,2394.72,upi,network_timeout,0,0.753,0.801,1,2026-07-05 12:42:32
2082,1490,3977.5,netbanking,network_timeout,2,0.862,0.685,1,2026-07-08 12:42:32
2083,1076,5031.69,upi,temporary_bank_failure,1,0.758,0.773,1,2026-06-14 12:42:32
2084,1481,4301.52,upi,customer_abandonment,2,0.852,0.181,1,2026-07-07 12:42:32
2085,1991,6303.77,netbanking,insufficient_balance,3,0.85,0.35,0,2026-07-18 12:42:32
2086,458,3822.0,card,network_timeout,3,0.629,0.512,1,2026-07-22 12:42:32
2087,819,1788.55,wallet,network_timeout,0,0.645,0.758,1,2026-08-05 12:42:32
2088,368,6831.79,wallet,temporary_bank_failure,3,0.607,0.553,1,2026-07-14 12:42:32
2089,756,7650.27,card,customer_abandonment,2,0.81,0.164,0,2026-07-07 12:42:32
2090,1459,2196.81,netbanking,authentication_failure,2,0.432,0.363,1,2026-06-18 12:42:32
2091,756,7906.66,wallet,temporary_bank_failure,2,0.81,0.714,0,2026-06-02 12:42:32
2092,1460,6841.19,upi,temporary_bank_failure,2,0.959,0.774,1,2026-06-10 12:42:32
2093,62,5072.79,upi,customer_abandonment,3,0.588,0.02,0,2026-06-08 12:42:32
2094,1559,2459.05,netbanking,insufficient_balance,0,0.467,0.437,1,2026-06-01 12:42:32
2095,1909,7097.23,upi,customer_abandonment,2,0.825,0.17,0,2026-06-22 12:42:32
2096,1132,3889.66,wallet,network_timeout,3,0.716,0.546,0,2026-08-20 12:42:32
2097,444,7753.59,wallet,customer_abandonment,1,0.483,0.113,0,2026-08-01 12:42:32
2098,1819,2218.67,upi,network_timeout,3,0.766,0.566,1,2026-08-07 12:42:32
2099,1286,1384.65,netbanking,temporary_bank_failure,1,0.876,0.82,1,2026-08-13 12:42:32
2100,1321,3292.21,upi,insufficient_balance,3,0.489,0.206,1,2026-06-27 12:42:32
2101,1545,5920.07,netbanking,insufficient_balance,1,0.82,0.498,1,2026-06-06 12:42:32
2102,1380,5193.35,netbanking,customer_abandonment,0,0.681,0.272,0,2026-06-17 12:42:32
2103,148,4763.72,wallet,authentication_failure,0,0.517,0.557,1,2026-08-14 12:42:32
2104,1470,6154.61,wallet,repeated_failure,2,0.625,0.04,0,2026-08-21 12:42:32
2105,873,4854.34,wallet,authentication_failure,3,0.622,0.359,1,2026-08-05 12:42:32
2106,1537,5891.42,wallet,repeated_failure,1,0.671,0.138,0,2026-06-06 12:42:32
2107,26,1179.1,card,network_timeout,0,0.798,0.819,1,2026-08-20 12:42:32
2108,1047,6710.99,upi,network_timeout,2,0.882,0.693,1,2026-08-20 12:42:32
2109,1291,6804.19,netbanking,customer_abandonment,1,0.859,0.264,0,2026-07-21 12:42:32
2110,1425,550.32,wallet,network_timeout,2,0.765,0.646,0,2026-08-15 12:42:32
2111,792,9979.36,upi,authentication_failure,1,0.706,0.552,0,2026-07-16 12:42:32
2112,338,143.01,wallet,authentication_failure,0,0.527,0.561,1,2026-08-14 12:42:32
2113,1618,9539.01,card,temporary_bank_failure,0,0.696,0.828,1,2026-07-17 12:42:32
2114,1899,2312.59,wallet,insufficient_balance,2,0.648,0.349,0,2026-06-10 12:42:32
2115,566,2612.6,card,customer_abandonment,3,0.744,0.058,1,2026-06-27 12:42:32
2116,359,8143.32,upi,insufficient_balance,0,0.435,0.424,0,2026-08-05 12:42:32
2117,1170,5841.62,wallet,repeated_failure,3,0.892,0.067,0,2026-06-04 12:42:32
2118,111,9179.07,netbanking,network_timeout,1,0.573,0.649,1,2026-06-03 12:42:32
2119,1367,1352.79,upi,repeated_failure,1,0.78,0.182,0,2026-06-30 12:42:32
2120,1188,8747.38,upi,temporary_bank_failure,1,0.618,0.717,0,2026-08-12 12:42:32
2121,287,5825.46,wallet,insufficient_balance,2,0.827,0.421,1,2026-06-09 12:42:32
2122,1192,3241.81,wallet,temporary_bank_failure,0,0.788,0.865,1,2026-07-31 12:42:32
2123,1832,6374.41,upi,repeated_failure,1,0.764,0.176,0,2026-08-07 12:42:32
2124,1767,3892.49,wallet,authentication_failure,1,0.896,0.628,1,2026-06-30 12:42:32
2125,1564,6055.33,wallet,repeated_failure,3,0.637,0.02,0,2026-08-20 12:42:32
2126,681,5955.94,netbanking,network_timeout,2,0.661,0.604,1,2026-07-28 12:42:32
2127,1924,7790.92,netbanking,insufficient_balance,0,0.824,0.58,0,2026-08-16 12:42:32
2128,880,3529.69,card,repeated_failure,2,0.608,0.033,0,2026-06-02 12:42:32
2129,1877,5734.16,wallet,customer_abandonment,2,0.838,0.175,0,2026-06-14 12:42:32
2130,1909,5499.09,card,insufficient_balance,3,0.825,0.34,0,2026-07-06 12:42:32
2131,169,4290.93,wallet,temporary_bank_failure,3,0.842,0.647,1,2026-07-19 12:42:32
2132,44,4054.08,wallet,temporary_bank_failure,0,0.891,0.906,0,2026-06-05 12:42:32
2133,23,515.51,upi,network_timeout,3,0.859,0.604,1,2026-07-10 12:42:32
2134,999,2449.45,card,network_timeout,3,0.658,0.523,1,2026-07-21 12:42:32
2135,557,914.11,wallet,insufficient_balance,2,0.842,0.427,0,2026-08-20 12:42:32
2136,1955,6050.16,netbanking,repeated_failure,1,0.385,0.024,0,2026-07-19 12:42:32
2137,733,8402.71,netbanking,network_timeout,1,0.575,0.65,1,2026-06-19 12:42:32
2138,1764,9993.71,card,authentication_failure,1,0.888,0.625,1,2026-07-23 12:42:32
2139,1238,2942.81,wallet,repeated_failure,2,0.916,0.156,0,2026-07-21 12:42:32
2140,1959,9317.48,wallet,customer_abandonment,2,0.582,0.073,0,2026-07-01 12:42:32
2141,1160,2628.56,netbanking,repeated_failure,0,0.683,0.223,0,2026-07-16 12:42:32
2142,975,7316.13,upi,temporary_bank_failure,2,0.21,0.474,1,2026-07-18 12:42:32
2143,1369,2968.4,upi,insufficient_balance,1,0.362,0.315,1,2026-07-28 12:42:32
2144,1638,5287.53,card,temporary_bank_failure,0,0.362,0.695,1,2026-06-14 12:42:32
2145,840,3751.94,netbanking,repeated_failure,2,0.737,0.085,0,2026-06-16 12:42:32
2146,531,5763.79,upi,insufficient_balance,2,0.554,0.312,0,2026-06-30 12:42:32
2147,1363,4671.53,netbanking,repeated_failure,1,0.61,0.114,0,2026-07-29 12:42:32
2148,787,3618.82,wallet,authentication_failure,2,0.889,0.546,0,2026-08-19 12:42:32
2149,1693,589.53,card,authentication_failure,2,0.748,0.489,1,2026-08-18 12:42:32
2150,682,5382.69,upi,network_timeout,1,0.702,0.701,1,2026-06-03 12:42:32
2151,1680,6160.45,netbanking,customer_abandonment,2,0.914,0.206,0,2026-07-12 12:42:32
2152,1174,468.81,upi,authentication_failure,2,0.806,0.512,1,2026-08-03 12:42:32
2153,367,4374.15,card,network_timeout,0,0.617,0.747,0,2026-06-07 12:42:32
2154,1087,1754.61,upi,temporary_bank_failure,0,0.683,0.823,1,2026-07-18 12:42:32
2155,1249,6240.76,card,temporary_bank_failure,3,0.658,0.573,0,2026-07-12 12:42:32
2156,794,6031.27,wallet,network_timeout,2,0.918,0.707,0,2026-06-12 12:42:32
2157,85,8661.08,upi,repeated_failure,1,0.861,0.214,1,2026-07-27 12:42:32
2158,1749,5782.11,card,repeated_failure,3,0.846,0.048,0,2026-07-05 12:42:32
2159,797,3424.29,wallet,repeated_failure,0,0.661,0.214,1,2026-06-30 12:42:32
2160,887,1135.09,wallet,customer_abandonment,2,0.937,0.215,1,2026-06-03 12:42:32
2161,713,4153.76,upi,temporary_bank_failure,2,0.512,0.595,0,2026-08-17 12:42:32
2162,1782,3881.64,card,authentication_failure,1,0.658,0.533,1,2026-06-25 12:42:32
2163,1623,7524.87,netbanking,authentication_failure,3,0.908,0.473,1,2026-07-11 12:42:32
2164,802,5742.83,wallet,temporary_bank_failure,1,0.406,0.632,1,2026-06-29 12:42:32
2165,415,561.14,upi,repeated_failure,0,0.474,0.14,0,2026-06-24 12:42:32
2166,79,3169.4,wallet,customer_abandonment,3,0.825,0.09,0,2026-08-12 12:42:32
2167,1275,3607.23,upi,repeated_failure,0,0.83,0.282,1,2026-07-14 12:42:32
2168,1656,8575.85,upi,network_timeout,1,0.534,0.634,0,2026-07-24 12:42:32
2169,1452,5582.98,upi,temporary_bank_failure,0,0.563,0.775,1,2026-07-13 12:42:32
2170,1489,2327.01,upi,customer_abandonment,2,0.862,0.185,1,2026-08-20 12:42:32
2171,580,4150.52,card,authentication_failure,0,0.832,0.683,1,2026-08-13 12:42:32
2172,443,1920.35,wallet,repeated_failure,3,0.765,0.02,0,2026-07-21 12:42:32
2173,840,2163.0,upi,customer_abandonment,1,0.737,0.215,0,2026-07-07 12:42:32
2174,1999,6522.59,netbanking,insufficient_balance,1,0.704,0.452,1,2026-08-12 12:42:32
2175,1968,7543.57,netbanking,customer_abandonment,2,0.879,0.192,0,2026-07-20 12:42:32
2176,1643,4032.35,wallet,network_timeout,3,0.8,0.58,0,2026-06-23 12:42:32
2177,1554,3640.64,netbanking,temporary_bank_failure,2,0.896,0.748,1,2026-05-30 12:42:32
2178,1232,4029.43,netbanking,network_timeout,0,0.78,0.812,0,2026-06-01 12:42:32
2179,1910,5833.23,upi,network_timeout,2,0.912,0.705,0,2026-08-10 12:42:32
2180,1733,8490.93,wallet,insufficient_balance,0,0.88,0.602,1,2026-07-30 12:42:32
2181,1311,2728.89,wallet,temporary_bank_failure,0,0.743,0.847,1,2026-08-25 12:42:32
2182,1736,5332.54,wallet,temporary_bank_failure,1,0.437,0.645,1,2026-07-16 12:42:32
2183,844,9926.64,card,authentication_failure,0,0.568,0.577,1,2026-07-18 12:42:32
2184,1659,8958.02,netbanking,insufficient_balance,3,0.679,0.282,0,2026-07-05 12:42:32
2185,1724,5434.31,netbanking,network_timeout,1,0.637,0.675,0,2026-05-28 12:42:32
2186,1402,8832.28,card,insufficient_balance,1,0.476,0.36,0,2026-07-30 12:42:32
2187,1993,790.59,wallet,insufficient_balance,1,0.803,0.491,1,2026-06-14 12:42:32
2188,27,1896.93,card,customer_abandonment,2,0.766,0.146,0,2026-06-04 12:42:32
2189,1983,1963.18,wallet,network_timeout,2,0.514,0.546,0,2026-06-28 12:42:32
2190,909,4450.54,card,repeated_failure,1,0.603,0.111,0,2026-08-18 12:42:32
2191,625,3154.81,upi,customer_abandonment,3,0.717,0.047,0,2026-08-24 12:42:32
2192,1730,8129.95,upi,authentication_failure,0,0.797,0.669,0,2026-08-14 12:42:32
2193,1760,7301.23,netbanking,network_timeout,0,0.907,0.863,1,2026-07-21 12:42:32
2194,1202,2710.39,card,authentication_failure,1,0.826,0.6,1,2026-06-18 12:42:32
2195,1683,7305.56,upi,repeated_failure,3,0.777,0.021,0,2026-07-10 12:42:32
2196,859,1448.89,upi,temporary_bank_failure,0,0.753,0.851,0,2026-06-09 12:42:32
2197,1294,2034.68,card,repeated_failure,2,0.594,0.028,0,2026-06-05 12:42:32
2198,846,1039.22,card,insufficient_balance,3,0.877,0.361,0,2026-05-30 12:42:32
2199,290,7340.4,wallet,customer_abandonment,0,0.511,0.204,1,2026-06-19 12:42:32
2200,583,8538.42,wallet,temporary_bank_failure,3,0.846,0.648,1,2026-05-29 12:42:32
2201,1465,7783.9,card,authentication_failure,2,0.865,0.536,1,2026-08-09 12:42:32
2202,1701,6152.04,upi,customer_abandonment,0,0.934,0.374,1,2026-08-18 12:42:32
2203,312,5838.15,wallet,customer_abandonment,3,0.497,0.02,0,2026-07-16 12:42:32
2204,1173,4321.79,wallet,temporary_bank_failure,3,0.881,0.662,1,2026-07-28 12:42:32
2205,464,6500.7,card,temporary_bank_failure,0,0.729,0.842,1,2026-08-07 12:42:32
2206,565,1941.74,card,customer_abandonment,0,0.821,0.328,0,2026-06-23 12:42:32
2207,1965,2679.12,netbanking,temporary_bank_failure,0,0.762,0.855,1,2026-06-17 12:42:32
2208,154,9996.39,netbanking,insufficient_balance,3,0.798,0.329,0,2026-07-20 12:42:32
2209,799,2217.94,netbanking,network_timeout,1,0.811,0.744,1,2026-06-26 12:42:32
2210,272,4480.84,card,network_timeout,1,0.662,0.685,0,2026-06-23 12:42:32
2211,413,7096.98,card,authentication_failure,0,0.83,0.682,1,2026-07-11 12:42:32
2212,1097,7189.66,netbanking,network_timeout,1,0.424,0.59,1,2026-06-14 12:42:32
2213,1597,1393.91,wallet,customer_abandonment,0,0.72,0.288,1,2026-06-25 12:42:32
2214,1206,7022.17,upi,network_timeout,1,0.935,0.794,1,2026-06-17 12:42:32
2215,1184,5992.48,upi,authentication_failure,2,0.899,0.55,1,2026-08-14 12:42:32
2216,1267,7786.27,wallet,network_timeout,1,0.881,0.772,0,2026-08-15 12:42:32
2217,506,2635.89,netbanking,temporary_bank_failure,0,0.776,0.86,1,2026-06-12 12:42:32
2218,608,7033.03,netbanking,authentication_failure,3,0.801,0.43,0,2026-08-22 12:42:32
2219,1554,1156.89,wallet,authentication_failure,0,0.896,0.708,1,2026-08-01 12:42:32
2220,1476,1924.07,netbanking,temporary_bank_failure,1,0.741,0.766,1,2026-08-12 12:42:32
2221,1151,3697.59,netbanking,customer_abandonment,0,0.411,0.164,0,2026-08-10 12:42:32
2222,398,5712.76,netbanking,temporary_bank_failure,1,0.647,0.729,1,2026-07-05 12:42:32
2223,840,4766.54,wallet,insufficient_balance,1,0.737,0.465,0,2026-06-18 12:42:32
2224,1246,1410.07,wallet,repeated_failure,2,0.854,0.132,0,2026-08-24 12:42:32
2225,1327,5059.6,netbanking,repeated_failure,0,0.866,0.296,0,2026-06-12 12:42:32
2226,744,2942.38,wallet,customer_abandonment,0,0.63,0.252,0,2026-07-21 12:42:32
2227,79,4171.43,wallet,authentication_failure,3,0.825,0.44,1,2026-05-29 12:42:32
2228,1976,949.53,upi,temporary_bank_failure,0,0.411,0.714,1,2026-08-08 12:42:32
2229,429,3749.34,wallet,repeated_failure,1,0.889,0.226,0,2026-06-06 12:42:32
2230,1159,9111.19,upi,network_timeout,0,0.614,0.746,1,2026-07-13 12:42:32
2231,1507,9328.4,upi,repeated_failure,2,0.659,0.054,0,2026-07-05 12:42:32
2232,294,5970.59,wallet,network_timeout,2,0.693,0.617,1,2026-06-19 12:42:32
2233,1761,890.95,card,insufficient_balance,0,0.819,0.578,1,2026-07-27 12:42:32
2234,1971,6160.87,wallet,repeated_failure,0,0.755,0.252,0,2026-06-13 12:42:32
2235,512,9562.73,netbanking,insufficient_balance,2,0.93,0.462,0,2026-07-16 12:42:32
2236,810,4998.1,wallet,network_timeout,3,0.553,0.481,1,2026-05-31 12:42:32
2237,360,1620.82,card,customer_abandonment,2,0.835,0.174,1,2026-08-12 12:42:32
2238,1212,2613.74,netbanking,temporary_bank_failure,2,0.929,0.762,1,2026-06-05 12:42:32
2239,522,6465.83,upi,network_timeout,2,0.561,0.564,0,2026-07-27 12:42:32
2240,1054,351.18,netbanking,insufficient_balance,0,0.949,0.63,1,2026-07-22 12:42:32
2241,535,5813.07,card,insufficient_balance,2,0.385,0.244,0,2026-06-03 12:42:32
2242,55,5887.76,wallet,authentication_failure,3,0.755,0.412,0,2026-08-19 12:42:32
2243,1282,2061.23,upi,customer_abandonment,1,0.615,0.166,0,2026-07-12 12:42:32
2244,1834,3305.31,upi,customer_abandonment,2,0.578,0.071,0,2026-07-08 12:42:32
2245,1666,675.52,netbanking,authentication_failure,2,0.833,0.523,0,2026-06-12 12:42:32
2246,1567,7738.31,upi,network_timeout,0,0.92,0.868,1,2026-08-01 12:42:32
2247,331,9264.83,wallet,authentication_failure,0,0.519,0.558,0,2026-07-23 12:42:32
2248,1252,4008.4,upi,insufficient_balance,0,0.871,0.598,1,2026-06-12 12:42:32
2249,1598,1818.25,wallet,repeated_failure,1,0.759,0.174,0,2026-07-02 12:42:32
2250,540,3968.1,upi,insufficient_balance,1,0.585,0.404,0,2026-06-06 12:42:32
2251,420,8948.7,wallet,insufficient_balance,2,0.649,0.35,0,2026-07-29 12:42:32
2252,334,6956.87,wallet,insufficient_balance,0,0.431,0.422,0,2026-06-11 12:42:32
2253,1597,6929.9,upi,insufficient_balance,3,0.72,0.298,1,2026-07-30 12:42:32
2254,186,6816.09,card,temporary_bank_failure,0,0.497,0.749,1,2026-08-18 12:42:32
2255,1289,8717.07,card,network_timeout,3,0.625,0.51,0,2026-08-11 12:42:32
2256,677,5684.44,netbanking,authentication_failure,2,0.675,0.46,0,2026-06-06 12:42:32
2257,490,2301.29,netbanking,authentication_failure,2,0.579,0.422,0,2026-05-31 12:42:32
2258,579,9936.99,netbanking,repeated_failure,2,0.512,0.02,0,2026-06-01 12:42:32
2259,178,4716.4,netbanking,temporary_bank_failure,0,0.579,0.782,0,2026-07-28 12:42:32
2260,1376,9534.86,card,insufficient_balance,1,0.82,0.498,1,2026-08-22 12:42:32
2261,372,7091.51,wallet,temporary_bank_failure,0,0.924,0.92,1,2026-06-22 12:42:32
2262,591,8328.16,card,temporary_bank_failure,2,0.855,0.732,1,2026-06-22 12:42:32
2263,1319,4238.18,card,authentication_failure,3,0.714,0.396,0,2026-08-12 12:42:32
2264,1366,5346.12,wallet,repeated_failure,3,0.748,0.02,0,2026-06-28 12:42:32
2265,1194,9250.73,wallet,network_timeout,3,0.488,0.455,0,2026-07-18 12:42:32
2266,1065,4954.54,wallet,temporary_bank_failure,1,0.809,0.794,1,2026-08-18 12:42:32
2267,865,1420.47,card,insufficient_balance,0,0.775,0.56,0,2026-06-13 12:42:32
2268,1406,9377.74,card,network_timeout,0,0.759,0.804,1,2026-08-09 12:42:32
2269,351,8626.37,wallet,temporary_bank_failure,1,0.777,0.781,1,2026-08-11 12:42:32
2270,1778,910.43,card,insufficient_balance,2,0.777,0.401,0,2026-07-25 12:42:32
2271,1301,3745.8,wallet,network_timeout,1,0.861,0.764,1,2026-08-11 12:42:32
2272,404,5523.33,wallet,insufficient_balance,2,0.95,0.47,1,2026-06-24 12:42:32
2273,1443,3878.05,netbanking,customer_abandonment,0,0.913,0.365,0,2026-07-21 12:42:32
2274,373,1141.89,upi,authentication_failure,2,0.888,0.545,0,2026-08-19 12:42:32
2275,1897,4758.86,card,network_timeout,2,0.548,0.559,1,2026-07-06 12:42:32
2276,1524,209.37,wallet,repeated_failure,2,0.458,0.02,0,2026-06-09 12:42:32
2277,912,7689.56,wallet,network_timeout,0,0.765,0.806,0,2026-06-08 12:42:32
2278,669,5370.07,netbanking,authentication_failure,1,0.444,0.448,0,2026-07-09 12:42:32
2279,1360,8621.19,upi,authentication_failure,2,0.659,0.454,1,2026-06-30 12:42:32
2280,300,9289.35,wallet,customer_abandonment,3,0.519,0.02,0,2026-08-05 12:42:32
2281,1903,6497.9,netbanking,network_timeout,2,0.28,0.452,1,2026-08-20 12:42:32
2282,1097,4534.63,wallet,temporary_bank_failure,1,0.424,0.64,1,2026-07-23 12:42:32
2283,568,9494.86,netbanking,authentication_failure,1,0.489,0.466,0,2026-08-06 12:42:32
2284,405,9009.83,upi,insufficient_balance,3,0.737,0.305,0,2026-05-31 12:42:32
2285,1786,1252.39,netbanking,repeated_failure,1,0.865,0.216,0,2026-07-20 12:42:32
2286,1079,1683.63,upi,temporary_bank_failure,2,0.789,0.706,0,2026-08-19 12:42:32
2287,617,6134.1,wallet,customer_abandonment,3,0.978,0.151,0,2026-08-07 12:42:32
2288,1840,7593.15,netbanking,customer_abandonment,1,0.66,0.184,0,2026-07-21 12:42:32
2289,1200,217.85,wallet,repeated_failure,1,0.801,0.19,0,2026-06-01 12:42:32
2290,1678,742.5,card,temporary_bank_failure,2,0.535,0.604,1,2026-08-11 12:42:32
2291,1601,5660.65,upi,network_timeout,1,0.855,0.762,1,2026-08-15 12:42:32
2292,1654,404.79,card,customer_abandonment,2,0.795,0.158,0,2026-07-04 12:42:32
2293,246,3325.72,wallet,insufficient_balance,2,0.757,0.393,1,2026-07-27 12:42:32
2294,1594,6436.89,netbanking,repeated_failure,1,0.744,0.168,0,2026-07-09 12:42:32
2295,132,1369.48,wallet,customer_abandonment,1,0.536,0.134,0,2026-06-12 12:42:32
2296,1285,9417.29,wallet,insufficient_balance,3,0.805,0.332,0,2026-08-21 12:42:32
2297,286,9880.96,upi,temporary_bank_failure,0,0.69,0.826,0,2026-07-01 12:42:32
2298,985,9124.0,netbanking,customer_abandonment,1,0.677,0.191,1,2026-08-06 12:42:32
2299,1362,535.32,netbanking,insufficient_balance,2,0.507,0.293,0,2026-08-09 12:42:32
2300,176,4351.25,upi,customer_abandonment,2,0.479,0.032,0,2026-06-26 12:42:32
2301,306,4986.37,upi,insufficient_balance,3,0.877,0.361,0,2026-06-29 12:42:32
2302,1709,2743.9,upi,authentication_failure,2,0.973,0.579,1,2026-07-08 12:42:32
2303,449,5628.08,netbanking,customer_abandonment,2,0.809,0.164,0,2026-08-15 12:42:32
2304,214,2866.48,wallet,insufficient_balance,2,0.752,0.391,0,2026-08-17 12:42:32
2305,1564,1953.01,wallet,authentication_failure,0,0.637,0.605,1,2026-08-05 12:42:32
2306,987,8536.92,upi,repeated_failure,0,0.708,0.233,0,2026-06-06 12:42:32
2307,760,346.27,card,repeated_failure,3,0.764,0.02,0,2026-08-18 12:42:32
2308,581,8228.62,netbanking,repeated_failure,2,0.858,0.133,0,2026-07-02 12:42:32
2309,926,2159.69,netbanking,network_timeout,0,0.528,0.711,1,2026-07-03 12:42:32
2310,1456,1583.95,netbanking,repeated_failure,1,0.697,0.149,0,2026-06-16 12:42:32
2311,368,4419.13,card,authentication_failure,2,0.607,0.433,0,2026-08-19 12:42:32
2312,1982,1558.91,upi,insufficient_balance,1,0.613,0.415,0,2026-07-19 12:42:32
2313,701,9478.11,upi,insufficient_balance,1,0.875,0.52,1,2026-07-05 12:42:32
2314,854,9056.1,upi,authentication_failure,1,0.872,0.619,1,2026-07-14 12:42:32
2315,850,3135.33,wallet,customer_abandonment,0,0.759,0.304,1,2026-07-16 12:42:32
2316,1590,4385.23,upi,temporary_bank_failure,3,0.527,0.521,1,2026-06-23 12:42:32
2317,1166,9547.16,card,network_timeout,3,0.883,0.613,0,2026-07-11 12:42:32
2318,1173,679.77,wallet,customer_abandonment,2,0.881,0.192,0,2026-08-08 12:42:32
2319,1059,4604.11,wallet,temporary_bank_failure,0,0.746,0.848,1,2026-06-21 12:42:32
2320,1393,2395.82,netbanking,insufficient_balance,0,0.835,0.584,1,2026-07-23 12:42:32
2321,1267,7684.61,netbanking,authentication_failure,1,0.881,0.622,1,2026-07-22 12:42:32
2322,897,8876.98,wallet,repeated_failure,0,0.89,0.306,0,2026-07-29 12:42:32
2323,690,1660.35,wallet,insufficient_balance,1,0.862,0.515,0,2026-07-30 12:42:32
2324,1808,1781.88,upi,insufficient_balance,1,0.906,0.532,0,2026-06-12 12:42:32
2325,212,1242.73,card,authentication_failure,3,0.701,0.39,1,2026-07-04 12:42:32
2326,1469,3988.33,card,repeated_failure,0,0.74,0.246,0,2026-06-08 12:42:32
2327,1715,286.84,wallet,authentication_failure,2,0.857,0.533,1,2026-07-26 12:42:32
2328,103,7714.95,upi,repeated_failure,1,0.892,0.227,1,2026-08-04 12:42:32
2329,387,965.75,netbanking,authentication_failure,1,0.889,0.626,0,2026-07-31 12:42:32
2330,1672,2494.34,wallet,insufficient_balance,1,0.749,0.47,1,2026-08-14 12:42:32
2331,468,7468.61,upi,temporary_bank_failure,0,0.893,0.907,1,2026-06-05 12:42:32
2332,1068,3202.79,upi,insufficient_balance,1,0.848,0.509,0,2026-06-04 12:42:32
2333,58,4866.21,card,customer_abandonment,3,0.664,0.026,0,2026-07-26 12:42:32
2334,1311,6177.57,netbanking,insufficient_balance,1,0.743,0.467,0,2026-08-04 12:42:32
2335,1047,7659.96,netbanking,network_timeout,2,0.882,0.693,1,2026-07-17 12:42:32
2336,1145,4269.79,card,insufficient_balance,3,0.812,0.335,0,2026-06-29 12:42:32
2337,1285,5109.23,card,repeated_failure,3,0.805,0.032,0,2026-07-31 12:42:32
2338,836,8245.36,wallet,repeated_failure,0,0.587,0.185,0,2026-08-02 12:42:32
2339,1947,5986.05,netbanking,temporary_bank_failure,3,0.285,0.424,0,2026-06-08 12:42:32
2340,85,9424.86,card,insufficient_balance,3,0.861,0.354,0,2026-07-28 12:42:32
2341,631,6769.75,card,temporary_bank_failure,3,0.642,0.567,1,2026-06-25 12:42:32
2342,1852,8100.87,wallet,network_timeout,0,0.515,0.706,1,2026-05-29 12:42:32
2343,1857,5008.82,wallet,repeated_failure,1,0.491,0.066,0,2026-07-20 12:42:32
2344,1600,5495.58,upi,authentication_failure,1,0.856,0.612,0,2026-06-06 12:42:32
2345,830,4233.0,card,authentication_failure,3,0.95,0.49,1,2026-07-07 12:42:32
2346,1821,2847.71,wallet,insufficient_balance,0,0.731,0.542,1,2026-08-12 12:42:32
2347,1604,3140.78,wallet,network_timeout,1,0.911,0.784,1,2026-07-18 12:42:32
2348,284,3430.05,wallet,temporary_bank_failure,1,0.859,0.814,0,2026-05-31 12:42:32
2349,333,8500.87,wallet,insufficient_balance,2,0.911,0.454,1,2026-06-20 12:42:32
2350,1244,4387.45,card,customer_abandonment,0,0.754,0.302,1,2026-06-06 12:42:32
2351,1607,5793.35,upi,network_timeout,0,0.889,0.856,1,2026-08-11 12:42:32
2352,1774,5467.82,netbanking,customer_abandonment,3,0.651,0.02,0,2026-07-05 12:42:32
2353,1499,7634.99,upi,insufficient_balance,0,0.952,0.631,0,2026-07-28 12:42:32
2354,151,8008.85,upi,temporary_bank_failure,2,0.804,0.712,1,2026-06-11 12:42:32
2355,1566,4046.14,netbanking,customer_abandonment,1,0.511,0.124,0,2026-08-05 12:42:32
2356,897,3306.66,netbanking,temporary_bank_failure,2,0.89,0.746,1,2026-07-03 12:42:32
2357,726,9494.47,upi,insufficient_balance,1,0.895,0.528,1,2026-07-18 12:42:32
2358,279,6022.55,netbanking,authentication_failure,1,0.858,0.613,1,2026-07-28 12:42:32
2359,1780,3843.7,wallet,repeated_failure,2,0.709,0.074,0,2026-07-20 12:42:32
2360,113,7116.34,wallet,insufficient_balance,3,0.958,0.393,1,2026-07-23 12:42:32
2361,1842,7589.13,upi,temporary_bank_failure,3,0.654,0.572,1,2026-08-11 12:42:32
2362,1968,9716.88,card,temporary_bank_failure,3,0.879,0.662,1,2026-07-12 12:42:32
2363,1058,2321.23,wallet,customer_abandonment,1,0.492,0.117,0,2026-07-18 12:42:32
2364,1492,1302.96,card,insufficient_balance,1,0.762,0.475,1,2026-08-14 12:42:32
2365,1665,6166.73,upi,network_timeout,0,0.913,0.865,0,2026-08-20 12:42:32
2366,1306,1884.87,netbanking,temporary_bank_failure,2,0.833,0.723,0,2026-08-12 12:42:32
2367,624,2305.21,netbanking,temporary_bank_failure,2,0.976,0.78,0,2026-06-15 12:42:32
2368,352,3440.19,card,customer_abandonment,0,0.812,0.325,0,2026-08-20 12:42:32
2369,1284,3502.7,card,authentication_failure,0,0.708,0.633,1,2026-08-11 12:42:32
2370,1071,2833.14,upi,customer_abandonment,2,0.793,0.157,0,2026-06-04 12:42:32
2371,39,9052.9,netbanking,network_timeout,1,0.548,0.639,0,2026-07-07 12:42:32
2372,1470,8129.11,upi,network_timeout,3,0.625,0.51,1,2026-05-28 12:42:32
2373,1927,5149.68,netbanking,customer_abandonment,2,0.884,0.194,0,2026-06-24 12:42:32
2374,509,6819.26,netbanking,network_timeout,0,0.89,0.856,0,2026-08-04 12:42:32
2375,1864,8740.68,card,temporary_bank_failure,3,0.66,0.574,1,2026-07-15 12:42:32
2376,1265,2650.8,netbanking,repeated_failure,0,0.815,0.276,0,2026-06-14 12:42:32
2377,107,7062.72,upi,authentication_failure,3,0.633,0.363,0,2026-06-18 12:42:32
2378,1267,430.59,netbanking,repeated_failure,0,0.881,0.302,0,2026-07-25 12:42:32
2379,426,9701.23,upi,customer_abandonment,2,0.71,0.124,0,2026-07-18 12:42:32
2380,1344,4044.24,upi,repeated_failure,3,0.611,0.02,0,2026-07-17 12:42:32
2381,1185,7932.71,wallet,temporary_bank_failure,1,0.511,0.674,1,2026-06-10 12:42:32
2382,650,4694.3,wallet,insufficient_balance,3,0.632,0.263,0,2026-08-08 12:42:32
2383,136,7185.2,wallet,insufficient_balance,2,0.888,0.445,0,2026-06-25 12:42:32
2384,381,6974.53,wallet,customer_abandonment,3,0.881,0.112,0,2026-06-06 12:42:32
2385,897,4406.3,wallet,repeated_failure,2,0.89,0.146,0,2026-06-13 12:42:32
2386,623,6815.76,wallet,insufficient_balance,1,0.899,0.53,0,2026-06-13 12:42:32
2387,339,832.24,card,repeated_failure,1,0.867,0.217,0,2026-07-07 12:42:32
2388,285,4613.65,upi,temporary_bank_failure,0,0.777,0.861,1,2026-07-26 12:42:32
2389,1941,9146.58,netbanking,network_timeout,1,0.837,0.755,0,2026-07-31 12:42:32
2390,614,8347.26,wallet,authentication_failure,2,0.422,0.359,1,2026-08-12 12:42:32
2391,1969,7506.64,card,customer_abandonment,0,0.512,0.205,0,2026-07-07 12:42:32
2392,1038,1246.89,netbanking,repeated_failure,2,0.718,0.077,0,2026-05-29 12:42:32
2393,1661,2444.3,upi,insufficient_balance,0,0.868,0.597,0,2026-08-05 12:42:32
2394,989,1272.13,card,authentication_failure,3,0.277,0.221,0,2026-06-25 12:42:32
2395,1260,1814.86,card,insufficient_balance,0,0.451,0.43,0,2026-07-31 12:42:32
2396,1556,3415.08,netbanking,temporary_bank_failure,2,0.704,0.672,1,2026-05-31 12:42:32
2397,491,5561.39,upi,authentication_failure,2,0.89,0.546,1,2026-08-04 12:42:32
2398,1354,3882.94,upi,repeated_failure,3,0.73,0.02,0,2026-08-03 12:42:32
2399,609,8577.05,upi,insufficient_balance,0,0.872,0.599,1,2026-07-23 12:42:32
2400,624,2760.4,card,authentication_failure,0,0.976,0.74,1,2026-07-20 12:42:32
2401,1988,7557.27,upi,network_timeout,3,0.638,0.515,1,2026-06-13 12:42:32
2402,1204,4163.88,card,insufficient_balance,0,0.527,0.461,0,2026-08-25 12:42:32
2403,262,5017.11,upi,authentication_failure,2,0.526,0.4,1,2026-06-02 12:42:32
2404,1810,7114.93,netbanking,customer_abandonment,1,0.502,0.121,0,2026-08-01 12:42:32
2405,952,4640.74,upi,customer_abandonment,3,0.876,0.11,0,2026-06-22 12:42:32
2406,934,8159.11,wallet,authentication_failure,0,0.521,0.558,1,2026-08-11 12:42:32
2407,50,463.17,wallet,temporary_bank_failure,3,0.915,0.676,0,2026-06-22 12:42:32
2408,1889,8689.68,card,temporary_bank_failure,1,0.754,0.772,0,2026-08-20 12:42:32
2409,1090,6973.32,wallet,temporary_bank_failure,1,0.69,0.746,0,2026-07-14 12:42:32
2410,1075,6655.51,wallet,temporary_bank_failure,1,0.688,0.745,1,2026-08-11 12:42:32
2411,508,182.66,netbanking,temporary_bank_failure,2,0.651,0.65,0,2026-07-23 12:42:32
2412,304,8702.74,wallet,authentication_failure,1,0.782,0.583,1,2026-07-09 12:42:32
2413,1909,6812.8,upi,insufficient_balance,1,0.825,0.5,1,2026-08-06 12:42:32
2414,1024,6698.73,wallet,network_timeout,3,0.922,0.629,0,2026-08-06 12:42:32
2415,1980,4288.06,wallet,repeated_failure,0,0.666,0.216,1,2026-08-12 12:42:32
2416,1299,4550.91,netbanking,authentication_failure,3,0.738,0.405,1,2026-08-24 12:42:32
2417,893,1853.64,card,network_timeout,1,0.828,0.751,1,2026-07-11 12:42:32
2418,216,5821.7,wallet,customer_abandonment,0,0.675,0.27,0,2026-07-28 12:42:32
2419,484,9672.82,wallet,authentication_failure,2,0.709,0.474,0,2026-07-13 12:42:32
2420,944,8182.89,wallet,network_timeout,0,0.634,0.754,1,2026-06-02 12:42:32
2421,1695,3164.58,wallet,network_timeout,3,0.93,0.632,1,2026-07-21 12:42:32
2422,112,2975.77,card,customer_abandonment,1,0.83,0.252,1,2026-08-04 12:42:32
2423,1703,8031.98,upi,insufficient_balance,1,0.728,0.461,0,2026-06-13 12:42:32
2424,1703,8720.19,upi,repeated_failure,0,0.728,0.241,0,2026-08-08 12:42:32
2425,1421,221.68,wallet,temporary_bank_failure,3,0.952,0.691,1,2026-06-08 12:42:32
2426,1871,3677.69,wallet,temporary_bank_failure,2,0.936,0.764,0,2026-08-20 12:42:32
2427,478,9359.17,netbanking,temporary_bank_failure,3,0.847,0.649,0,2026-07-25 12:42:32
2428,1837,5678.36,wallet,insufficient_balance,0,0.786,0.564,1,2026-08-12 12:42:32
2429,1995,7605.48,upi,repeated_failure,0,0.852,0.291,0,2026-06-21 12:42:32
2430,894,7914.07,card,customer_abandonment,3,0.62,0.02,0,2026-05-30 12:42:32
2431,1303,7044.76,upi,customer_abandonment,1,0.868,0.267,0,2026-06-20 12:42:32
2432,1969,6281.81,upi,customer_abandonment,0,0.512,0.205,0,2026-06-28 12:42:32
2433,897,2822.2,netbanking,temporary_bank_failure,1,0.89,0.826,0,2026-06-29 12:42:32
2434,169,1780.26,wallet,network_timeout,2,0.842,0.677,1,2026-08-17 12:42:32
2435,1495,9591.67,card,temporary_bank_failure,0,0.9,0.91,1,2026-07-23 12:42:32
2436,1499,650.82,wallet,customer_abandonment,3,0.952,0.141,1,2026-08-17 12:42:32
2437,785,4659.22,wallet,customer_abandonment,3,0.666,0.026,0,2026-08-19 12:42:32
2438,1562,6664.32,wallet,authentication_failure,0,0.71,0.634,0,2026-07-13 12:42:32
2439,1770,9955.93,netbanking,authentication_failure,3,0.804,0.432,0,2026-07-27 12:42:32
2440,1838,6072.75,card,network_timeout,3,0.903,0.621,0,2026-06-25 12:42:32
2441,570,1236.48,wallet,insufficient_balance,0,0.761,0.554,0,2026-08-14 12:42:32
2442,727,8247.98,upi,insufficient_balance,2,0.556,0.312,0,2026-06-25 12:42:32
2443,1412,7399.42,upi,repeated_failure,2,0.822,0.119,1,2026-07-01 12:42:32
2444,1199,7459.45,netbanking,insufficient_balance,3,0.775,0.32,1,2026-08-19 12:42:32
2445,269,1937.48,netbanking,repeated_failure,3,0.782,0.023,0,2026-07-26 12:42:32
2446,1226,999.3,upi,repeated_failure,3,0.791,0.026,0,2026-07-05 12:42:32
2447,1940,1074.02,wallet,temporary_bank_failure,1,0.7,0.75,1,2026-06-01 12:42:32
2448,1490,587.99,netbanking,customer_abandonment,2,0.862,0.185,0,2026-08-23 12:42:32
2449,68,970.73,card,repeated_failure,0,0.416,0.116,0,2026-06-21 12:42:32
2450,460,8486.86,card,authentication_failure,2,0.457,0.373,0,2026-06-28 12:42:32
2451,192,5510.51,wallet,customer_abandonment,3,0.847,0.099,0,2026-07-08 12:42:32
2452,1589,1040.37,card,insufficient_balance,1,0.645,0.428,0,2026-08-01 12:42:32
2453,1668,4367.71,netbanking,authentication_failure,1,0.856,0.612,1,2026-06-18 12:42:32
2454,1108,2822.9,card,customer_abandonment,0,0.931,0.372,1,2026-08-06 12:42:32
2455,1819,4348.07,card,repeated_failure,2,0.766,0.096,0,2026-06-18 12:42:32
2456,969,437.55,wallet,network_timeout,2,0.452,0.521,1,2026-06-23 12:42:32
2457,525,408.24,wallet,repeated_failure,1,0.963,0.255,0,2026-07-07 12:42:32
2458,1054,5455.63,card,repeated_failure,3,0.949,0.09,1,2026-08-21 12:42:32
2459,1729,1154.47,netbanking,insufficient_balance,0,0.802,0.571,1,2026-06-18 12:42:32
2460,607,9602.36,card,authentication_failure,1,0.519,0.478,0,2026-07-31 12:42:32
2461,1810,6280.47,card,temporary_bank_failure,3,0.502,0.511,1,2026-07-12 12:42:32
2462,506,3357.06,upi,insufficient_balance,2,0.776,0.4,0,2026-06-12 12:42:32
2463,134,7516.24,upi,authentication_failure,3,0.843,0.447,1,2026-06-01 12:42:32
2464,1731,9581.27,netbanking,insufficient_balance,3,0.683,0.283,0,2026-08-11 12:42:32
2465,1573,5481.08,upi,authentication_failure,3,0.746,0.408,0,2026-07-27 12:42:32
2466,96,6272.73,netbanking,insufficient_balance,0,0.884,0.604,1,2026-07-14 12:42:32
2467,939,6143.08,netbanking,repeated_failure,2,0.884,0.144,0,2026-08-23 12:42:32
2468,249,1171.04,card,insufficient_balance,3,0.49,0.206,0,2026-06-25 12:42:32
2469,138,5146.45,card,network_timeout,1,0.642,0.677,0,2026-07-31 12:42:32
2470,411,9527.78,upi,repeated_failure,0,0.897,0.309,1,2026-06-14 12:42:32
2471,1139,4340.59,card,authentication_failure,3,0.663,0.375,0,2026-08-19 12:42:32
2472,993,775.83,upi,repeated_failure,1,0.463,0.055,0,2026-07-06 12:42:32
2473,777,8765.76,netbanking,authentication_failure,3,0.469,0.298,0,2026-06-14 12:42:32
2474,1869,5903.76,upi,repeated_failure,0,0.693,0.227,1,2026-07-07 12:42:32
2475,1560,2960.25,netbanking,insufficient_balance,2,0.86,0.434,1,2026-06-13 12:42:32
2476,565,2802.99,card,repeated_failure,1,0.821,0.198,0,2026-07-22 12:42:32
2477,1874,3518.22,netbanking,customer_abandonment,2,0.756,0.142,0,2026-07-21 12:42:32
2478,1498,2693.56,upi,customer_abandonment,0,0.551,0.22,1,2026-06-21 12:42:32
2479,1843,7613.43,upi,network_timeout,0,0.658,0.763,1,2026-07-15 12:42:32
2480,1281,7255.34,upi,network_timeout,2,0.699,0.62,0,2026-08-04 12:42:32
2481,1657,3519.66,card,insufficient_balance,3,0.846,0.348,0,2026-08-12 12:42:32
2482,1838,3555.05,wallet,authentication_failure,1,0.903,0.631,0,2026-08-07 12:42:32
2483,615,2341.79,netbanking,insufficient_balance,2,0.627,0.341,0,2026-07-04 12:42:32
2484,1688,6353.28,upi,repeated_failure,0,0.696,0.228,0,2026-08-18 12:42:32
2485,1249,3541.95,upi,authentication_failure,1,0.658,0.533,1,2026-07-12 12:42:32
2486,833,1098.73,netbanking,insufficient_balance,1,0.809,0.494,0,2026-06-05 12:42:32
2487,1594,4790.46,card,customer_abandonment,0,0.744,0.298,1,2026-06-23 12:42:32
2488,177,2591.48,card,temporary_bank_failure,0,0.795,0.868,1,2026-08-19 12:42:32
2489,1799,2230.8,netbanking,repeated_failure,3,0.911,0.074,1,2026-06-16 12:42:32
2490,1071,1624.35,upi,insufficient_balance,1,0.793,0.487,1,2026-08-19 12:42:32
2491,131,8050.64,wallet,repeated_failure,3,0.607,0.02,0,2026-06-07 12:42:32
2492,1782,5578.66,wallet,customer_abandonment,1,0.658,0.183,1,2026-07-01 12:42:32
2493,1343,9881.03,wallet,repeated_failure,1,0.874,0.22,1,2026-07-13 12:42:32
2494,499,5182.6,netbanking,insufficient_balance,0,0.924,0.62,1,2026-08-22 12:42:32
2495,85,5544.89,upi,repeated_failure,1,0.861,0.214,0,2026-06-20 12:42:32
2496,787,6427.53,card,temporary_bank_failure,2,0.889,0.746,1,2026-08-03 12:42:32
2497,133,2639.55,upi,temporary_bank_failure,1,0.787,0.785,1,2026-06-11 12:42:32
2498,516,8076.28,wallet,repeated_failure,2,0.593,0.027,0,2026-07-12 12:42:32
2499,1242,5075.41,wallet,authentication_failure,0,0.812,0.675,1,2026-07-29 12:42:32
2500,757,8631.97,netbanking,temporary_bank_failure,0,0.813,0.875,1,2026-07-06 12:42:32
2501,628,2721.2,netbanking,temporary_bank_failure,1,0.859,0.814,0,2026-07-01 12:42:32
2502,73,1364.65,card,insufficient_balance,1,0.872,0.519,0,2026-08-25 12:42:32
2503,990,845.2,upi,temporary_bank_failure,0,0.867,0.897,1,2026-06-22 12:42:32
2504,1726,4906.41,card,authentication_failure,3,0.5,0.31,0,2026-07-17 12:42:32
2505,721,3619.88,upi,temporary_bank_failure,0,0.831,0.882,0,2026-07-03 12:42:32
2506,1369,9689.28,netbanking,customer_abandonment,1,0.362,0.065,0,2026-06-26 12:42:32
2507,1553,487.59,wallet,insufficient_balance,2,0.6,0.33,1,2026-08-12 12:42:32
2508,1360,996.8,card,temporary_bank_failure,2,0.659,0.654,1,2026-08-25 12:42:32
2509,511,9703.76,netbanking,temporary_bank_failure,0,0.897,0.909,1,2026-06-22 12:42:32
2510,615,177.29,card,customer_abandonment,0,0.627,0.251,0,2026-07-03 12:42:32
2511,366,3064.72,netbanking,network_timeout,0,0.562,0.725,0,2026-06-08 12:42:32
2512,586,7430.49,netbanking,authentication_failure,0,0.547,0.569,1,2026-06-22 12:42:32
2513,1034,6145.36,netbanking,insufficient_balance,3,0.444,0.188,0,2026-07-31 12:42:32
2514,1754,9611.33,card,temporary_bank_failure,2,0.606,0.632,1,2026-08-12 12:42:32
2515,1697,9455.16,netbanking,temporary_bank_failure,3,0.832,0.643,1,2026-08-11 12:42:32
2516,1443,4236.78,wallet,network_timeout,2,0.913,0.705,1,2026-06-23 12:42:32
2517,1226,3455.93,card,repeated_failure,1,0.791,0.186,1,2026-06-13 12:42:32
2518,634,8903.46,card,customer_abandonment,1,0.897,0.279,1,2026-05-28 12:42:32
2519,527,6031.84,netbanking,temporary_bank_failure,2,0.54,0.606,0,2026-06-18 12:42:32
2520,1176,3147.15,wallet,authentication_failure,2,0.295,0.308,0,2026-07-13 12:42:32
2521,1890,3346.7,wallet,authentication_failure,3,0.759,0.414,1,2026-07-04 12:42:32
2522,1402,8810.0,upi,repeated_failure,1,0.476,0.06,0,2026-08-10 12:42:32
2523,79,4054.01,netbanking,customer_abandonment,1,0.825,0.25,1,2026-06-08 12:42:32
2524,82,9696.56,wallet,temporary_bank_failure,1,0.428,0.641,1,2026-05-31 12:42:32
2525,224,7858.66,wallet,network_timeout,3,0.812,0.585,0,2026-07-04 12:42:32
2526,1757,1373.01,wallet,temporary_bank_failure,1,0.497,0.669,0,2026-08-19 12:42:32
2527,1139,1964.63,card,network_timeout,2,0.663,0.605,0,2026-08-07 12:42:32
2528,31,3564.98,card,customer_abandonment,2,0.539,0.056,0,2026-07-24 12:42:32
2529,1279,8139.13,upi,authentication_failure,3,0.722,0.399,1,2026-07-16 12:42:32
2530,1548,6595.88,upi,temporary_bank_failure,0,0.817,0.877,1,2026-06-30 12:42:32
2531,1066,5017.39,netbanking,insufficient_balance,1,0.739,0.466,0,2026-07-25 12:42:32
2532,1162,4691.91,wallet,temporary_bank_failure,1,0.657,0.733,1,2026-08-06 12:42:32
2533,508,870.45,netbanking,network_timeout,3,0.651,0.52,1,2026-05-30 12:42:32
2534,865,2887.38,card,temporary_bank_failure,3,0.775,0.62,0,2026-08-21 12:42:32
2535,1917,5722.57,card,authentication_failure,3,0.858,0.453,0,2026-05-28 12:42:32
2536,1214,6963.42,netbanking,network_timeout,0,0.734,0.794,0,2026-07-18 12:42:32
2537,162,5057.48,card,insufficient_balance,1,0.629,0.422,0,2026-07-01 12:42:32
2538,561,8257.45,card,network_timeout,3,0.812,0.585,0,2026-06-15 12:42:32
2539,1089,9413.1,netbanking,insufficient_balance,0,0.757,0.553,0,2026-07-16 12:42:32
2540,711,6041.23,wallet,customer_abandonment,0,0.862,0.345,1,2026-08-12 12:42:32
2541,1826,5327.78,card,customer_abandonment,0,0.653,0.261,0,2026-07-21 12:42:32
2542,1487,531.25,netbanking,network_timeout,0,0.658,0.763,1,2026-07-18 12:42:32
2543,581,5696.5,wallet,network_timeout,3,0.858,0.603,1,2026-06-24 12:42:32
2544,844,1101.14,card,insufficient_balance,2,0.568,0.317,0,2026-07-08 12:42:32
2545,658,9781.17,card,customer_abandonment,0,0.682,0.273,0,2026-08-02 12:42:32
2546,221,8339.04,upi,authentication_failure,0,0.743,0.647,1,2026-05-31 12:42:32
2547,1018,6552.82,netbanking,repeated_failure,2,0.681,0.062,1,2026-08-06 12:42:32
2548,757,2595.78,card,insufficient_balance,3,0.813,0.335,0,2026-07-13 12:42:32
2549,1768,2520.08,upi,insufficient_balance,1,0.862,0.515,1,2026-08-22 12:42:32
2550,1815,6201.32,card,customer_abandonment,0,0.864,0.346,1,2026-08-25 12:42:32
2551,367,6980.16,card,network_timeout,1,0.617,0.667,1,2026-07-21 12:42:32
2552,847,5718.6,upi,repeated_failure,1,0.702,0.151,0,2026-08-06 12:42:32
2553,676,4738.94,card,repeated_failure,1,0.934,0.244,0,2026-08-21 12:42:32
2554,1147,3029.78,netbanking,repeated_failure,1,0.822,0.199,0,2026-08-25 12:42:32
2555,723,6093.46,wallet,network_timeout,0,0.847,0.839,1,2026-06-26 12:42:32
2556,797,6846.99,card,insufficient_balance,3,0.661,0.274,0,2026-08-11 12:42:32
2557,694,8545.8,netbanking,insufficient_balance,3,0.832,0.343,1,2026-08-06 12:42:32
2558,912,5746.46,wallet,authentication_failure,1,0.765,0.576,1,2026-06-30 12:42:32
2559,765,8063.52,upi,customer_abandonment,3,0.692,0.037,0,2026-07-01 12:42:32
2560,567,3061.39,upi,network_timeout,0,0.546,0.718,1,2026-06-27 12:42:32
2561,1647,8086.48,netbanking,network_timeout,2,0.722,0.629,1,2026-06-18 12:42:32
2562,1983,9376.4,upi,insufficient_balance,1,0.514,0.376,0,2026-06-26 12:42:32
2563,1702,8653.17,upi,customer_abandonment,3,0.784,0.074,0,2026-07-20 12:42:32
2564,249,3668.08,card,authentication_failure,2,0.49,0.386,0,2026-06-07 12:42:32
2565,50,6369.7,netbanking,customer_abandonment,0,0.915,0.366,1,2026-06-09 12:42:32
2566,1875,2798.47,card,authentication_failure,0,0.789,0.666,1,2026-07-26 12:42:32
2567,119,6199.38,card,repeated_failure,2,0.69,0.066,0,2026-06-18 12:42:32
2568,1577,5695.6,upi,customer_abandonment,1,0.79,0.236,1,2026-06-02 12:42:32
2569,685,7239.24,wallet,customer_abandonment,2,0.182,0.02,0,2026-07-12 12:42:32
2570,1207,6205.71,card,authentication_failure,3,0.47,0.298,1,2026-07-31 12:42:32
2571,293,3133.17,card,customer_abandonment,0,0.746,0.298,0,2026-08-06 12:42:32
2572,759,5301.05,card,network_timeout,2,0.889,0.696,1,2026-06-08 12:42:32
2573,26,6861.35,upi,repeated_failure,0,0.798,0.269,0,2026-07-30 12:42:32
2574,862,3886.77,upi,authentication_failure,2,0.955,0.572,0,2026-08-23 12:42:32
2575,963,7813.13,upi,network_timeout,1,0.577,0.651,1,2026-08-11 12:42:32
2576,1446,9676.46,upi,repeated_failure,0,0.764,0.256,0,2026-06-15 12:42:32
2577,915,3756.28,card,customer_abandonment,0,0.692,0.277,0,2026-08-07 12:42:32
2578,1690,8039.01,netbanking,customer_abandonment,0,0.734,0.294,0,2026-07-05 12:42:32
2579,1206,2709.37,netbanking,authentication_failure,3,0.935,0.484,0,2026-08-23 12:42:32
2580,408,2413.54,netbanking,customer_abandonment,2,0.728,0.131,0,2026-06-24 12:42:32
2581,1690,5002.63,upi,insufficient_balance,2,0.734,0.384,0,2026-07-09 12:42:32
2582,1616,2846.02,card,network_timeout,3,0.782,0.573,0,2026-08-22 12:42:32
2583,1892,3917.64,upi,network_timeout,2,0.712,0.625,1,2026-08-06 12:42:32
2584,1166,1604.73,wallet,repeated_failure,2,0.883,0.143,1,2026-08-18 12:42:32
2585,598,9102.67,wallet,temporary_bank_failure,0,0.746,0.848,1,2026-06-22 12:42:32
2586,1012,8753.46,netbanking,customer_abandonment,3,0.729,0.052,0,2026-07-31 12:42:32
2587,265,2096.88,wallet,network_timeout,1,0.416,0.586,1,2026-06-14 12:42:32
2588,1174,5793.61,card,temporary_bank_failure,1,0.806,0.792,1,2026-08-13 12:42:32
2589,84,7216.01,netbanking,network_timeout,1,0.872,0.769,1,2026-08-01 12:42:32
2590,733,5721.6,card,customer_abandonment,1,0.575,0.15,0,2026-08-18 12:42:32
2591,608,3519.43,upi,customer_abandonment,2,0.801,0.16,0,2026-07-07 12:42:32
2592,466,8567.55,wallet,customer_abandonment,1,0.501,0.12,0,2026-06-30 12:42:32
2593,1655,9424.56,card,customer_abandonment,1,0.946,0.298,1,2026-07-06 12:42:32
2594,89,5438.38,netbanking,customer_abandonment,3,0.346,0.02,0,2026-06-20 12:42:32
2595,167,5400.27,wallet,customer_abandonment,1,0.531,0.132,0,2026-06-26 12:42:32
2596,1067,3280.43,card,temporary_bank_failure,0,0.526,0.76,1,2026-07-23 12:42:32
2597,128,611.46,card,repeated_failure,1,0.796,0.188,0,2026-07-22 12:42:32
2598,1734,7480.12,wallet,repeated_failure,1,0.735,0.164,0,2026-07-22 12:42:32
2599,560,5260.58,upi,customer_abandonment,3,0.469,0.02,0,2026-08-04 12:42:32
2600,1691,4329.31,netbanking,repeated_failure,2,0.878,0.141,0,2026-08-17 12:42:32
2601,34,2581.49,card,network_timeout,0,0.645,0.758,0,2026-06-29 12:42:32
2602,220,4933.59,netbanking,authentication_failure,2,0.86,0.534,0,2026-07-24 12:42:32
2603,74,7940.45,upi,repeated_failure,2,0.444,0.02,0,2026-06-28 12:42:32
2604,1820,1666.57,wallet,repeated_failure,1,0.917,0.237,0,2026-06-08 12:42:32
2605,415,9167.91,upi,customer_abandonment,2,0.474,0.03,0,2026-08-11 12:42:32
2606,896,5646.67,wallet,insufficient_balance,0,0.632,0.503,1,2026-06-30 12:42:32
2607,1055,8133.39,card,authentication_failure,1,0.94,0.646,1,2026-06-13 12:42:32
2608,1346,3339.28,wallet,authentication_failure,3,0.742,0.407,0,2026-08-07 12:42:32
2609,1346,2407.2,netbanking,network_timeout,3,0.742,0.557,0,2026-06-18 12:42:32
2610,235,395.02,wallet,authentication_failure,1,0.616,0.516,1,2026-06-29 12:42:32
2611,1969,2560.51,upi,temporary_bank_failure,3,0.512,0.515,1,2026-06-16 12:42:32
2612,966,1195.99,card,network_timeout,0,0.479,0.692,1,2026-07-05 12:42:32
2613,675,7953.8,card,customer_abandonment,0,0.49,0.196,0,2026-07-28 12:42:32
2614,392,3697.14,wallet,insufficient_balance,3,0.591,0.246,0,2026-06-18 12:42:32
2615,821,5502.46,wallet,network_timeout,3,0.604,0.502,1,2026-08-19 12:42:32
2616,657,7205.26,netbanking,insufficient_balance,2,0.772,0.399,0,2026-08-04 12:42:32
2617,166,2016.97,netbanking,repeated_failure,1,0.725,0.16,0,2026-06-18 12:42:32
2618,1694,6832.6,wallet,customer_abandonment,2,0.717,0.127,0,2026-08-03 12:42:32
2619,708,3956.58,card,customer_abandonment,0,0.895,0.358,1,2026-08-12 12:42:32
2620,827,3656.39,upi,authentication_failure,1,0.96,0.654,0,2026-08-20 12:42:32
2621,1653,4963.26,card,repeated_failure,0,0.485,0.144,0,2026-08-25 12:42:32
2622,397,6772.86,netbanking,authentication_failure,2,0.375,0.34,1,2026-08-09 12:42:32
2623,685,7674.18,card,repeated_failure,1,0.182,0.02,0,2026-05-30 12:42:32
2624,29,4864.97,netbanking,repeated_failure,1,0.951,0.25,0,2026-07-12 12:42:32
2625,114,5121.67,card,network_timeout,2,0.55,0.56,1,2026-08-21 12:42:32
2626,1966,2083.17,card,network_timeout,1,0.667,0.687,1,2026-08-03 12:42:32
2627,1008,6151.02,upi,temporary_bank_failure,0,0.766,0.856,0,2026-06-29 12:42:32
2628,726,3817.42,wallet,insufficient_balance,2,0.895,0.448,1,2026-07-13 12:42:32
2629,621,6291.03,upi,authentication_failure,3,0.687,0.385,1,2026-06-20 12:42:32
2630,1180,4065.89,upi,authentication_failure,2,0.811,0.514,1,2026-06-13 12:42:32
2631,1073,9714.63,card,authentication_failure,2,0.549,0.41,0,2026-08-25 12:42:32
2632,1927,930.64,netbanking,customer_abandonment,3,0.884,0.114,0,2026-08-19 12:42:32
2633,1116,3529.87,netbanking,temporary_bank_failure,1,0.617,0.717,1,2026-08-11 12:42:32
2634,1223,4733.85,upi,authentication_failure,2,0.523,0.399,0,2026-06-26 12:42:32
2635,1144,7833.06,card,customer_abandonment,2,0.702,0.121,0,2026-08-18 12:42:32
2636,277,5359.55,netbanking,customer_abandonment,2,0.787,0.155,0,2026-07-30 12:42:32
2637,73,1795.78,card,temporary_bank_failure,3,0.872,0.659,0,2026-07-26 12:42:32
2638,1909,6696.42,wallet,temporary_bank_failure,2,0.825,0.72,1,2026-06-07 12:42:32
2639,1540,5574.46,upi,insufficient_balance,3,0.833,0.343,0,2026-08-09 12:42:32
2640,826,3177.38,card,insufficient_balance,3,0.762,0.315,1,2026-06-06 12:42:32
2641,1131,4173.7,upi,temporary_bank_failure,3,0.863,0.655,0,2026-07-07 12:42:32
2642,577,8884.18,netbanking,network_timeout,1,0.719,0.708,1,2026-08-11 12:42:32
2643,1367,1551.65,netbanking,repeated_failure,0,0.78,0.262,0,2026-08-21 12:42:32
2644,1561,5861.68,card,insufficient_balance,3,0.653,0.271,0,2026-05-29 12:42:32
2645,1392,9961.85,card,network_timeout,1,0.85,0.76,0,2026-05-28 12:42:32
2646,483,3821.24,wallet,authentication_failure,2,0.606,0.432,1,2026-08-11 12:42:32
2647,1245,7144.92,upi,customer_abandonment,0,0.735,0.294,0,2026-08-03 12:42:32
2648,44,4461.31,upi,network_timeout,3,0.891,0.616,1,2026-07-05 12:42:32
2649,1048,8826.6,card,temporary_bank_failure,2,0.995,0.788,1,2026-07-07 12:42:32
2650,1019,3730.42,upi,network_timeout,0,0.879,0.852,1,2026-07-15 12:42:32
2651,968,2897.99,upi,customer_abandonment,2,0.907,0.203,0,2026-08-01 12:42:32
2652,1126,1193.79,netbanking,network_timeout,2,0.549,0.56,1,2026-06-10 12:42:32
2653,1928,4499.39,card,authentication_failure,1,0.858,0.613,1,2026-08-19 12:42:32
2654,1114,5740.22,upi,temporary_bank_failure,1,0.634,0.724,0,2026-07-04 12:42:32
2655,1640,6510.33,upi,customer_abandonment,1,0.813,0.245,1,2026-06-24 12:42:32
2656,1027,8845.53,card,repeated_failure,0,0.569,0.178,0,2026-08-04 12:42:32
2657,477,3299.58,wallet,repeated_failure,0,0.905,0.312,0,2026-06-22 12:42:32
2658,1813,1767.24,wallet,temporary_bank_failure,1,0.64,0.726,0,2026-06-04 12:42:32
2659,1044,9216.77,netbanking,repeated_failure,0,0.562,0.175,1,2026-08-03 12:42:32
2660,1716,1269.74,card,insufficient_balance,3,0.428,0.181,1,2026-06-13 12:42:32
2661,14,841.95,upi,authentication_failure,2,0.592,0.427,0,2026-08-25 12:42:32
2662,34,435.37,wallet,authentication_failure,3,0.645,0.368,1,2026-07-25 12:42:32
2663,137,9481.75,netbanking,insufficient_balance,1,0.668,0.437,1,2026-06-25 12:42:32
2664,954,8213.22,wallet,repeated_failure,0,0.72,0.238,1,2026-08-18 12:42:32
2665,969,7420.24,netbanking,customer_abandonment,0,0.452,0.181,1,2026-07-16 12:42:32
2666,633,9606.04,netbanking,repeated_failure,1,0.647,0.129,0,2026-06-23 12:42:32
2667,1317,8682.05,netbanking,repeated_failure,2,0.862,0.135,0,2026-08-06 12:42:32
2668,1746,4382.49,upi,authentication_failure,1,0.621,0.518,1,2026-07-23 12:42:32
2669,1879,3118.85,netbanking,temporary_bank_failure,0,0.611,0.794,1,2026-08-17 12:42:32
2670,863,5419.61,netbanking,temporary_bank_failure,3,0.893,0.667,0,2026-06-24 12:42:32
2671,1057,5478.55,netbanking,network_timeout,0,0.835,0.834,0,2026-08-18 12:42:32
2672,232,6482.7,wallet,customer_abandonment,2,0.737,0.135,0,2026-07-19 12:42:32
2673,1194,9283.62,card,repeated_failure,2,0.488,0.02,0,2026-06-20 12:42:32
2674,950,3774.8,upi,repeated_failure,3,0.489,0.02,0,2026-07-18 12:42:32
2675,1659,2829.72,card,network_timeout,3,0.679,0.532,1,2026-06-10 12:42:32
2676,1828,2407.63,upi,temporary_bank_failure,2,0.882,0.743,1,2026-07-14 12:42:32
2677,1439,6776.97,wallet,network_timeout,0,0.716,0.786,1,2026-05-30 12:42:32
2678,1978,9510.45,upi,network_timeout,2,0.503,0.541,0,2026-08-24 12:42:32
2679,362,2609.19,upi,authentication_failure,2,0.803,0.511,1,2026-08-07 12:42:32
2680,1370,7048.44,upi,network_timeout,3,0.642,0.517,0,2026-08-12 12:42:32
2681,131,7604.96,card,insufficient_balance,1,0.607,0.413,1,2026-06-09 12:42:32
2682,334,8638.76,card,network_timeout,2,0.431,0.512,0,2026-07-01 12:42:32
2683,1026,639.77,card,temporary_bank_failure,3,0.741,0.606,1,2026-06-19 12:42:32
2684,1394,2088.62,wallet,insufficient_balance,2,0.697,0.369,0,2026-06-26 12:42:32
2685,1706,280.18,netbanking,temporary_bank_failure,2,0.679,0.662,0,2026-06-10 12:42:32
2686,369,5303.75,upi,temporary_bank_failure,2,0.801,0.71,1,2026-06-22 12:42:32
2687,1456,5712.3,card,insufficient_balance,1,0.697,0.449,0,2026-07-17 12:42:32
2688,1943,6582.83,netbanking,authentication_failure,1,0.602,0.511,0,2026-06-08 12:42:32
2689,1353,321.23,upi,temporary_bank_failure,1,0.799,0.79,0,2026-08-02 12:42:32
2690,1815,8492.81,netbanking,network_timeout,3,0.864,0.606,1,2026-07-23 12:42:32
2691,130,7131.7,netbanking,customer_abandonment,3,0.467,0.02,0,2026-08-07 12:42:32
2692,1408,4666.58,card,authentication_failure,0,0.788,0.665,1,2026-06-16 12:42:32
2693,1904,1211.5,netbanking,repeated_failure,1,0.783,0.183,0,2026-05-31 12:42:32
2694,1840,2701.86,wallet,temporary_bank_failure,3,0.66,0.574,1,2026-08-09 12:42:32
2695,1759,1111.51,upi,repeated_failure,2,0.91,0.154,0,2026-08-20 12:42:32
2696,52,5422.72,card,network_timeout,3,0.841,0.596,0,2026-07-06 12:42:32
2697,826,8062.38,card,temporary_bank_failure,2,0.762,0.695,1,2026-07-26 12:42:32
2698,1986,6958.8,upi,network_timeout,1,0.794,0.738,1,2026-08-13 12:42:32
2699,115,7923.8,wallet,customer_abandonment,0,0.774,0.31,0,2026-08-21 12:42:32
2700,1187,3043.28,netbanking,authentication_failure,3,0.377,0.261,1,2026-06-25 12:42:32
2701,534,8692.84,card,temporary_bank_failure,0,0.645,0.808,1,2026-07-03 12:42:32
2702,1622,4004.01,netbanking,temporary_bank_failure,1,0.884,0.824,0,2026-06-12 12:42:32
2703,841,4029.57,wallet,repeated_failure,0,0.622,0.199,0,2026-08-01 12:42:32
2704,784,5130.76,netbanking,network_timeout,2,0.912,0.705,0,2026-06-06 12:42:32
2705,1975,1085.53,card,customer_abandonment,2,0.906,0.202,0,2026-05-28 12:42:32
2706,1007,2275.62,wallet,authentication_failure,2,0.491,0.386,1,2026-08-13 12:42:32
2707,1364,1785.31,netbanking,insufficient_balance,0,0.582,0.483,0,2026-08-16 12:42:32
2708,1030,2176.61,upi,insufficient_balance,0,0.702,0.531,0,2026-08-24 12:42:32
2709,783,4326.33,wallet,temporary_bank_failure,3,0.673,0.579,1,2026-08-16 12:42:32
2710,713,2417.35,wallet,network_timeout,3,0.512,0.465,0,2026-07-15 12:42:32
2711,396,8515.39,netbanking,insufficient_balance,0,0.699,0.53,1,2026-06-21 12:42:32
2712,542,6785.7,netbanking,temporary_bank_failure,3,0.671,0.578,0,2026-08-09 12:42:32
2713,1437,7368.08,upi,network_timeout,0,0.464,0.686,1,2026-06-04 12:42:32
2714,1326,7050.15,upi,repeated_failure,3,0.96,0.094,0,2026-07-03 12:42:32
2715,637,4888.44,upi,temporary_bank_failure,3,0.856,0.652,1,2026-05-31 12:42:32
2716,1888,8711.01,netbanking,authentication_failure,1,0.628,0.521,1,2026-07-07 12:42:32
2717,952,7493.03,card,network_timeout,2,0.876,0.69,1,2026-06-30 12:42:32
2718,964,6879.47,netbanking,repeated_failure,2,0.948,0.169,0,2026-08-14 12:42:32
2719,814,1762.14,upi,repeated_failure,3,0.807,0.033,0,2026-07-10 12:42:32
2720,88,3239.03,netbanking,insufficient_balance,1,0.646,0.428,0,2026-08-13 12:42:32
2721,1918,7738.34,upi,customer_abandonment,0,0.57,0.228,0,2026-06-03 12:42:32
2722,901,8041.23,upi,network_timeout,3,0.887,0.615,0,2026-08-02 12:42:32
2723,79,2420.62,card,authentication_failure,1,0.825,0.6,0,2026-08-23 12:42:32
2724,384,3306.11,upi,insufficient_balance,0,0.778,0.561,0,2026-07-02 12:42:32
2725,1399,5744.02,card,insufficient_balance,0,0.88,0.602,1,2026-06-01 12:42:32
2726,113,6196.35,wallet,customer_abandonment,1,0.958,0.303,0,2026-06-21 12:42:32
2727,1245,5175.96,upi,authentication_failure,0,0.735,0.644,0,2026-06-02 12:42:32
2728,624,2354.32,wallet,customer_abandonment,1,0.976,0.31,1,2026-08-24 12:42:32
2729,1161,7347.77,card,temporary_bank_failure,3,0.831,0.642,0,2026-07-16 12:42:32
2730,971,4529.06,upi,temporary_bank_failure,3,0.731,0.602,1,2026-07-19 12:42:32
2731,1091,6550.63,card,authentication_failure,3,0.404,0.272,0,2026-06-08 12:42:32
2732,301,482.79,wallet,authentication_failure,0,0.865,0.696,1,2026-06-10 12:42:32
2733,1336,3988.23,card,customer_abandonment,0,0.722,0.289,1,2026-06-14 12:42:32
2734,230,6826.14,card,temporary_bank_failure,1,0.838,0.805,0,2026-08-13 12:42:32
2735,1043,2057.21,wallet,insufficient_balance,3,0.957,0.393,0,2026-07-27 12:42:32
2736,66,8691.5,netbanking,customer_abandonment,3,0.768,0.067,0,2026-08-11 12:42:32
2737,121,2384.61,wallet,repeated_failure,1,0.228,0.02,0,2026-05-28 12:42:32
2738,1893,8744.28,wallet,customer_abandonment,3,0.668,0.027,0,2026-06-10 12:42:32
2739,1048,8475.21,wallet,customer_abandonment,3,0.995,0.158,0,2026-06-29 12:42:32
2740,1572,5603.12,netbanking,insufficient_balance,0,0.698,0.529,1,2026-08-11 12:42:32
2741,913,6381.09,upi,insufficient_balance,0,0.848,0.589,1,2026-07-23 12:42:32
2742,18,4370.52,upi,insufficient_balance,3,0.86,0.354,0,2026-08-13 12:42:32
2743,1332,7037.72,wallet,network_timeout,3,0.761,0.564,1,2026-07-23 12:42:32
2744,351,8901.02,wallet,repeated_failure,0,0.777,0.261,0,2026-08-17 12:42:32
2745,842,3771.81,upi,temporary_bank_failure,0,0.843,0.887,1,2026-06-08 12:42:32
2746,991,6900.09,wallet,network_timeout,0,0.914,0.866,1,2026-07-10 12:42:32
2747,1361,3609.99,wallet,repeated_failure,3,0.438,0.02,0,2026-07-21 12:42:32
2748,453,2135.16,card,temporary_bank_failure,0,0.526,0.76,1,2026-06-18 12:42:32
2749,986,3191.12,netbanking,temporary_bank_failure,0,0.644,0.808,1,2026-06-21 12:42:32
2750,1851,8710.62,netbanking,network_timeout,0,0.777,0.811,1,2026-08-24 12:42:32
2751,218,5646.29,card,repeated_failure,3,0.277,0.02,0,2026-06-10 12:42:32
2752,1672,3974.2,card,customer_abandonment,0,0.749,0.3,0,2026-07-17 12:42:32
2753,1906,7714.03,upi,repeated_failure,0,0.703,0.231,0,2026-07-15 12:42:32
2754,1669,7573.82,card,authentication_failure,3,0.464,0.296,0,2026-06-02 12:42:32
2755,1682,8331.21,netbanking,repeated_failure,0,0.888,0.305,0,2026-07-29 12:42:32
2756,1020,6225.0,wallet,authentication_failure,1,0.651,0.53,0,2026-08-15 12:42:32
2757,672,2875.9,card,network_timeout,2,0.463,0.525,1,2026-06-09 12:42:32
2758,149,5346.0,upi,temporary_bank_failure,3,0.227,0.401,1,2026-07-23 12:42:32
2759,1628,5999.82,netbanking,repeated_failure,3,0.958,0.093,0,2026-06-13 12:42:32
2760,792,1984.0,card,temporary_bank_failure,3,0.706,0.592,0,2026-08-20 12:42:32
2761,1858,6977.25,upi,authentication_failure,3,0.778,0.421,0,2026-06-17 12:42:32
2762,590,1201.83,wallet,authentication_failure,1,0.609,0.514,0,2026-07-11 12:42:32
2763,403,4432.22,wallet,repeated_failure,2,0.763,0.095,0,2026-07-07 12:42:32
2764,1087,8728.65,card,temporary_bank_failure,3,0.683,0.583,1,2026-06-11 12:42:32
2765,1670,3770.96,wallet,insufficient_balance,3,0.611,0.254,0,2026-07-01 12:42:32
2766,247,420.22,wallet,temporary_bank_failure,3,0.89,0.666,1,2026-07-28 12:42:32
2767,66,7983.82,upi,insufficient_balance,1,0.768,0.477,1,2026-06-05 12:42:32
2768,36,7500.99,netbanking,authentication_failure,0,0.632,0.603,1,2026-05-29 12:42:32
2769,1759,9387.37,upi,authentication_failure,0,0.91,0.714,1,2026-06-23 12:42:32
2770,1348,1378.92,upi,authentication_failure,1,0.695,0.548,0,2026-07-18 12:42:32
2771,1124,8755.54,upi,authentication_failure,3,0.673,0.379,0,2026-06-11 12:42:32
2772,1342,4102.2,card,customer_abandonment,3,0.796,0.078,0,2026-07-18 12:42:32
2773,1950,3811.04,card,customer_abandonment,2,0.985,0.234,0,2026-07-07 12:42:32
2774,506,8750.82,upi,temporary_bank_failure,1,0.776,0.78,0,2026-06-30 12:42:32
2775,1822,7201.18,netbanking,insufficient_balance,3,0.707,0.293,0,2026-08-07 12:42:32
2776,1070,3535.58,upi,authentication_failure,0,0.681,0.622,0,2026-06-08 12:42:32
2777,1686,4056.42,netbanking,temporary_bank_failure,3,0.887,0.665,1,2026-06-04 12:42:32
2778,1692,4029.63,wallet,network_timeout,0,0.497,0.699,1,2026-06-01 12:42:32
2779,117,4106.09,wallet,insufficient_balance,2,0.579,0.322,0,2026-08-19 12:42:32
2780,184,8519.48,upi,network_timeout,1,0.958,0.803,1,2026-07-30 12:42:32
2781,1587,5424.59,wallet,authentication_failure,2,0.893,0.547,0,2026-07-17 12:42:32
2782,835,4064.12,wallet,insufficient_balance,3,0.674,0.28,1,2026-06-03 12:42:32
2783,1874,3653.45,upi,repeated_failure,3,0.756,0.02,0,2026-07-16 12:42:32
2784,752,2447.6,netbanking,authentication_failure,3,0.903,0.471,0,2026-08-14 12:42:32
2785,798,1142.59,card,temporary_bank_failure,1,0.53,0.682,1,2026-08-22 12:42:32
2786,1117,9398.32,upi,authentication_failure,1,0.747,0.569,0,2026-08-18 12:42:32
2787,249,2069.6,card,repeated_failure,0,0.49,0.146,0,2026-07-26 12:42:32
2788,277,2361.34,upi,authentication_failure,0,0.787,0.665,0,2026-07-01 12:42:32
2789,1069,9902.64,netbanking,authentication_failure,3,0.968,0.497,1,2026-08-14 12:42:32
2790,289,4304.37,wallet,network_timeout,3,0.836,0.594,1,2026-07-18 12:42:32
2791,1257,8550.21,netbanking,temporary_bank_failure,3,0.891,0.666,1,2026-06-16 12:42:32
2792,647,6132.19,upi,repeated_failure,3,0.712,0.02,0,2026-07-10 12:42:32
2793,648,1291.79,card,repeated_failure,0,0.889,0.306,0,2026-07-10 12:42:32
2794,1220,7543.08,card,network_timeout,1,0.728,0.711,1,2026-08-21 12:42:32
2795,1163,4808.94,card,customer_abandonment,3,0.451,0.02,0,2026-06-03 12:42:32
2796,1826,3617.63,wallet,network_timeout,3,0.653,0.521,0,2026-07-08 12:42:32
2797,1102,2492.55,wallet,network_timeout,1,0.808,0.743,1,2026-07-09 12:42:32
2798,1609,3678.64,wallet,network_timeout,0,0.726,0.79,1,2026-08-03 12:42:32
2799,283,2571.84,netbanking,authentication_failure,0,0.609,0.594,1,2026-07-15 12:42:32
2800,458,4493.57,wallet,authentication_failure,2,0.629,0.442,1,2026-08-18 12:42:32
2801,1077,357.01,netbanking,repeated_failure,2,0.411,0.02,0,2026-07-13 12:42:32
2802,86,3795.29,upi,repeated_failure,0,0.735,0.244,1,2026-07-31 12:42:32
2803,1154,8510.22,card,authentication_failure,2,0.839,0.526,0,2026-08-13 12:42:32
2804,645,3957.59,netbanking,insufficient_balance,3,0.806,0.332,0,2026-06-15 12:42:32
2805,1178,494.08,card,temporary_bank_failure,1,0.933,0.843,0,2026-06-09 12:42:32
2806,106,5009.76,netbanking,insufficient_balance,1,0.781,0.482,1,2026-07-26 12:42:32
2807,1317,7147.85,netbanking,network_timeout,0,0.862,0.845,1,2026-06-17 12:42:32
2808,663,8914.11,netbanking,insufficient_balance,1,0.727,0.461,0,2026-07-27 12:42:32
2809,272,8952.95,upi,authentication_failure,1,0.662,0.535,1,2026-06-22 12:42:32
2810,59,5613.22,wallet,repeated_failure,2,0.958,0.173,0,2026-06-05 12:42:32
2811,1376,7506.29,card,insufficient_balance,3,0.82,0.338,0,2026-06-02 12:42:32
2812,814,7235.45,wallet,customer_abandonment,1,0.807,0.243,1,2026-05-30 12:42:32
2813,1241,9569.62,upi,customer_abandonment,2,0.596,0.078,0,2026-07-15 12:42:32
2814,301,1441.86,wallet,repeated_failure,2,0.865,0.136,0,2026-06-21 12:42:32
2815,427,900.61,netbanking,insufficient_balance,0,0.481,0.442,0,2026-06-16 12:42:32
2816,1760,9928.86,upi,insufficient_balance,3,0.907,0.373,0,2026-07-29 12:42:32
2817,1888,5815.07,upi,authentication_failure,1,0.628,0.521,1,2026-08-25 12:42:32
2818,43,5790.08,upi,insufficient_balance,1,0.692,0.447,1,2026-07-06 12:42:32
2819,1424,8210.78,netbanking,insufficient_balance,0,0.709,0.534,1,2026-08-09 12:42:32
2820,345,8622.61,upi,insufficient_balance,3,0.811,0.334,0,2026-06-18 12:42:32
2821,1996,5358.35,card,customer_abandonment,1,0.782,0.233,0,2026-08-14 12:42:32
2822,1089,9383.05,netbanking,authentication_failure,0,0.757,0.653,1,2026-06-03 12:42:32
2823,435,9268.84,upi,temporary_bank_failure,1,0.774,0.78,1,2026-07-03 12:42:32
2824,1170,2696.93,upi,insufficient_balance,0,0.892,0.607,0,2026-05-29 12:42:32
2825,997,7590.38,card,authentication_failure,0,0.641,0.606,1,2026-08-01 12:42:32
2826,468,1340.15,upi,temporary_bank_failure,2,0.893,0.747,0,2026-08-12 12:42:32
2827,1650,8957.21,upi,insufficient_balance,0,0.795,0.568,1,2026-06-08 12:42:32
2828,1292,1359.32,card,repeated_failure,1,0.702,0.151,0,2026-07-14 12:42:32
2829,1702,8077.06,wallet,insufficient_balance,2,0.784,0.404,0,2026-06-04 12:42:32
2830,862,3188.59,wallet,temporary_bank_failure,1,0.955,0.852,1,2026-08-16 12:42:32
2831,691,1300.92,upi,customer_abandonment,1,0.932,0.293,0,2026-07-21 12:42:32
2832,29,6030.0,card,network_timeout,3,0.951,0.64,1,2026-06-28 12:42:32
2833,366,8926.24,upi,authentication_failure,3,0.562,0.335,0,2026-07-24 12:42:32
2834,727,9929.74,card,network_timeout,0,0.556,0.722,1,2026-08-03 12:42:32
2835,1904,7568.19,card,authentication_failure,3,0.783,0.423,0,2026-06-27 12:42:32
2836,460,2862.7,netbanking,authentication_failure,3,0.457,0.293,1,2026-06-16 12:42:32
2837,896,1337.64,upi,customer_abandonment,3,0.632,0.02,0,2026-06-30 12:42:32
2838,1903,2087.37,netbanking,customer_abandonment,0,0.28,0.112,1,2026-07-16 12:42:32
2839,1889,2900.57,card,network_timeout,1,0.754,0.722,1,2026-08-07 12:42:32
2840,427,9145.98,netbanking,customer_abandonment,1,0.481,0.112,0,2026-08-13 12:42:32
2841,1245,2645.44,upi,customer_abandonment,3,0.735,0.054,1,2026-06-10 12:42:32
2842,86,6579.15,card,customer_abandonment,2,0.735,0.134,0,2026-07-04 12:42:32
2843,1076,3525.13,netbanking,temporary_bank_failure,3,0.758,0.613,1,2026-06-27 12:42:32
2844,755,6580.39,upi,network_timeout,2,0.683,0.613,0,2026-07-03 12:42:32
2845,112,233.1,card,network_timeout,1,0.83,0.752,1,2026-08-12 12:42:32
2846,666,6865.27,card,customer_abandonment,0,0.857,0.343,0,2026-06-07 12:42:32
2847,417,3779.07,netbanking,authentication_failure,1,0.698,0.549,0,2026-07-10 12:42:32
2848,428,5257.75,netbanking,customer_abandonment,3,0.987,0.155,0,2026-05-28 12:42:32
2849,232,5211.65,upi,authentication_failure,2,0.737,0.485,0,2026-06-04 12:42:32
2850,65,1478.05,netbanking,repeated_failure,2,0.803,0.111,1,2026-07-08 12:42:32
2851,1251,7608.24,card,temporary_bank_failure,0,0.605,0.792,1,2026-06-02 12:42:32
2852,53,3499.76,netbanking,repeated_failure,2,0.441,0.02,0,2026-08-16 12:42:32
2853,486,7376.46,wallet,customer_abandonment,3,0.728,0.051,0,2026-06-17 12:42:32
2854,1038,8952.86,netbanking,insufficient_balance,2,0.718,0.377,0,2026-07-16 12:42:32
2855,1127,3435.45,netbanking,insufficient_balance,3,0.922,0.379,0,2026-08-10 12:42:32
2856,1106,2508.7,netbanking,customer_abandonment,1,0.659,0.184,1,2026-08-13 12:42:32
2857,1822,9184.57,upi,customer_abandonment,3,0.707,0.043,0,2026-07-07 12:42:32
2858,1991,8522.01,card,network_timeout,2,0.85,0.68,0,2026-06-27 12:42:32
2859,545,9635.71,netbanking,customer_abandonment,0,0.698,0.279,0,2026-08-07 12:42:32
2860,1493,3693.09,card,temporary_bank_failure,3,0.851,0.65,1,2026-07-24 12:42:32
2861,1300,446.32,upi,temporary_bank_failure,3,0.773,0.619,1,2026-06-13 12:42:32
2862,1732,7646.1,upi,authentication_failure,0,0.635,0.604,1,2026-07-22 12:42:32
2863,379,7467.24,upi,repeated_failure,1,0.569,0.098,0,2026-07-31 12:42:32
2864,234,3388.52,netbanking,repeated_failure,2,0.816,0.116,0,2026-06-13 12:42:32
2865,216,8387.04,wallet,customer_abandonment,2,0.675,0.11,0,2026-05-29 12:42:32
2866,1159,2910.08,netbanking,authentication_failure,1,0.614,0.516,0,2026-06-10 12:42:32
2867,1283,2094.09,wallet,customer_abandonment,2,0.752,0.141,0,2026-06-20 12:42:32
2868,1216,5576.52,card,network_timeout,0,0.82,0.828,1,2026-08-14 12:42:32
2869,832,985.84,upi,repeated_failure,2,0.558,0.02,0,2026-07-17 12:42:32
2870,1914,306.97,upi,temporary_bank_failure,2,0.738,0.685,1,2026-06-11 12:42:32
2871,1507,9323.12,card,insufficient_balance,1,0.659,0.434,1,2026-07-19 12:42:32
2872,1321,2166.55,netbanking,insufficient_balance,1,0.489,0.366,0,2026-07-26 12:42:32
2873,1752,6939.0,upi,insufficient_balance,1,0.698,0.449,1,2026-06-26 12:42:32
2874,1747,5896.59,upi,authentication_failure,0,0.525,0.56,1,2026-07-11 12:42:32
2875,1649,6095.97,netbanking,repeated_failure,1,0.61,0.114,0,2026-06-04 12:42:32
2876,170,3277.63,upi,repeated_failure,0,0.818,0.277,0,2026-06-27 12:42:32
2877,1861,5287.34,upi,authentication_failure,0,0.827,0.681,1,2026-07-15 12:42:32
2878,29,8348.9,card,insufficient_balance,0,0.951,0.63,1,2026-08-11 12:42:32
2879,516,1997.82,upi,customer_abandonment,2,0.593,0.077,0,2026-08-18 12:42:32
2880,1529,6759.22,wallet,customer_abandonment,0,0.79,0.316,1,2026-08-04 12:42:32
2881,133,4706.26,netbanking,repeated_failure,0,0.787,0.265,0,2026-07-07 12:42:32
2882,647,9662.91,upi,repeated_failure,0,0.712,0.235,0,2026-08-19 12:42:32
2883,936,3069.14,netbanking,customer_abandonment,2,0.756,0.142,0,2026-06-23 12:42:32
2884,449,5501.19,wallet,repeated_failure,3,0.809,0.034,0,2026-06-08 12:42:32
2885,149,6360.77,card,insufficient_balance,3,0.227,0.101,0,2026-08-06 12:42:32
2886,1235,4476.4,wallet,insufficient_balance,0,0.548,0.469,0,2026-07-10 12:42:32
2887,723,1950.43,upi,repeated_failure,3,0.847,0.049,0,2026-06-10 12:42:32
2888,580,1864.14,card,customer_abandonment,0,0.832,0.333,0,2026-05-30 12:42:32
2889,1489,9692.13,netbanking,insufficient_balance,3,0.862,0.355,0,2026-08-15 12:42:32
2890,1292,9702.38,wallet,customer_abandonment,0,0.702,0.281,0,2026-06-09 12:42:32
2891,909,1647.54,wallet,insufficient_balance,1,0.603,0.411,0,2026-08-20 12:42:32
2892,1367,2568.59,upi,customer_abandonment,2,0.78,0.152,0,2026-08-05 12:42:32
2893,1404,4278.03,wallet,authentication_failure,3,0.753,0.411,0,2026-08-09 12:42:32
2894,1174,3580.13,card,authentication_failure,0,0.806,0.672,1,2026-07-19 12:42:32
2895,1858,1346.39,netbanking,temporary_bank_failure,2,0.778,0.701,1,2026-08-03 12:42:32
2896,1444,1228.22,card,insufficient_balance,0,0.384,0.404,0,2026-08-04 12:42:32
2897,1745,2927.92,card,repeated_failure,0,0.701,0.23,0,2026-05-28 12:42:32
2898,877,3221.28,upi,repeated_failure,3,0.858,0.053,0,2026-08-02 12:42:32
2899,1252,7345.85,upi,authentication_failure,1,0.871,0.618,1,2026-07-16 12:42:32
2900,587,5945.0,upi,repeated_failure,2,0.52,0.02,0,2026-05-28 12:42:32
2901,568,6429.97,wallet,temporary_bank_failure,0,0.489,0.746,1,2026-06-29 12:42:32
2902,1097,8341.65,upi,network_timeout,2,0.424,0.51,0,2026-06-24 12:42:32
2903,1043,6770.26,netbanking,temporary_bank_failure,0,0.957,0.933,1,2026-08-09 12:42:32
2904,1682,4779.8,upi,temporary_bank_failure,2,0.888,0.745,1,2026-07-20 12:42:32
2905,688,7764.3,wallet,customer_abandonment,3,0.657,0.023,0,2026-07-19 12:42:32
2906,243,2241.66,wallet,temporary_bank_failure,3,0.788,0.625,1,2026-07-04 12:42:32
2907,440,1032.8,netbanking,temporary_bank_failure,2,0.509,0.594,0,2026-07-27 12:42:32
2908,1162,4390.47,netbanking,repeated_failure,2,0.657,0.053,0,2026-07-21 12:42:32
2909,1901,280.23,card,network_timeout,2,0.939,0.716,1,2026-07-31 12:42:32
2910,1572,1077.65,upi,authentication_failure,2,0.698,0.469,0,2026-06-09 12:42:32
2911,1633,5693.68,card,repeated_failure,2,0.682,0.063,0,2026-08-14 12:42:32
2912,1790,2445.64,netbanking,repeated_failure,1,0.715,0.156,0,2026-06-19 12:42:32
2913,1531,9267.47,netbanking,repeated_failure,0,0.476,0.14,1,2026-06-05 12:42:32
2914,875,8824.41,upi,network_timeout,2,0.679,0.612,1,2026-08-23 12:42:32
2915,1747,8591.81,card,network_timeout,3,0.525,0.47,0,2026-07-02 12:42:32
2916,1187,8756.43,netbanking,repeated_failure,2,0.377,0.02,0,2026-07-16 12:42:32
2917,918,1105.41,wallet,repeated_failure,0,0.805,0.272,0,2026-07-20 12:42:32
2918,962,7646.24,netbanking,repeated_failure,1,0.762,0.175,0,2026-08-16 12:42:32
2919,187,4714.8,card,repeated_failure,3,0.854,0.052,0,2026-07-09 12:42:32
2920,774,7610.87,card,network_timeout,2,0.646,0.598,1,2026-06-10 12:42:32
2921,531,5180.81,netbanking,repeated_failure,3,0.554,0.02,0,2026-06-29 12:42:32
2922,921,9557.33,wallet,customer_abandonment,2,0.534,0.054,0,2026-06-17 12:42:32
2923,1276,8335.47,upi,insufficient_balance,0,0.794,0.568,1,2026-05-31 12:42:32
2924,240,8309.94,upi,authentication_failure,3,0.542,0.327,1,2026-08-19 12:42:32
2925,731,4604.82,netbanking,customer_abandonment,1,0.736,0.214,0,2026-08-04 12:42:32
2926,397,3645.65,wallet,customer_abandonment,0,0.375,0.15,0,2026-08-12 12:42:32
2927,1275,2548.29,wallet,authentication_failure,0,0.83,0.682,0,2026-07-18 12:42:32
2928,1,5746.29,card,temporary_bank_failure,1,0.796,0.788,1,2026-06-08 12:42:32
2929,465,7068.14,netbanking,customer_abandonment,2,0.416,0.02,0,2026-07-03 12:42:32
2930,687,7824.25,card,insufficient_balance,2,0.513,0.295,1,2026-06-22 12:42:32
2931,1605,7762.81,card,authentication_failure,0,0.74,0.646,1,2026-06-30 12:42:32
2932,1366,4396.36,wallet,insufficient_balance,0,0.748,0.549,0,2026-06-15 12:42:32
2933,1323,8865.53,upi,repeated_failure,2,0.707,0.073,0,2026-06-14 12:42:32
2934,560,7268.56,upi,insufficient_balance,2,0.469,0.278,0,2026-06-03 12:42:32
2935,1555,8791.62,wallet,network_timeout,3,0.609,0.504,1,2026-07-11 12:42:32
2936,1717,5865.47,card,insufficient_balance,2,0.809,0.414,0,2026-08-09 12:42:32
2937,1200,3310.07,wallet,customer_abandonment,2,0.801,0.16,1,2026-06-02 12:42:32
2938,1900,3136.02,card,temporary_bank_failure,1,0.431,0.642,0,2026-07-19 12:42:32
2939,929,4973.34,upi,network_timeout,2,0.821,0.668,1,2026-08-06 12:42:32
2940,1591,7127.31,netbanking,authentication_failure,3,0.658,0.373,1,2026-07-05 12:42:32
2941,434,1944.7,wallet,insufficient_balance,3,0.655,0.272,0,2026-08-08 12:42:32
2942,1095,3583.86,wallet,repeated_failure,3,0.589,0.02,0,2026-07-22 12:42:32
2943,1349,4492.74,wallet,insufficient_balance,2,0.517,0.297,0,2026-06-24 12:42:32
2944,713,6630.01,card,authentication_failure,3,0.512,0.315,0,2026-07-10 12:42:32
2945,505,7591.72,wallet,authentication_failure,2,0.814,0.516,0,2026-07-25 12:42:32
2946,958,222.86,wallet,customer_abandonment,0,0.597,0.239,0,2026-07-27 12:42:32
2947,698,7871.49,upi,customer_abandonment,2,0.915,0.206,0,2026-06-14 12:42:32
2948,1894,5902.59,netbanking,temporary_bank_failure,2,0.623,0.639,1,2026-07-15 12:42:32
2949,344,8163.63,netbanking,temporary_bank_failure,0,0.353,0.691,1,2026-08-23 12:42:32
2950,1238,8352.71,wallet,authentication_failure,2,0.916,0.556,1,2026-08-06 12:42:32
2951,1625,1257.03,netbanking,customer_abandonment,3,0.829,0.092,1,2026-07-18 12:42:32
2952,1604,3106.17,wallet,customer_abandonment,1,0.911,0.284,1,2026-08-20 12:42:32
2953,1004,387.48,netbanking,insufficient_balance,1,0.546,0.388,1,2026-07-18 12:42:32
2954,28,4130.93,wallet,repeated_failure,2,0.743,0.087,0,2026-07-28 12:42:32
2955,791,674.19,wallet,customer_abandonment,3,0.751,0.06,0,2026-05-28 12:42:32
2956,229,2053.15,netbanking,repeated_failure,0,0.783,0.263,1,2026-08-11 12:42:32
2957,333,6369.51,upi,insufficient_balance,2,0.911,0.454,0,2026-06-26 12:42:32
2958,819,1925.89,wallet,repeated_failure,3,0.645,0.02,0,2026-07-03 12:42:32
2959,423,8600.63,netbanking,network_timeout,1,0.902,0.781,1,2026-07-09 12:42:32
2960,723,3977.16,upi,authentication_failure,3,0.847,0.449,1,2026-08-13 12:42:32
2961,484,3552.11,upi,repeated_failure,0,0.709,0.234,0,2026-05-28 12:42:32
2962,1256,1524.04,upi,authentication_failure,0,0.681,0.622,1,2026-06-17 12:42:32
2963,27,4168.32,card,network_timeout,0,0.766,0.806,1,2026-06-05 12:42:32
2964,1917,7756.84,wallet,repeated_failure,2,0.858,0.133,0,2026-06-05 12:42:32
2965,1808,3188.52,card,customer_abandonment,2,0.906,0.202,0,2026-08-04 12:42:32
2966,974,9934.27,netbanking,temporary_bank_failure,1,0.772,0.779,1,2026-06-27 12:42:32
2967,1594,867.56,upi,authentication_failure,1,0.744,0.568,0,2026-08-11 12:42:32
2968,700,5649.26,wallet,customer_abandonment,3,0.754,0.062,1,2026-07-05 12:42:32
2969,1559,4111.74,card,authentication_failure,0,0.467,0.537,0,2026-08-01 12:42:32
2970,1134,1949.81,wallet,customer_abandonment,3,0.706,0.042,0,2026-08-07 12:42:32
2971,859,3967.96,card,temporary_bank_failure,1,0.753,0.771,0,2026-07-09 12:42:32
2972,624,248.08,wallet,insufficient_balance,0,0.976,0.64,1,2026-08-01 12:42:32
2973,1781,9592.1,upi,temporary_bank_failure,3,0.639,0.566,0,2026-08-15 12:42:32
2974,1391,7595.95,card,temporary_bank_failure,0,0.846,0.888,1,2026-07-05 12:42:32
2975,706,2286.17,upi,network_timeout,2,0.684,0.614,1,2026-08-21 12:42:32
2976,1536,7877.71,card,network_timeout,0,0.847,0.839,1,2026-07-13 12:42:32
2977,1494,4325.23,card,temporary_bank_failure,3,0.595,0.548,1,2026-08-13 12:42:32
2978,1116,4576.18,netbanking,repeated_failure,3,0.617,0.02,0,2026-08-09 12:42:32
2979,1328,7752.27,netbanking,repeated_failure,2,0.549,0.02,0,2026-07-23 12:42:32
2980,1673,8687.3,wallet,customer_abandonment,0,0.659,0.264,0,2026-07-10 12:42:32
2981,1022,2920.4,upi,repeated_failure,1,0.638,0.125,0,2026-07-11 12:42:32
2982,1467,6576.27,wallet,repeated_failure,3,0.823,0.039,0,2026-07-23 12:42:32
2983,109,9838.24,netbanking,temporary_bank_failure,1,0.617,0.717,1,2026-07-09 12:42:32
2984,983,511.87,wallet,repeated_failure,0,0.637,0.205,0,2026-06-29 12:42:32
2985,361,1575.99,wallet,repeated_failure,3,0.765,0.02,0,2026-05-29 12:42:32
2986,774,7679.34,upi,temporary_bank_failure,3,0.646,0.568,1,2026-07-19 12:42:32
2987,1775,3419.35,wallet,network_timeout,3,0.788,0.575,1,2026-08-13 12:42:32
2988,923,4871.25,upi,insufficient_balance,1,0.843,0.507,1,2026-06-01 12:42:32
2989,484,9827.23,netbanking,temporary_bank_failure,1,0.709,0.754,0,2026-08-20 12:42:32
2990,114,5967.74,wallet,temporary_bank_failure,3,0.55,0.53,0,2026-08-15 12:42:32
2991,611,1255.85,upi,network_timeout,0,0.668,0.767,1,2026-07-27 12:42:32
2992,872,2610.14,card,authentication_failure,3,0.823,0.439,1,2026-08-09 12:42:32
2993,1595,5188.27,upi,repeated_failure,3,0.96,0.094,0,2026-06-12 12:42:32
2994,1122,2274.48,wallet,network_timeout,3,0.319,0.388,0,2026-07-30 12:42:32
2995,1018,7798.66,card,network_timeout,1,0.681,0.692,1,2026-07-22 12:42:32
2996,60,1494.21,netbanking,customer_abandonment,2,0.621,0.088,0,2026-07-24 12:42:32
2997,1992,2839.03,card,repeated_failure,3,0.6,0.02,0,2026-07-25 12:42:32
2998,806,1988.41,netbanking,network_timeout,0,0.789,0.816,1,2026-06-11 12:42:32
2999,128,8650.59,netbanking,customer_abandonment,1,0.796,0.238,0,2026-08-12 12:42:32
3000,1169,2753.32,upi,customer_abandonment,2,0.74,0.136,0,2026-08-16 12:42:32
3001,1910,4976.06,card,customer_abandonment,0,0.912,0.365,0,2026-07-26 12:42:32
3002,389,3529.3,upi,temporary_bank_failure,3,0.57,0.538,1,2026-07-20 12:42:32
3003,334,5213.47,wallet,authentication_failure,2,0.431,0.362,0,2026-05-28 12:42:32
3004,1673,3369.13,netbanking,temporary_bank_failure,0,0.659,0.814,1,2026-06-13 12:42:32
3005,1904,5575.07,card,authentication_failure,1,0.783,0.583,0,2026-06-21 12:42:32
3006,786,2170.94,wallet,insufficient_balance,0,0.928,0.621,0,2026-06-07 12:42:32
3007,1965,7673.93,netbanking,insufficient_balance,3,0.762,0.315,1,2026-05-31 12:42:32
3008,986,6859.25,upi,authentication_failure,2,0.644,0.448,1,2026-08-12 12:42:32
3009,718,7636.59,upi,authentication_failure,2,0.523,0.399,0,2026-07-18 12:42:32
3010,691,3982.19,netbanking,repeated_failure,3,0.932,0.083,0,2026-08-21 12:42:32
3011,1608,2911.95,card,repeated_failure,2,0.697,0.069,0,2026-06-15 12:42:32
3012,762,5885.08,upi,network_timeout,0,0.529,0.712,1,2026-06-18 12:42:32
3013,1089,5482.64,card,temporary_bank_failure,0,0.757,0.853,1,2026-07-13 12:42:32
3014,1219,6395.91,upi,repeated_failure,0,0.75,0.25,0,2026-06-13 12:42:32
3015,674,9333.04,card,repeated_failure,3,0.464,0.02,0,2026-05-30 12:42:32
3016,1783,9825.71,netbanking,customer_abandonment,3,0.523,0.02,0,2026-08-10 12:42:32
3017,665,8539.86,wallet,customer_abandonment,1,0.701,0.2,1,2026-08-03 12:42:32
3018,930,5599.39,upi,authentication_failure,1,0.413,0.435,1,2026-07-28 12:42:32
3019,521,5460.2,card,insufficient_balance,1,0.51,0.374,0,2026-08-08 12:42:32
3020,1894,8921.4,upi,repeated_failure,0,0.623,0.199,0,2026-08-16 12:42:32
3021,1898,8566.82,wallet,network_timeout,2,0.939,0.716,1,2026-07-02 12:42:32
3022,1811,2065.67,card,authentication_failure,0,0.868,0.697,0,2026-06-28 12:42:32
3023,1935,1494.11,upi,network_timeout,0,0.943,0.877,1,2026-08-03 12:42:32
3024,333,480.49,card,temporary_bank_failure,2,0.911,0.754,1,2026-06-04 12:42:32
3025,935,5567.45,card,authentication_failure,2,0.545,0.408,1,2026-07-05 12:42:32
3026,1639,9448.26,upi,customer_abandonment,2,0.439,0.02,0,2026-05-29 12:42:32
3027,1070,6624.44,wallet,temporary_bank_failure,0,0.681,0.822,1,2026-08-22 12:42:32
3028,77,9566.64,netbanking,insufficient_balance,0,0.221,0.338,0,2026-06-15 12:42:32
3029,1059,9435.26,card,insufficient_balance,0,0.746,0.548,1,2026-06-25 12:42:32
3030,1835,4610.47,card,customer_abandonment,0,0.951,0.38,0,2026-07-05 12:42:32
3031,1303,5454.51,netbanking,repeated_failure,0,0.868,0.297,1,2026-08-19 12:42:32
3032,272,2332.98,netbanking,insufficient_balance,0,0.662,0.515,0,2026-06-22 12:42:32
3033,827,2374.98,upi,network_timeout,0,0.96,0.884,1,2026-07-20 12:42:32
3034,1453,6790.27,wallet,repeated_failure,1,0.758,0.173,0,2026-06-04 12:42:32
3035,855,5941.92,wallet,insufficient_balance,2,0.847,0.429,0,2026-07-17 12:42:32
3036,1808,2268.76,netbanking,insufficient_balance,3,0.906,0.372,1,2026-06-27 12:42:32
3037,652,8254.97,upi,customer_abandonment,1,0.842,0.257,1,2026-07-01 12:42:32
3038,376,6338.84,upi,insufficient_balance,0,0.673,0.519,0,2026-08-24 12:42:32
3039,309,7127.03,card,network_timeout,1,0.86,0.764,1,2026-06-20 12:42:32
3040,1211,8878.03,wallet,insufficient_balance,2,0.497,0.289,0,2026-07-05 12:42:32
3041,263,6864.71,upi,customer_abandonment,0,0.624,0.25,0,2026-06-20 12:42:32
3042,1787,765.25,netbanking,authentication_failure,0,0.681,0.622,0,2026-07-07 12:42:32
3043,1493,4736.41,wallet,temporary_bank_failure,1,0.851,0.81,1,2026-06-09 12:42:32
3044,231,8439.33,wallet,temporary_bank_failure,2,0.612,0.635,1,2026-07-09 12:42:32
3045,53,7346.48,upi,customer_abandonment,3,0.441,0.02,0,2026-07-08 12:42:32
3046,583,7657.06,netbanking,repeated_failure,2,0.846,0.128,0,2026-08-05 12:42:32
3047,1306,7410.08,wallet,temporary_bank_failure,0,0.833,0.883,1,2026-07-28 12:42:32
3048,1556,241.48,netbanking,network_timeout,3,0.704,0.542,1,2026-08-01 12:42:32
3049,1177,829.54,wallet,customer_abandonment,2,0.72,0.128,0,2026-06-08 12:42:32
3050,1882,845.91,netbanking,network_timeout,2,0.851,0.68,1,2026-07-25 12:42:32
3051,777,833.16,card,repeated_failure,3,0.469,0.02,0,2026-06-04 12:42:32
3052,926,4021.61,upi,network_timeout,0,0.528,0.711,1,2026-08-14 12:42:32
3053,828,3544.71,card,network_timeout,0,0.821,0.828,1,2026-07-17 12:42:32
3054,192,4580.08,upi,insufficient_balance,3,0.847,0.349,1,2026-06-03 12:42:32
3055,858,3325.77,card,insufficient_balance,3,0.832,0.343,1,2026-07-04 12:42:32
3056,401,5140.68,card,network_timeout,3,0.763,0.565,0,2026-07-20 12:42:32
3057,1415,2730.22,wallet,repeated_failure,1,0.848,0.209,0,2026-06-07 12:42:32
3058,1099,5075.06,card,repeated_failure,1,0.443,0.047,0,2026-07-03 12:42:32
3059,461,9135.34,upi,authentication_failure,3,0.877,0.461,0,2026-06-04 12:42:32
3060,400,4905.19,wallet,network_timeout,2,0.769,0.648,0,2026-08-10 12:42:32
3061,1398,9198.06,wallet,network_timeout,0,0.515,0.706,1,2026-06-29 12:42:32
3062,1703,5756.38,wallet,customer_abandonment,0,0.728,0.291,0,2026-08-05 12:42:32
3063,831,7184.83,upi,customer_abandonment,0,0.785,0.314,1,2026-06-11 12:42:32
3064,1102,5410.87,wallet,insufficient_balance,3,0.808,0.333,0,2026-07-17 12:42:32
3065,169,5071.27,card,customer_abandonment,2,0.842,0.177,0,2026-07-14 12:42:32
3066,122,9998.07,wallet,customer_abandonment,2,0.603,0.081,0,2026-08-18 12:42:32
3067,64,8887.81,upi,repeated_failure,1,0.752,0.171,0,2026-08-13 12:42:32
3068,934,3390.14,netbanking,temporary_bank_failure,1,0.521,0.678,1,2026-06-24 12:42:32
3069,1182,7631.94,wallet,authentication_failure,3,0.611,0.354,1,2026-06-12 12:42:32
3070,1253,9398.26,card,temporary_bank_failure,3,0.837,0.645,1,2026-07-11 12:42:32
3071,1,6543.75,card,repeated_failure,2,0.796,0.108,1,2026-06-13 12:42:32
3072,566,1621.39,wallet,insufficient_balance,1,0.744,0.468,0,2026-08-13 12:42:32
3073,356,1937.24,upi,network_timeout,1,0.585,0.654,1,2026-06-04 12:42:32
3074,214,2111.28,card,temporary_bank_failure,0,0.752,0.851,1,2026-07-21 12:42:32
3075,499,717.18,wallet,repeated_failure,3,0.924,0.08,0,2026-07-30 12:42:32
3076,945,2008.24,card,authentication_failure,0,0.407,0.513,0,2026-07-01 12:42:32
3077,1437,7754.07,upi,temporary_bank_failure,1,0.464,0.656,1,2026-06-22 12:42:32
3078,239,6493.77,upi,insufficient_balance,1,0.93,0.542,1,2026-08-17 12:42:32
3079,1605,508.57,netbanking,customer_abandonment,3,0.74,0.056,0,2026-08-18 12:42:32
3080,945,4206.99,card,temporary_bank_failure,1,0.407,0.633,1,2026-08-09 12:42:32
3081,938,7198.07,netbanking,customer_abandonment,0,0.746,0.298,1,2026-06-21 12:42:32
3082,1793,5007.05,netbanking,network_timeout,2,0.886,0.694,1,2026-08-05 12:42:32
3083,307,4770.49,netbanking,repeated_failure,1,0.787,0.185,1,2026-08-10 12:42:32
3084,1603,227.29,card,insufficient_balance,1,0.752,0.471,1,2026-05-30 12:42:32
3085,1221,1090.18,wallet,customer_abandonment,1,0.693,0.197,0,2026-07-24 12:42:32
3086,1482,3715.65,card,temporary_bank_failure,2,0.724,0.68,0,2026-05-31 12:42:32
3087,1333,3579.92,wallet,network_timeout,1,0.693,0.697,1,2026-07-21 12:42:32
3088,1058,1773.47,wallet,insufficient_balance,0,0.492,0.447,0,2026-08-18 12:42:32
3089,1496,9283.57,wallet,network_timeout,1,0.639,0.676,1,2026-07-09 12:42:32
3090,1764,5994.2,netbanking,repeated_failure,3,0.888,0.065,0,2026-08-03 12:42:32
3091,1059,6587.73,upi,repeated_failure,0,0.746,0.248,0,2026-08-11 12:42:32
3092,347,8580.4,wallet,network_timeout,2,0.866,0.686,1,2026-07-30 12:42:32
3093,1999,1714.9,card,customer_abandonment,2,0.704,0.122,0,2026-08-23 12:42:32
3094,1309,4249.14,wallet,insufficient_balance,3,0.676,0.28,0,2026-08-15 12:42:32
3095,1446,4900.9,upi,repeated_failure,3,0.764,0.02,1,2026-06-01 12:42:32
3096,1309,6738.74,upi,network_timeout,1,0.676,0.69,1,2026-08-17 12:42:32
3097,382,4143.27,card,customer_abandonment,2,0.977,0.231,0,2026-07-05 12:42:32
3098,1442,2150.42,netbanking,insufficient_balance,0,0.801,0.57,1,2026-07-02 12:42:32
3099,865,9667.26,upi,repeated_failure,2,0.775,0.1,0,2026-06-10 12:42:32
3100,1078,2809.59,netbanking,customer_abandonment,1,0.686,0.194,0,2026-08-24 12:42:32
3101,482,1286.85,wallet,customer_abandonment,1,0.681,0.192,0,2026-08-18 12:42:32
3102,1208,448.33,card,temporary_bank_failure,2,0.651,0.65,0,2026-07-20 12:42:32
3103,1606,6507.82,netbanking,temporary_bank_failure,0,0.542,0.767,1,2026-06-11 12:42:32
3104,1321,4129.18,card,repeated_failure,2,0.489,0.02,0,2026-07-26 12:42:32
3105,1982,3369.65,card,repeated_failure,0,0.613,0.195,0,2026-07-12 12:42:32
3106,403,2040.19,netbanking,customer_abandonment,1,0.763,0.225,0,2026-07-21 12:42:32
3107,324,940.46,netbanking,insufficient_balance,2,0.71,0.374,1,2026-05-31 12:42:32
3108,804,2883.41,card,temporary_bank_failure,2,0.577,0.621,1,2026-06-06 12:42:32
3109,1090,2219.75,upi,customer_abandonment,2,0.69,0.116,1,2026-08-05 12:42:32
3110,1406,3294.02,upi,network_timeout,2,0.759,0.644,1,2026-05-29 12:42:32
3111,1923,9137.3,wallet,repeated_failure,3,0.605,0.02,0,2026-06-15 12:42:32
3112,1984,269.23,wallet,repeated_failure,2,0.547,0.02,0,2026-06-28 12:42:32
3113,164,7976.08,card,customer_abandonment,0,0.744,0.298,1,2026-05-29 12:42:32
3114,1881,9348.94,card,network_timeout,3,0.883,0.613,0,2026-07-31 12:42:32
3115,565,2172.88,wallet,repeated_failure,1,0.821,0.198,1,2026-07-21 12:42:32
3116,266,8671.83,wallet,insufficient_balance,1,0.842,0.507,1,2026-08-17 12:42:32
3117,1095,9700.62,wallet,insufficient_balance,3,0.589,0.246,1,2026-06-01 12:42:32
3118,528,8937.3,wallet,customer_abandonment,2,0.933,0.213,0,2026-07-04 12:42:32
3119,1812,1125.08,wallet,authentication_failure,1,0.727,0.561,0,2026-06-10 12:42:32
3120,1257,9887.05,netbanking,repeated_failure,0,0.891,0.306,0,2026-08-20 12:42:32
3121,1403,7154.8,netbanking,temporary_bank_failure,2,0.933,0.763,1,2026-05-28 12:42:32
3122,1264,2788.18,netbanking,temporary_bank_failure,3,0.853,0.651,1,2026-07-04 12:42:32
3123,727,6145.13,card,customer_abandonment,1,0.556,0.142,0,2026-08-11 12:42:32
3124,1339,5699.79,card,insufficient_balance,3,0.243,0.107,0,2026-06-25 12:42:32
3125,596,9371.12,upi,customer_abandonment,0,0.812,0.325,1,2026-07-27 12:42:32
3126,1806,2415.1,netbanking,repeated_failure,2,0.906,0.152,0,2026-08-06 12:42:32
3127,483,9175.15,netbanking,repeated_failure,1,0.606,0.112,0,2026-06-17 12:42:32
3128,785,6540.69,upi,network_timeout,2,0.666,0.606,1,2026-08-05 12:42:32
3129,1082,3815.13,netbanking,insufficient_balance,2,0.813,0.415,0,2026-06-29 12:42:32
3130,558,6991.84,upi,customer_abandonment,1,0.763,0.225,0,2026-06-14 12:42:32
3131,1464,8346.68,card,temporary_bank_failure,3,0.789,0.626,0,2026-06-13 12:42:32
3132,1599,9013.72,wallet,network_timeout,1,0.806,0.742,0,2026-07-10 12:42:32
3133,1499,4840.44,wallet,temporary_bank_failure,0,0.952,0.931,0,2026-06-18 12:42:32
3134,1001,5520.14,card,network_timeout,3,0.891,0.616,0,2026-07-09 12:42:32
3135,1410,7017.4,card,customer_abandonment,2,0.822,0.169,0,2026-06-06 12:42:32
3136,132,314.23,wallet,temporary_bank_failure,0,0.536,0.764,1,2026-06-12 12:42:32
3137,1817,6723.21,netbanking,network_timeout,1,0.686,0.694,1,2026-06-04 12:42:32
3138,530,298.15,upi,temporary_bank_failure,1,0.939,0.846,1,2026-07-16 12:42:32
3139,498,9378.89,card,insufficient_balance,0,0.481,0.442,0,2026-08-20 12:42:32
3140,958,7678.76,upi,insufficient_balance,3,0.597,0.249,0,2026-07-02 12:42:32
3141,1192,409.59,upi,insufficient_balance,3,0.788,0.325,1,2026-08-12 12:42:32
3142,1013,6319.74,netbanking,insufficient_balance,2,0.577,0.321,1,2026-07-19 12:42:32
3143,502,9190.1,upi,customer_abandonment,3,0.814,0.086,0,2026-07-19 12:42:32
3144,1121,6290.31,netbanking,network_timeout,0,0.813,0.825,1,2026-08-03 12:42:32
3145,804,915.8,netbanking,temporary_bank_failure,3,0.577,0.541,0,2026-06-06 12:42:32
3146,34,139.85,card,repeated_failure,0,0.645,0.208,1,2026-06-05 12:42:32
3147,744,8387.48,netbanking,repeated_failure,3,0.63,0.02,0,2026-08-16 12:42:32
3148,403,8316.58,upi,customer_abandonment,3,0.763,0.065,0,2026-07-24 12:42:32
3149,1308,8449.58,netbanking,temporary_bank_failure,2,0.793,0.707,0,2026-07-08 12:42:32
3150,1627,422.53,wallet,customer_abandonment,3,0.618,0.02,0,2026-07-24 12:42:32
3151,1489,1529.8,card,customer_abandonment,1,0.862,0.265,0,2026-08-13 12:42:32
3152,923,8041.99,upi,repeated_failure,0,0.843,0.287,0,2026-07-30 12:42:32
3153,1207,5039.97,card,authentication_failure,1,0.47,0.458,1,2026-07-24 12:42:32
3154,186,3246.08,netbanking,insufficient_balance,2,0.497,0.289,0,2026-08-19 12:42:32
3155,1921,5603.13,card,insufficient_balance,1,0.655,0.432,0,2026-06-04 12:42:32
3156,259,4879.89,upi,network_timeout,1,0.935,0.794,1,2026-06-04 12:42:32
3157,497,7122.97,upi,insufficient_balance,3,0.636,0.264,0,2026-06-28 12:42:32
3158,1100,6673.56,wallet,network_timeout,1,0.652,0.681,1,2026-06-06 12:42:32
3159,1329,5995.48,upi,authentication_failure,0,0.853,0.691,0,2026-06-15 12:42:32
3160,721,9575.14,wallet,authentication_failure,3,0.831,0.442,1,2026-07-05 12:42:32
3161,174,5191.29,upi,repeated_failure,3,0.844,0.048,0,2026-07-16 12:42:32
3162,1890,3183.02,netbanking,repeated_failure,1,0.759,0.174,1,2026-07-30 12:42:32
3163,1184,9887.7,wallet,insufficient_balance,1,0.899,0.53,1,2026-07-18 12:42:32
3164,1007,1977.51,card,insufficient_balance,2,0.491,0.286,0,2026-08-22 12:42:32
3165,788,8193.02,wallet,network_timeout,2,0.476,0.53,0,2026-06-30 12:42:32
3166,815,9712.31,wallet,customer_abandonment,2,0.928,0.211,0,2026-06-06 12:42:32
3167,1808,5677.45,wallet,customer_abandonment,1,0.906,0.282,0,2026-06-13 12:42:32
3168,438,8834.31,upi,temporary_bank_failure,1,0.641,0.726,1,2026-06-28 12:42:32
3169,525,6099.73,wallet,temporary_bank_failure,0,0.963,0.935,1,2026-06-30 12:42:32
3170,1206,8169.23,wallet,insufficient_balance,0,0.935,0.624,1,2026-06-24 12:42:32
3171,72,5036.0,netbanking,authentication_failure,0,0.527,0.561,1,2026-07-05 12:42:32
3172,1004,4651.96,netbanking,repeated_failure,2,0.546,0.02,0,2026-07-12 12:42:32
3173,1333,8904.93,netbanking,customer_abandonment,2,0.693,0.117,0,2026-08-07 12:42:32
3174,1091,6661.75,upi,repeated_failure,0,0.404,0.112,0,2026-08-14 12:42:32
3175,1585,1942.71,netbanking,repeated_failure,3,0.473,0.02,0,2026-07-02 12:42:32
3176,1177,4705.22,wallet,temporary_bank_failure,1,0.72,0.758,1,2026-06-13 12:42:32
3177,1241,6130.29,card,network_timeout,0,0.596,0.738,0,2026-06-15 12:42:32
3178,323,9052.67,upi,customer_abandonment,0,0.572,0.229,1,2026-07-29 12:42:32
3179,114,5194.08,wallet,authentication_failure,2,0.55,0.41,0,2026-07-09 12:42:32
3180,1225,2133.8,card,network_timeout,3,0.78,0.572,0,2026-07-21 12:42:32
3181,389,6003.64,wallet,repeated_failure,1,0.57,0.098,0,2026-07-11 12:42:32
3182,724,7486.33,netbanking,network_timeout,0,0.967,0.887,0,2026-08-04 12:42:32
3183,1792,8106.28,wallet,insufficient_balance,1,0.795,0.488,1,2026-08-07 12:42:32
3184,1487,3553.78,upi,temporary_bank_failure,3,0.658,0.573,1,2026-08-09 12:42:32
3185,1860,8002.2,netbanking,customer_abandonment,0,0.726,0.29,0,2026-08-20 12:42:32
3186,482,2215.76,netbanking,customer_abandonment,1,0.681,0.192,0,2026-08-16 12:42:32
3187,772,9548.12,card,authentication_failure,1,0.751,0.57,1,2026-07-25 12:42:32
3188,1175,2039.13,netbanking,customer_abandonment,1,0.635,0.174,0,2026-06-11 12:42:32
3189,264,591.17,card,authentication_failure,3,0.773,0.419,0,2026-07-15 12:42:32
3190,1833,2143.23,card,repeated_failure,0,0.808,0.273,0,2026-05-31 12:42:32
3191,1444,4612.0,card,temporary_bank_failure,3,0.384,0.464,1,2026-05-31 12:42:32
3192,1068,6141.46,upi,authentication_failure,0,0.848,0.689,1,2026-07-16 12:42:32
3193,642,1357.51,wallet,authentication_failure,0,0.608,0.593,0,2026-07-30 12:42:32
3194,1538,8059.2,upi,insufficient_balance,2,0.433,0.263,0,2026-08-13 12:42:32
3195,1968,7091.69,wallet,insufficient_balance,1,0.879,0.522,0,2026-05-29 12:42:32
3196,1979,7202.99,card,network_timeout,0,0.739,0.796,1,2026-07-16 12:42:32
3197,989,3157.77,upi,repeated_failure,2,0.277,0.02,0,2026-06-16 12:42:32
3198,714,5360.84,netbanking,insufficient_balance,3,0.757,0.313,0,2026-07-07 12:42:32
3199,501,4805.51,card,authentication_failure,0,0.8,0.67,1,2026-08-07 12:42:32
3200,1372,3734.43,wallet,repeated_failure,3,0.727,0.02,0,2026-07-20 12:42:32
3201,1747,4131.74,card,customer_abandonment,3,0.525,0.02,0,2026-07-13 12:42:32
3202,1894,4108.65,upi,authentication_failure,2,0.623,0.439,0,2026-08-22 12:42:32
3203,425,4215.92,upi,network_timeout,0,0.797,0.819,0,2026-07-18 12:42:32
3204,1753,2032.42,upi,insufficient_balance,3,0.524,0.22,0,2026-06-22 12:42:32
3205,133,8387.29,wallet,temporary_bank_failure,2,0.787,0.705,0,2026-06-14 12:42:32
3206,901,2523.64,wallet,network_timeout,1,0.887,0.775,1,2026-06-22 12:42:32
3207,515,7201.35,wallet,repeated_failure,0,0.967,0.337,0,2026-06-03 12:42:32
3208,1695,418.74,wallet,repeated_failure,1,0.93,0.242,0,2026-07-06 12:42:32
3209,244,2057.9,card,authentication_failure,0,0.831,0.682,1,2026-08-02 12:42:32
3210,807,5907.77,wallet,authentication_failure,1,0.929,0.642,0,2026-08-02 12:42:32
3211,976,136.1,netbanking,authentication_failure,1,0.816,0.596,0,2026-07-18 12:42:32
3212,176,1687.7,netbanking,customer_abandonment,3,0.479,0.02,0,2026-07-22 12:42:32
3213,1958,6854.07,card,temporary_bank_failure,3,0.595,0.548,0,2026-08-15 12:42:32
3214,880,8538.27,wallet,authentication_failure,2,0.608,0.433,0,2026-08-05 12:42:32
3215,1467,821.04,upi,authentication_failure,1,0.823,0.599,1,2026-07-03 12:42:32
3216,1170,4244.19,wallet,authentication_failure,2,0.892,0.547,1,2026-07-14 12:42:32
3217,891,9437.31,wallet,customer_abandonment,0,0.65,0.26,0,2026-08-22 12:42:32
3218,1144,6566.99,card,network_timeout,3,0.702,0.541,1,2026-07-23 12:42:32
3219,1323,801.99,upi,insufficient_balance,0,0.707,0.533,0,2026-06-24 12:42:32
3220,1643,4845.32,netbanking,temporary_bank_failure,0,0.8,0.87,1,2026-07-11 12:42:32
3221,1256,1920.71,upi,network_timeout,1,0.681,0.692,0,2026-08-16 12:42:32
3222,1721,5752.68,netbanking,insufficient_balance,0,0.854,0.592,0,2026-08-24 12:42:32
3223,941,7155.35,upi,repeated_failure,3,0.692,0.02,0,2026-08-11 12:42:32
3224,782,6445.62,netbanking,customer_abandonment,3,0.74,0.056,0,2026-06-08 12:42:32
3225,1240,4225.52,card,temporary_bank_failure,2,0.803,0.711,1,2026-06-20 12:42:32
3226,1299,8385.34,card,repeated_failure,0,0.738,0.245,0,2026-08-15 12:42:32
3227,1587,6975.35,wallet,repeated_failure,0,0.893,0.307,1,2026-08-02 12:42:32
3228,1937,8974.26,upi,network_timeout,1,0.829,0.752,1,2026-08-21 12:42:32
3229,901,3774.08,upi,network_timeout,2,0.887,0.695,1,2026-07-27 12:42:32
3230,1048,9176.55,netbanking,temporary_bank_failure,3,0.995,0.708,1,2026-08-12 12:42:32
3231,1328,1216.1,upi,customer_abandonment,1,0.549,0.14,0,2026-05-29 12:42:32
3232,1307,2580.41,card,network_timeout,3,0.847,0.599,1,2026-06-06 12:42:32
3233,87,2923.05,netbanking,insufficient_balance,1,0.631,0.422,0,2026-08-23 12:42:32
3234,904,8815.45,upi,authentication_failure,2,0.657,0.453,1,2026-08-06 12:42:32
3235,1309,8226.35,upi,temporary_bank_failure,1,0.676,0.74,1,2026-07-26 12:42:32
3236,702,8228.68,wallet,network_timeout,0,0.644,0.758,1,2026-05-30 12:42:32
3237,1868,3509.28,upi,customer_abandonment,3,0.456,0.02,0,2026-07-08 12:42:32
3238,417,7158.29,netbanking,repeated_failure,3,0.698,0.02,0,2026-06-04 12:42:32
3239,240,8693.14,card,repeated_failure,1,0.542,0.087,0,2026-05-31 12:42:32
3240,1797,8146.95,netbanking,network_timeout,3,0.46,0.444,0,2026-07-18 12:42:32
3241,966,7334.55,wallet,customer_abandonment,1,0.479,0.112,0,2026-06-02 12:42:32
3242,680,5698.77,netbanking,customer_abandonment,2,0.827,0.171,0,2026-05-31 12:42:32
3243,1485,5806.95,netbanking,authentication_failure,0,0.591,0.586,1,2026-07-13 12:42:32
3244,408,3054.07,netbanking,customer_abandonment,2,0.728,0.131,0,2026-08-16 12:42:32
3245,961,4497.17,wallet,temporary_bank_failure,1,0.912,0.835,1,2026-06-21 12:42:32
3246,1127,4066.87,wallet,temporary_bank_failure,1,0.922,0.839,1,2026-07-20 12:42:32
3247,1225,3332.32,wallet,customer_abandonment,0,0.78,0.312,1,2026-07-15 12:42:32
3248,1388,2639.67,wallet,repeated_failure,3,0.749,0.02,0,2026-06-27 12:42:32
3249,1138,569.07,upi,customer_abandonment,2,0.329,0.02,0,2026-06-09 12:42:32
3250,1164,8319.82,netbanking,repeated_failure,3,0.649,0.02,0,2026-08-10 12:42:32
3251,1460,825.83,wallet,insufficient_balance,0,0.959,0.634,0,2026-08-07 12:42:32
3252,1425,1886.78,card,network_timeout,0,0.765,0.806,1,2026-08-13 12:42:32
3253,861,1416.74,netbanking,insufficient_balance,0,0.506,0.452,0,2026-06-04 12:42:32
3254,1454,5920.95,netbanking,repeated_failure,0,0.786,0.264,0,2026-07-27 12:42:32
3255,188,3318.01,netbanking,temporary_bank_failure,1,0.816,0.796,1,2026-08-18 12:42:32
3256,1682,1514.0,upi,network_timeout,0,0.888,0.855,0,2026-06-05 12:42:32
3257,839,2538.03,wallet,temporary_bank_failure,3,0.899,0.67,1,2026-07-21 12:42:32
3258,1247,4141.11,wallet,repeated_failure,0,0.619,0.198,0,2026-06-26 12:42:32
3259,1380,8910.98,upi,temporary_bank_failure,0,0.681,0.822,1,2026-05-30 12:42:32
3260,870,3031.03,netbanking,customer_abandonment,0,0.839,0.336,1,2026-08-16 12:42:32
3261,1315,572.74,netbanking,temporary_bank_failure,2,0.963,0.775,1,2026-05-28 12:42:32
3262,1603,2637.5,card,temporary_bank_failure,1,0.752,0.771,1,2026-06-03 12:42:32
3263,441,8788.22,upi,temporary_bank_failure,3,0.552,0.531,0,2026-08-05 12:42:32
3264,333,2888.99,upi,authentication_failure,1,0.911,0.634,1,2026-07-19 12:42:32
3265,694,7742.69,card,network_timeout,2,0.832,0.673,1,2026-08-14 12:42:32
3266,821,2120.28,card,authentication_failure,2,0.604,0.432,0,2026-07-03 12:42:32
3267,1832,5423.93,wallet,insufficient_balance,3,0.764,0.316,0,2026-07-10 12:42:32
3268,386,2726.53,upi,insufficient_balance,0,0.783,0.563,1,2026-07-13 12:42:32
3269,215,3176.84,wallet,temporary_bank_failure,3,0.673,0.579,0,2026-08-10 12:42:32
3270,916,440.25,wallet,insufficient_balance,3,0.927,0.381,0,2026-07-20 12:42:32
3271,328,8366.24,card,repeated_failure,1,0.683,0.143,0,2026-08-09 12:42:32
3272,806,2478.43,card,temporary_bank_failure,0,0.789,0.866,1,2026-06-10 12:42:32
3273,416,2285.9,netbanking,repeated_failure,0,0.68,0.222,0,2026-08-12 12:42:32
3274,1936,3995.46,card,authentication_failure,1,0.753,0.571,0,2026-07-15 12:42:32
3275,426,7200.15,card,authentication_failure,0,0.71,0.634,0,2026-07-08 12:42:32
3276,323,7280.97,netbanking,network_timeout,0,0.572,0.729,0,2026-06-24 12:42:32
3277,1602,3312.6,upi,authentication_failure,1,0.771,0.578,1,2026-07-11 12:42:32
3278,1113,9900.22,netbanking,insufficient_balance,1,0.916,0.536,1,2026-08-01 12:42:32
3279,1597,6258.64,card,temporary_bank_failure,0,0.72,0.838,0,2026-07-18 12:42:32
3280,578,4467.37,wallet,insufficient_balance,0,0.828,0.581,0,2026-07-07 12:42:32
3281,1398,2609.34,netbanking,repeated_failure,0,0.515,0.156,0,2026-07-23 12:42:32
3282,239,7717.71,wallet,network_timeout,1,0.93,0.792,1,2026-08-19 12:42:32
3283,1810,3966.56,upi,repeated_failure,1,0.502,0.071,0,2026-06-19 12:42:32
3284,142,468.6,card,customer_abandonment,2,0.599,0.08,0,2026-06-28 12:42:32
3285,523,7667.89,netbanking,network_timeout,1,0.679,0.692,0,2026-05-29 12:42:32
3286,1232,606.68,card,insufficient_balance,0,0.78,0.562,0,2026-06-27 12:42:32
3287,1561,3672.76,upi,authentication_failure,3,0.653,0.371,1,2026-07-24 12:42:32
3288,712,2887.2,upi,insufficient_balance,0,0.638,0.505,0,2026-08-24 12:42:32
3289,1891,2641.77,upi,insufficient_balance,3,0.559,0.234,1,2026-07-29 12:42:32
3290,1743,9650.39,wallet,authentication_failure,1,0.601,0.51,0,2026-06-28 12:42:32
3291,1920,856.29,wallet,authentication_failure,2,0.791,0.506,0,2026-07-21 12:42:32
3292,905,1525.8,upi,network_timeout,0,0.965,0.886,0,2026-06-07 12:42:32
3293,1215,5762.63,card,customer_abandonment,0,0.904,0.362,0,2026-06-05 12:42:32
3294,160,8196.0,upi,network_timeout,1,0.395,0.578,0,2026-08-15 12:42:32
3295,1690,9800.05,netbanking,network_timeout,0,0.734,0.794,1,2026-06-25 12:42:32
3296,1172,5983.11,wallet,authentication_failure,0,0.822,0.679,1,2026-07-17 12:42:32
3297,119,7807.5,card,temporary_bank_failure,2,0.69,0.666,1,2026-07-25 12:42:32
3298,1162,1669.56,netbanking,authentication_failure,3,0.657,0.373,0,2026-07-22 12:42:32
3299,1316,4748.59,card,network_timeout,1,0.685,0.694,0,2026-06-06 12:42:32
3300,1111,9634.1,wallet,temporary_bank_failure,0,0.904,0.912,1,2026-06-17 12:42:32
3301,739,7088.73,wallet,network_timeout,3,0.742,0.557,0,2026-07-03 12:42:32
3302,257,4469.54,upi,customer_abandonment,1,0.912,0.285,0,2026-08-02 12:42:32
3303,1293,2136.47,upi,customer_abandonment,2,0.494,0.038,0,2026-07-26 12:42:32
3304,487,4285.95,wallet,insufficient_balance,2,0.828,0.421,0,2026-08-09 12:42:32
3305,1429,219.95,upi,authentication_failure,3,0.875,0.46,1,2026-06-23 12:42:32
3306,1694,3611.24,card,temporary_bank_failure,1,0.717,0.757,0,2026-08-08 12:42:32
3307,659,9275.48,upi,repeated_failure,3,0.917,0.077,0,2026-07-14 12:42:32
3308,1947,765.13,card,authentication_failure,2,0.285,0.304,0,2026-05-29 12:42:32
3309,878,3335.52,wallet,network_timeout,3,0.79,0.576,1,2026-07-15 12:42:32
3310,1675,4814.7,netbanking,temporary_bank_failure,2,0.832,0.723,1,2026-05-28 12:42:32
3311,1992,6568.07,card,customer_abandonment,0,0.6,0.24,1,2026-08-13 12:42:32
3312,1865,7120.66,upi,network_timeout,3,0.514,0.466,1,2026-06-29 12:42:32
3313,17,8575.88,wallet,temporary_bank_failure,3,0.547,0.529,1,2026-06-17 12:42:32
3314,108,6869.27,wallet,temporary_bank_failure,2,0.74,0.686,1,2026-08-16 12:42:32
3315,303,3543.5,wallet,temporary_bank_failure,0,0.604,0.792,1,2026-08-22 12:42:32
3316,1026,7130.1,card,authentication_failure,3,0.741,0.406,1,2026-07-11 12:42:32
3317,955,8719.26,card,authentication_failure,1,0.864,0.616,1,2026-07-10 12:42:32
3318,90,2965.55,upi,customer_abandonment,3,0.539,0.02,0,2026-07-16 12:42:32
3319,1877,2522.87,card,network_timeout,2,0.838,0.675,1,2026-06-13 12:42:32
3320,1855,7194.96,wallet,network_timeout,1,0.719,0.708,0,2026-08-21 12:42:32
3321,1749,3316.38,card,repeated_failure,3,0.846,0.048,0,2026-06-10 12:42:32
3322,1425,2498.97,upi,repeated_failure,1,0.765,0.176,1,2026-08-24 12:42:32
3323,1628,477.5,upi,insufficient_balance,0,0.958,0.633,1,2026-06-03 12:42:32
3324,70,1731.25,wallet,temporary_bank_failure,1,0.861,0.814,0,2026-07-31 12:42:32
3325,924,5060.1,netbanking,customer_abandonment,2,0.96,0.224,1,2026-08-21 12:42:32
3326,293,3809.15,upi,repeated_failure,2,0.746,0.088,0,2026-07-12 12:42:32
3327,703,3959.96,wallet,insufficient_balance,0,0.801,0.57,1,2026-06-18 12:42:32
3328,594,9962.8,wallet,temporary_bank_failure,0,0.654,0.812,1,2026-07-17 12:42:32
3329,43,3214.12,netbanking,temporary_bank_failure,2,0.692,0.667,0,2026-07-26 12:42:32
3330,17,3795.72,upi,insufficient_balance,3,0.547,0.229,0,2026-07-20 12:42:32
3331,1498,3529.21,upi,insufficient_balance,3,0.551,0.23,0,2026-08-13 12:42:32
3332,1343,1799.19,upi,repeated_failure,3,0.874,0.06,0,2026-08-15 12:42:32
3333,462,2987.37,upi,customer_abandonment,3,0.734,0.054,0,2026-06-18 12:42:32
3334,870,6503.07,wallet,insufficient_balance,0,0.839,0.586,0,2026-06-12 12:42:32
3335,1956,1441.89,card,authentication_failure,1,0.503,0.471,1,2026-07-20 12:42:32
3336,864,2660.33,wallet,network_timeout,0,0.771,0.808,1,2026-07-24 12:42:32
3337,555,6595.76,card,authentication_failure,2,0.711,0.474,0,2026-08-06 12:42:32
3338,167,8837.92,wallet,temporary_bank_failure,2,0.531,0.602,1,2026-07-09 12:42:32
3339,743,7986.25,card,insufficient_balance,2,0.889,0.446,0,2026-06-25 12:42:32
3340,1875,2017.79,wallet,temporary_bank_failure,0,0.789,0.866,1,2026-07-31 12:42:32
3341,1459,226.9,upi,temporary_bank_failure,3,0.432,0.483,0,2026-07-24 12:42:32
3342,1403,7755.29,wallet,network_timeout,1,0.933,0.793,1,2026-06-17 12:42:32
3343,567,8654.55,wallet,authentication_failure,0,0.546,0.568,0,2026-07-23 12:42:32
3344,699,7489.95,upi,temporary_bank_failure,3,0.358,0.453,1,2026-06-24 12:42:32
3345,918,8904.35,wallet,network_timeout,3,0.805,0.582,1,2026-06-01 12:42:32
3346,321,3515.7,netbanking,network_timeout,0,0.945,0.878,1,2026-07-12 12:42:32
3347,1588,233.21,card,network_timeout,0,0.888,0.855,1,2026-08-04 12:42:32
3348,992,9594.18,netbanking,customer_abandonment,3,0.833,0.093,0,2026-07-27 12:42:32
3349,1492,2769.51,netbanking,insufficient_balance,2,0.762,0.395,0,2026-06-16 12:42:32
3350,444,8589.78,upi,temporary_bank_failure,2,0.483,0.583,0,2026-07-14 12:42:32
3351,1154,8733.33,card,customer_abandonment,3,0.839,0.096,0,2026-07-05 12:42:32
3352,161,7587.32,wallet,customer_abandonment,1,0.809,0.244,0,2026-06-26 12:42:32
3353,1690,349.03,upi,customer_abandonment,2,0.734,0.134,0,2026-08-21 12:42:32
3354,66,824.99,netbanking,customer_abandonment,0,0.768,0.307,0,2026-06-18 12:42:32
3355,571,2134.83,wallet,insufficient_balance,3,0.151,0.07,0,2026-07-14 12:42:32
3356,1353,5938.58,netbanking,insufficient_balance,1,0.799,0.49,1,2026-07-04 12:42:32
3357,774,4189.24,card,temporary_bank_failure,1,0.646,0.728,0,2026-08-05 12:42:32
3358,1792,9514.59,netbanking,network_timeout,1,0.795,0.738,1,2026-08-04 12:42:32
3359,1533,3096.19,wallet,network_timeout,2,0.91,0.704,0,2026-06-10 12:42:32
3360,1042,5946.05,wallet,repeated_failure,0,0.576,0.18,0,2026-08-13 12:42:32
3361,698,7808.88,upi,insufficient_balance,0,0.915,0.616,1,2026-07-19 12:42:32
3362,1025,7312.8,wallet,authentication_failure,0,0.684,0.624,0,2026-08-20 12:42:32
3363,1881,7175.75,wallet,temporary_bank_failure,2,0.883,0.743,0,2026-07-11 12:42:32
3364,963,5418.31,netbanking,temporary_bank_failure,0,0.577,0.781,1,2026-08-17 12:42:32
3365,1029,4598.6,card,insufficient_balance,0,0.533,0.463,1,2026-06-13 12:42:32
3366,1706,9260.89,netbanking,repeated_failure,2,0.679,0.062,0,2026-07-18 12:42:32
3367,596,8751.84,upi,insufficient_balance,0,0.812,0.575,1,2026-06-10 12:42:32
3368,399,8589.31,wallet,network_timeout,3,0.639,0.516,1,2026-06-12 12:42:32
3369,230,6137.72,upi,temporary_bank_failure,3,0.838,0.645,0,2026-08-11 12:42:32
3370,1323,6780.48,card,insufficient_balance,3,0.707,0.293,1,2026-07-27 12:42:32
3371,323,7848.36,wallet,authentication_failure,3,0.572,0.339,1,2026-06-09 12:42:32
3372,1255,4866.79,wallet,authentication_failure,3,0.951,0.49,0,2026-07-09 12:42:32
3373,1407,4063.22,wallet,repeated_failure,2,0.886,0.144,0,2026-05-30 12:42:32
3374,1414,1874.18,netbanking,insufficient_balance,2,0.769,0.398,0,2026-07-06 12:42:32
3375,1211,3786.99,upi,insufficient_balance,2,0.497,0.289,0,2026-07-05 12:42:32
3376,349,3859.47,upi,network_timeout,2,0.665,0.606,0,2026-06-28 12:42:32
3377,1548,838.78,netbanking,network_timeout,3,0.817,0.587,1,2026-08-17 12:42:32
3378,607,9540.67,card,temporary_bank_failure,3,0.519,0.518,1,2026-06-30 12:42:32
3379,584,8875.72,upi,repeated_failure,1,0.944,0.248,0,2026-08-06 12:42:32
3380,1653,2466.35,card,repeated_failure,3,0.485,0.02,0,2026-08-15 12:42:32
3381,1650,789.4,wallet,temporary_bank_failure,3,0.795,0.628,0,2026-08-08 12:42:32
3382,1199,5514.66,netbanking,authentication_failure,2,0.775,0.5,0,2026-06-01 12:42:32
3383,1217,1859.27,card,insufficient_balance,0,0.678,0.521,1,2026-08-22 12:42:32
3384,71,9623.63,wallet,network_timeout,1,0.813,0.745,1,2026-08-20 12:42:32
3385,1038,9616.66,wallet,authentication_failure,2,0.718,0.477,1,2026-07-16 12:42:32
3386,888,8372.19,upi,authentication_failure,2,0.575,0.42,0,2026-07-13 12:42:32
3387,1975,3996.6,netbanking,insufficient_balance,3,0.906,0.372,1,2026-07-18 12:42:32
3388,1578,5506.83,wallet,temporary_bank_failure,1,0.868,0.817,1,2026-07-15 12:42:32
3389,1369,1005.02,upi,customer_abandonment,3,0.362,0.02,0,2026-06-30 12:42:32
3390,933,3427.49,netbanking,customer_abandonment,3,0.809,0.084,0,2026-08-15 12:42:32
3391,1790,2012.72,upi,network_timeout,0,0.715,0.786,1,2026-08-11 12:42:32
3392,678,7406.07,upi,temporary_bank_failure,2,0.915,0.756,1,2026-08-23 12:42:32
3393,1678,3313.71,card,insufficient_balance,1,0.535,0.384,0,2026-07-15 12:42:32
3394,646,1632.63,netbanking,temporary_bank_failure,2,0.692,0.667,0,2026-07-16 12:42:32
3395,455,5099.11,upi,temporary_bank_failure,1,0.863,0.815,0,2026-07-18 12:42:32
3396,138,6091.88,upi,customer_abandonment,1,0.642,0.177,0,2026-07-21 12:42:32
3397,27,529.12,netbanking,temporary_bank_failure,0,0.766,0.856,1,2026-06-27 12:42:32
3398,1725,6568.61,card,network_timeout,3,0.785,0.574,0,2026-07-21 12:42:32
3399,1208,6306.78,card,authentication_failure,0,0.651,0.61,1,2026-07-24 12:42:32
3400,1559,2405.84,wallet,repeated_failure,2,0.467,0.02,0,2026-06-28 12:42:32
3401,153,9986.61,netbanking,temporary_bank_failure,2,0.95,0.77,1,2026-08-02 12:42:32
3402,422,2398.07,card,temporary_bank_failure,3,0.841,0.646,1,2026-06-07 12:42:32
3403,1581,7004.14,card,network_timeout,2,0.912,0.705,0,2026-07-26 12:42:32
3404,1621,4288.87,netbanking,customer_abandonment,3,0.641,0.02,0,2026-07-11 12:42:32
3405,1206,6516.06,card,temporary_bank_failure,1,0.935,0.844,1,2026-06-04 12:42:32
3406,1452,6100.63,upi,temporary_bank_failure,2,0.563,0.615,1,2026-06-26 12:42:32
3407,1983,7909.81,wallet,network_timeout,0,0.514,0.706,1,2026-07-02 12:42:32
3408,1334,9041.76,card,authentication_failure,3,0.541,0.326,0,2026-08-01 12:42:32
3409,1361,8624.31,card,authentication_failure,3,0.438,0.285,0,2026-08-10 12:42:32
3410,55,5739.34,netbanking,customer_abandonment,3,0.755,0.062,0,2026-06-21 12:42:32
3411,1672,5695.74,netbanking,insufficient_balance,3,0.749,0.31,0,2026-06-24 12:42:32
3412,171,8370.74,upi,authentication_failure,2,0.922,0.559,0,2026-07-14 12:42:32
3413,1944,4006.26,netbanking,insufficient_balance,1,0.901,0.53,0,2026-06-11 12:42:32
3414,1408,7052.91,card,authentication_failure,0,0.788,0.665,0,2026-08-10 12:42:32
3415,1568,3482.0,upi,repeated_failure,1,0.697,0.149,0,2026-06-16 12:42:32
3416,1441,9846.16,netbanking,network_timeout,2,0.875,0.69,0,2026-06-26 12:42:32
3417,1867,7320.52,wallet,authentication_failure,1,0.928,0.641,1,2026-06-11 12:42:32
3418,362,3477.11,wallet,network_timeout,2,0.803,0.661,0,2026-08-02 12:42:32
3419,1346,889.99,wallet,repeated_failure,1,0.742,0.167,0,2026-08-23 12:42:32
3420,1413,6124.85,upi,temporary_bank_failure,1,0.841,0.806,0,2026-06-11 12:42:32
3421,394,4864.31,wallet,insufficient_balance,0,0.743,0.547,0,2026-08-15 12:42:32
3422,1004,3306.57,wallet,insufficient_balance,0,0.546,0.468,0,2026-06-19 12:42:32
3423,1862,6951.54,card,authentication_failure,2,0.902,0.551,1,2026-08-03 12:42:32
3424,63,9220.03,card,insufficient_balance,0,0.843,0.587,0,2026-07-19 12:42:32
3425,1470,7914.89,wallet,temporary_bank_failure,1,0.625,0.72,1,2026-06-03 12:42:32
3426,1309,3270.49,card,network_timeout,1,0.676,0.69,0,2026-08-21 12:42:32
3427,1076,5500.19,card,customer_abandonment,2,0.758,0.143,0,2026-07-07 12:42:32
3428,1794,7920.33,card,authentication_failure,2,0.625,0.44,1,2026-05-29 12:42:32
3429,203,130.93,wallet,insufficient_balance,0,0.847,0.589,0,2026-07-12 12:42:32
3430,1766,3790.25,netbanking,repeated_failure,2,0.716,0.076,0,2026-06-08 12:42:32
3431,1453,9003.73,upi,customer_abandonment,0,0.758,0.303,0,2026-07-25 12:42:32
3432,934,5330.61,card,repeated_failure,2,0.521,0.02,0,2026-06-05 12:42:32
3433,1948,6830.45,upi,customer_abandonment,0,0.773,0.309,0,2026-06-28 12:42:32
3434,196,1004.36,netbanking,authentication_failure,3,0.402,0.271,0,2026-06-04 12:42:32
3435,618,3212.66,upi,network_timeout,2,0.369,0.488,1,2026-08-09 12:42:32
3436,1351,3696.9,netbanking,insufficient_balance,1,0.936,0.544,0,2026-07-26 12:42:32
3437,1117,8794.34,upi,temporary_bank_failure,3,0.747,0.609,1,2026-07-05 12:42:32
3438,1072,7088.03,wallet,customer_abandonment,3,0.601,0.02,0,2026-08-16 12:42:32
3439,256,9031.33,upi,network_timeout,1,0.966,0.806,1,2026-06-22 12:42:32
3440,849,4939.87,wallet,network_timeout,0,0.557,0.723,0,2026-07-29 12:42:32
3441,1776,7260.57,netbanking,temporary_bank_failure,1,0.941,0.846,0,2026-06-26 12:42:32
3442,570,3792.03,card,repeated_failure,0,0.761,0.254,0,2026-06-04 12:42:32
3443,529,5122.13,wallet,repeated_failure,2,0.572,0.02,0,2026-07-03 12:42:32
3444,1680,2119.69,wallet,customer_abandonment,1,0.914,0.286,0,2026-08-05 12:42:32
3445,304,7755.86,wallet,network_timeout,2,0.782,0.653,1,2026-06-08 12:42:32
3446,574,8724.89,netbanking,authentication_failure,0,0.814,0.676,1,2026-07-02 12:42:32
3447,1308,468.59,netbanking,customer_abandonment,1,0.793,0.237,0,2026-07-09 12:42:32
3448,1093,3827.25,wallet,insufficient_balance,1,0.878,0.521,0,2026-08-10 12:42:32
3449,1960,3822.01,card,repeated_failure,2,0.736,0.084,0,2026-06-29 12:42:32
3450,816,7091.66,card,temporary_bank_failure,1,0.666,0.736,0,2026-08-09 12:42:32
3451,891,4515.97,upi,insufficient_balance,1,0.65,0.43,0,2026-07-27 12:42:32
3452,674,8875.52,wallet,insufficient_balance,3,0.464,0.196,0,2026-07-30 12:42:32
3453,1591,794.6,netbanking,customer_abandonment,2,0.658,0.103,0,2026-07-10 12:42:32
3454,207,5257.92,upi,authentication_failure,3,0.67,0.378,0,2026-06-30 12:42:32
3455,570,9390.22,netbanking,temporary_bank_failure,2,0.761,0.694,0,2026-06-03 12:42:32
3456,925,5440.24,card,authentication_failure,0,0.777,0.661,1,2026-05-31 12:42:32
3457,1918,9701.11,upi,insufficient_balance,1,0.57,0.398,0,2026-06-11 12:42:32
3458,1120,8317.65,netbanking,insufficient_balance,3,0.788,0.325,0,2026-08-18 12:42:32
3459,1007,6230.68,card,insufficient_balance,0,0.491,0.446,0,2026-07-28 12:42:32
3460,509,2904.94,netbanking,authentication_failure,1,0.89,0.626,0,2026-08-04 12:42:32
3461,301,716.02,netbanking,customer_abandonment,0,0.865,0.346,0,2026-06-26 12:42:32
3462,1868,9038.84,wallet,network_timeout,3,0.456,0.442,1,2026-05-28 12:42:32
3463,1099,8883.32,upi,repeated_failure,0,0.443,0.127,0,2026-07-22 12:42:32
3464,112,8906.95,upi,authentication_failure,1,0.83,0.602,0,2026-08-16 12:42:32
3465,1618,1753.08,wallet,network_timeout,2,0.696,0.618,1,2026-05-30 12:42:32
3466,1155,1727.55,upi,repeated_failure,0,0.828,0.281,1,2026-05-30 12:42:32
3467,1660,2025.85,upi,temporary_bank_failure,1,0.58,0.702,0,2026-07-30 12:42:32
3468,1701,4488.48,wallet,repeated_failure,2,0.934,0.164,0,2026-05-29 12:42:32
3469,961,8716.01,netbanking,authentication_failure,3,0.912,0.475,0,2026-06-26 12:42:32
3470,597,8788.06,netbanking,insufficient_balance,1,0.932,0.543,0,2026-06-08 12:42:32
3471,1807,1711.22,upi,temporary_bank_failure,2,0.626,0.64,1,2026-07-02 12:42:32
3472,1723,7011.76,upi,customer_abandonment,2,0.543,0.057,0,2026-06-13 12:42:32
3473,1079,7036.18,wallet,insufficient_balance,3,0.789,0.326,1,2026-07-25 12:42:32
3474,863,3018.44,netbanking,authentication_failure,3,0.893,0.467,1,2026-08-24 12:42:32
3475,1112,495.28,netbanking,customer_abandonment,0,0.784,0.314,1,2026-08-12 12:42:32
3476,819,8627.93,upi,authentication_failure,3,0.645,0.368,1,2026-06-29 12:42:32
3477,1570,3016.72,wallet,temporary_bank_failure,3,0.819,0.638,1,2026-08-19 12:42:32
3478,1965,9674.5,netbanking,insufficient_balance,2,0.762,0.395,0,2026-07-05 12:42:32
3479,1138,3837.23,card,customer_abandonment,3,0.329,0.02,0,2026-08-16 12:42:32
3480,1687,1453.87,upi,network_timeout,2,0.727,0.631,1,2026-08-20 12:42:32
3481,512,158.38,upi,temporary_bank_failure,3,0.93,0.682,0,2026-07-26 12:42:32
3482,1354,9334.84,upi,customer_abandonment,3,0.73,0.052,0,2026-06-09 12:42:32
3483,515,9781.32,card,temporary_bank_failure,2,0.967,0.777,1,2026-06-13 12:42:32
3484,1359,7500.53,wallet,repeated_failure,2,0.687,0.065,0,2026-06-01 12:42:32
3485,1494,4742.04,card,temporary_bank_failure,3,0.595,0.548,1,2026-08-18 12:42:32
3486,1394,8046.04,card,customer_abandonment,0,0.697,0.279,1,2026-07-17 12:42:32
3487,634,3454.93,upi,network_timeout,2,0.897,0.699,0,2026-07-08 12:42:32
3488,1878,5475.13,upi,repeated_failure,1,0.832,0.203,0,2026-06-18 12:42:32
3489,1607,7624.35,netbanking,repeated_failure,1,0.889,0.226,1,2026-06-04 12:42:32
3490,621,9150.47,card,temporary_bank_failure,0,0.687,0.825,1,2026-07-16 12:42:32
3491,1800,5588.18,upi,repeated_failure,3,0.782,0.023,0,2026-06-26 12:42:32
3492,737,9901.86,card,customer_abandonment,2,0.849,0.18,1,2026-07-13 12:42:32
3493,1009,337.97,card,repeated_failure,1,0.691,0.146,0,2026-08-15 12:42:32
3494,793,7501.68,wallet,customer_abandonment,3,0.218,0.02,1,2026-06-03 12:42:32
3495,1671,3283.68,upi,temporary_bank_failure,0,0.697,0.829,1,2026-06-11 12:42:32
3496,1157,5443.77,card,network_timeout,0,0.797,0.819,0,2026-08-10 12:42:32
3497,30,1120.07,upi,temporary_bank_failure,0,0.896,0.908,1,2026-06-03 12:42:32
3498,1885,2639.16,wallet,temporary_bank_failure,3,0.957,0.693,0,2026-08-23 12:42:32
3499,1573,2969.97,wallet,authentication_failure,1,0.746,0.568,0,2026-05-31 12:42:32
3500,1064,2390.15,card,insufficient_balance,1,0.692,0.447,0,2026-08-09 12:42:32
3501,1656,2929.8,netbanking,customer_abandonment,3,0.534,0.02,0,2026-06-27 12:42:32
3502,862,9134.76,wallet,authentication_failure,3,0.955,0.492,1,2026-05-28 12:42:32
3503,468,4990.47,netbanking,insufficient_balance,1,0.893,0.527,0,2026-06-14 12:42:32
3504,147,926.35,card,network_timeout,2,0.271,0.448,1,2026-07-22 12:42:32
3505,835,1781.22,card,customer_abandonment,0,0.674,0.27,1,2026-07-23 12:42:32
3506,883,3313.31,netbanking,network_timeout,3,0.548,0.479,0,2026-06-07 12:42:32
3507,1215,705.68,wallet,customer_abandonment,2,0.904,0.202,0,2026-06-03 12:42:32
3508,1526,3000.59,card,repeated_failure,0,0.683,0.223,0,2026-07-30 12:42:32
3509,614,6004.92,upi,authentication_failure,1,0.422,0.439,0,2026-06-07 12:42:32
3510,411,2418.27,netbanking,customer_abandonment,1,0.897,0.279,1,2026-07-27 12:42:32
3511,22,3135.82,netbanking,authentication_failure,2,0.719,0.478,0,2026-07-18 12:42:32
3512,603,1108.19,upi,customer_abandonment,3,0.773,0.069,0,2026-06-16 12:42:32
3513,17,6376.97,card,insufficient_balance,2,0.547,0.309,0,2026-07-27 12:42:32
3514,665,6707.54,netbanking,insufficient_balance,3,0.701,0.29,0,2026-06-16 12:42:32
3515,327,2460.09,upi,authentication_failure,2,0.987,0.585,1,2026-08-20 12:42:32
3516,1357,4312.79,upi,customer_abandonment,0,0.886,0.354,0,2026-08-24 12:42:32
3517,1075,4669.14,upi,insufficient_balance,1,0.688,0.445,1,2026-07-22 12:42:32
3518,971,2754.65,upi,temporary_bank_failure,2,0.731,0.682,1,2026-05-30 12:42:32
3519,1173,2999.82,netbanking,temporary_bank_failure,0,0.881,0.902,1,2026-08-10 12:42:32
3520,1414,357.95,upi,repeated_failure,0,0.769,0.258,0,2026-06-10 12:42:32
3521,1404,5518.2,card,insufficient_balance,3,0.753,0.311,1,2026-07-18 12:42:32
3522,129,4734.21,card,repeated_failure,3,0.638,0.02,0,2026-08-25 12:42:32
3523,141,1452.01,netbanking,repeated_failure,2,0.763,0.095,1,2026-07-06 12:42:32
3524,1527,1411.74,upi,authentication_failure,3,0.899,0.47,1,2026-06-20 12:42:32
3525,364,5419.37,wallet,network_timeout,2,0.926,0.71,0,2026-08-18 12:42:32
3526,14,865.47,netbanking,customer_abandonment,1,0.592,0.157,0,2026-06-08 12:42:32
3527,194,5870.57,netbanking,customer_abandonment,3,0.778,0.071,0,2026-08-09 12:42:32
3528,527,259.19,netbanking,temporary_bank_failure,0,0.54,0.766,1,2026-08-03 12:42:32
3529,1828,9538.93,upi,authentication_failure,0,0.882,0.703,1,2026-07-27 12:42:32
3530,1465,4062.74,upi,repeated_failure,2,0.865,0.136,0,2026-06-04 12:42:32
3531,1319,8216.83,wallet,customer_abandonment,1,0.714,0.206,0,2026-06-01 12:42:32
3532,1446,3414.8,wallet,repeated_failure,1,0.764,0.176,0,2026-07-04 12:42:32
3533,387,6352.62,wallet,temporary_bank_failure,2,0.889,0.746,0,2026-06-22 12:42:32
3534,1871,7541.04,wallet,network_timeout,2,0.936,0.714,1,2026-06-26 12:42:32
3535,559,741.62,netbanking,authentication_failure,1,0.529,0.482,1,2026-08-10 12:42:32
3536,464,5279.6,wallet,authentication_failure,1,0.729,0.562,1,2026-07-11 12:42:32
3537,560,7486.54,wallet,authentication_failure,0,0.469,0.538,0,2026-08-17 12:42:32
3538,361,1188.65,wallet,repeated_failure,1,0.765,0.176,0,2026-06-03 12:42:32
3539,1590,4390.74,netbanking,repeated_failure,2,0.527,0.02,0,2026-06-15 12:42:32
3540,2,2471.13,upi,repeated_failure,1,0.859,0.214,0,2026-06-18 12:42:32
3541,1972,464.21,wallet,customer_abandonment,1,0.645,0.178,0,2026-06-10 12:42:32
3542,625,5519.04,card,insufficient_balance,2,0.717,0.377,0,2026-07-15 12:42:32
3543,557,1777.05,netbanking,repeated_failure,3,0.842,0.047,0,2026-07-19 12:42:32
3544,1633,7204.82,wallet,repeated_failure,1,0.682,0.143,0,2026-08-19 12:42:32
3545,194,7280.57,card,network_timeout,0,0.778,0.811,1,2026-08-19 12:42:32
3546,1395,1535.93,netbanking,repeated_failure,0,0.754,0.252,1,2026-06-18 12:42:32
3547,447,8673.06,wallet,insufficient_balance,2,0.684,0.364,0,2026-07-01 12:42:32
3548,993,4960.16,upi,authentication_failure,3,0.463,0.295,0,2026-08-10 12:42:32
3549,869,9896.91,netbanking,network_timeout,2,0.506,0.542,1,2026-07-06 12:42:32
3550,874,7228.51,netbanking,temporary_bank_failure,0,0.696,0.828,1,2026-06-18 12:42:32
3551,1855,4498.92,upi,temporary_bank_failure,1,0.719,0.758,1,2026-07-05 12:42:32
3552,265,4983.59,card,authentication_failure,1,0.416,0.436,0,2026-06-29 12:42:32
3553,805,4664.1,wallet,network_timeout,0,0.532,0.713,1,2026-06-29 12:42:32
3554,357,523.75,card,authentication_failure,1,0.568,0.497,1,2026-08-05 12:42:32
3555,1834,844.57,netbanking,temporary_bank_failure,0,0.578,0.781,1,2026-07-08 12:42:32
3556,228,2252.86,card,insufficient_balance,3,0.886,0.364,0,2026-06-28 12:42:32
3557,1530,8372.38,netbanking,network_timeout,1,0.934,0.794,0,2026-07-04 12:42:32
3558,1302,3421.59,upi,customer_abandonment,3,0.747,0.059,0,2026-06-01 12:42:32
3559,760,5059.87,card,repeated_failure,2,0.764,0.096,0,2026-07-22 12:42:32
3560,276,1979.83,upi,network_timeout,0,0.726,0.79,1,2026-08-17 12:42:32
3561,539,8798.35,upi,repeated_failure,3,0.92,0.078,0,2026-06-01 12:42:32
3562,1201,6422.39,card,insufficient_balance,3,0.533,0.223,1,2026-06-11 12:42:32
3563,985,4546.93,netbanking,repeated_failure,1,0.677,0.141,0,2026-05-30 12:42:32
3564,682,1528.54,card,temporary_bank_failure,0,0.702,0.831,1,2026-07-31 12:42:32
3565,1200,3556.06,wallet,network_timeout,1,0.801,0.74,1,2026-07-16 12:42:32
3566,1644,5351.07,netbanking,repeated_failure,2,0.676,0.06,0,2026-07-25 12:42:32
3567,814,1460.41,wallet,network_timeout,3,0.807,0.583,1,2026-06-15 12:42:32
3568,225,5095.32,netbanking,repeated_failure,1,0.486,0.064,1,2026-08-21 12:42:32
3569,1122,5513.68,netbanking,authentication_failure,0,0.319,0.478,0,2026-07-11 12:42:32
3570,1243,4867.73,wallet,authentication_failure,3,0.558,0.333,0,2026-07-25 12:42:32
3571,1150,4917.51,wallet,authentication_failure,0,0.696,0.628,0,2026-08-08 12:42:32
3572,1676,2374.37,netbanking,temporary_bank_failure,1,0.729,0.762,0,2026-06-07 12:42:32
3573,996,4289.41,netbanking,repeated_failure,0,0.471,0.138,1,2026-06-03 12:42:32
3574,225,5472.28,netbanking,insufficient_balance,0,0.486,0.444,0,2026-07-04 12:42:32
3575,445,6460.0,upi,repeated_failure,2,0.88,0.142,0,2026-06-14 12:42:32
3576,212,6133.67,netbanking,network_timeout,2,0.701,0.62,0,2026-08-07 12:42:32
3577,1518,1117.86,card,repeated_failure,3,0.649,0.02,0,2026-06-12 12:42:32
3578,1721,2104.74,wallet,authentication_failure,1,0.854,0.612,0,2026-07-05 12:42:32
3579,349,5952.43,upi,customer_abandonment,0,0.665,0.266,0,2026-06-01 12:42:32
3580,1570,9963.09,card,insufficient_balance,1,0.819,0.498,1,2026-07-03 12:42:32
3581,1569,9322.91,card,temporary_bank_failure,3,0.681,0.582,1,2026-08-18 12:42:32
3582,599,194.49,upi,network_timeout,2,0.88,0.692,1,2026-06-05 12:42:32
3583,535,9350.32,netbanking,authentication_failure,3,0.385,0.264,0,2026-06-29 12:42:32
3584,826,6134.65,card,repeated_failure,1,0.762,0.175,0,2026-08-11 12:42:32
3585,1580,982.79,wallet,network_timeout,1,0.558,0.643,1,2026-07-28 12:42:32
3586,1296,2865.07,card,customer_abandonment,0,0.946,0.378,0,2026-08-21 12:42:32
3587,1771,9332.91,netbanking,customer_abandonment,1,0.515,0.126,0,2026-07-11 12:42:32
3588,474,3412.12,upi,insufficient_balance,2,0.712,0.375,1,2026-06-13 12:42:32
3589,1487,9049.36,netbanking,temporary_bank_failure,0,0.658,0.813,0,2026-08-22 12:42:32
3590,681,4734.96,wallet,authentication_failure,0,0.661,0.614,0,2026-06-03 12:42:32
3591,793,9488.8,netbanking,temporary_bank_failure,0,0.218,0.637,1,2026-06-27 12:42:32
3592,365,979.63,netbanking,repeated_failure,1,0.425,0.04,0,2026-06-06 12:42:32
3593,1157,8584.14,card,customer_abandonment,0,0.797,0.319,0,2026-07-09 12:42:32
3594,1298,7365.97,upi,repeated_failure,1,0.649,0.13,1,2026-08-15 12:42:32
3595,1818,8310.24,upi,customer_abandonment,1,0.843,0.257,0,2026-06-06 12:42:32
3596,976,5579.55,upi,temporary_bank_failure,3,0.816,0.636,1,2026-07-05 12:42:32
3597,816,8092.64,card,network_timeout,0,0.666,0.766,0,2026-06-04 12:42:32
3598,1304,5854.7,card,network_timeout,3,0.922,0.629,1,2026-06-13 12:42:32
3599,652,1066.22,upi,insufficient_balance,1,0.842,0.507,1,2026-06-08 12:42:32
3600,1224,8447.74,netbanking,insufficient_balance,3,0.532,0.223,0,2026-06-25 12:42:32
3601,1413,6557.96,upi,customer_abandonment,3,0.841,0.096,0,2026-05-29 12:42:32
3602,1494,7968.82,card,customer_abandonment,0,0.595,0.238,0,2026-08-21 12:42:32
3603,743,392.87,wallet,temporary_bank_failure,3,0.889,0.666,1,2026-08-04 12:42:32
3604,1828,3339.85,upi,repeated_failure,0,0.882,0.303,0,2026-06-26 12:42:32
3605,18,2526.75,upi,insufficient_balance,0,0.86,0.594,1,2026-05-31 12:42:32
3606,831,4499.41,netbanking,network_timeout,2,0.785,0.654,1,2026-06-20 12:42:32
3607,1265,278.86,card,temporary_bank_failure,2,0.815,0.716,1,2026-08-04 12:42:32
3608,614,9511.75,netbanking,repeated_failure,3,0.422,0.02,0,2026-06-10 12:42:32
3609,1258,9281.13,upi,repeated_failure,1,0.594,0.108,0,2026-08-01 12:42:32
3610,108,7127.84,upi,network_timeout,1,0.74,0.716,0,2026-06-17 12:42:32
3611,605,5151.55,card,temporary_bank_failure,3,0.676,0.58,1,2026-07-13 12:42:32
3612,1410,4936.29,upi,insufficient_balance,1,0.822,0.499,1,2026-07-20 12:42:32
3613,1499,3677.26,card,repeated_failure,1,0.952,0.251,0,2026-06-04 12:42:32
3614,892,3541.04,netbanking,network_timeout,2,0.735,0.634,0,2026-06-16 12:42:32
3615,1648,1547.63,wallet,temporary_bank_failure,0,0.671,0.818,1,2026-08-01 12:42:32
3616,1934,4065.49,upi,repeated_failure,1,0.566,0.096,0,2026-07-22 12:42:32
3617,1379,8582.87,netbanking,repeated_failure,1,0.816,0.196,0,2026-07-04 12:42:32
3618,1236,1601.87,card,temporary_bank_failure,0,0.689,0.826,1,2026-08-01 12:42:32
3619,1706,7152.7,card,customer_abandonment,0,0.679,0.272,0,2026-08-05 12:42:32
3620,542,2226.66,netbanking,authentication_failure,2,0.671,0.458,1,2026-06-29 12:42:32
3621,1953,7085.89,card,authentication_failure,3,0.342,0.247,0,2026-06-03 12:42:32
3622,308,5145.06,netbanking,network_timeout,3,0.518,0.467,0,2026-05-28 12:42:32
3623,1360,9069.59,upi,temporary_bank_failure,2,0.659,0.654,0,2026-07-31 12:42:32
3624,992,6585.58,netbanking,repeated_failure,3,0.833,0.043,0,2026-08-14 12:42:32
3625,1210,3872.6,wallet,temporary_bank_failure,2,0.654,0.652,0,2026-06-15 12:42:32
3626,259,8811.86,card,repeated_failure,1,0.935,0.244,1,2026-08-19 12:42:32
3627,447,5409.86,netbanking,temporary_bank_failure,1,0.684,0.744,1,2026-07-21 12:42:32
3628,67,8818.54,card,customer_abandonment,3,0.884,0.114,0,2026-07-29 12:42:32
3629,240,1948.27,wallet,temporary_bank_failure,2,0.542,0.607,1,2026-06-26 12:42:32
3630,1511,8535.31,wallet,customer_abandonment,0,0.558,0.223,0,2026-07-12 12:42:32
3631,1452,6029.77,card,temporary_bank_failure,2,0.563,0.615,0,2026-08-12 12:42:32
3632,407,7118.67,upi,network_timeout,1,0.766,0.726,1,2026-07-05 12:42:32
3633,134,6998.14,wallet,temporary_bank_failure,1,0.843,0.807,0,2026-06-06 12:42:32
3634,841,9869.08,upi,network_timeout,3,0.622,0.509,0,2026-07-09 12:42:32
3635,1452,3009.77,wallet,network_timeout,0,0.563,0.725,1,2026-08-19 12:42:32
3636,181,7276.22,netbanking,temporary_bank_failure,1,0.793,0.787,1,2026-06-28 12:42:32
3637,1872,7426.52,upi,network_timeout,2,0.657,0.603,1,2026-08-16 12:42:32
3638,528,3182.63,wallet,network_timeout,1,0.933,0.793,0,2026-07-11 12:42:32
3639,795,1116.96,card,customer_abandonment,0,0.931,0.372,1,2026-07-10 12:42:32
3640,1780,7201.55,card,customer_abandonment,2,0.709,0.124,0,2026-07-22 12:42:32
3641,1842,5344.71,card,customer_abandonment,2,0.654,0.102,0,2026-07-22 12:42:32
3642,1018,8262.17,card,authentication_failure,3,0.681,0.382,1,2026-07-10 12:42:32
3643,43,2848.43,card,network_timeout,1,0.692,0.697,0,2026-06-17 12:42:32
3644,661,1363.26,upi,network_timeout,2,0.921,0.708,1,2026-07-04 12:42:32
3645,251,7746.84,netbanking,insufficient_balance,2,0.8,0.41,1,2026-08-24 12:42:32
3646,1670,9579.16,upi,repeated_failure,3,0.611,0.02,0,2026-06-09 12:42:32
3647,202,6746.77,card,customer_abandonment,1,0.956,0.302,0,2026-07-08 12:42:32
3648,1624,4141.69,card,repeated_failure,2,0.514,0.02,0,2026-07-08 12:42:32
3649,572,8172.55,wallet,repeated_failure,0,0.836,0.284,0,2026-08-13 12:42:32
3650,1388,2812.81,upi,network_timeout,0,0.749,0.8,1,2026-07-21 12:42:32
3651,337,6567.57,wallet,insufficient_balance,3,0.908,0.373,0,2026-07-17 12:42:32
3652,1677,4343.59,upi,insufficient_balance,1,0.791,0.486,1,2026-06-30 12:42:32
3653,1686,2139.62,netbanking,temporary_bank_failure,3,0.887,0.665,0,2026-06-05 12:42:32
3654,386,8604.28,upi,repeated_failure,3,0.783,0.023,0,2026-06-11 12:42:32
3655,672,3622.03,card,network_timeout,3,0.463,0.445,0,2026-06-01 12:42:32
3656,711,991.73,card,insufficient_balance,3,0.862,0.355,0,2026-06-09 12:42:32
3657,1486,992.13,upi,temporary_bank_failure,1,0.592,0.707,0,2026-05-28 12:42:32
3658,1523,1908.39,card,authentication_failure,2,0.784,0.504,1,2026-07-28 12:42:32
3659,1085,4135.94,netbanking,customer_abandonment,3,0.839,0.096,1,2026-07-16 12:42:32
3660,1666,2865.63,upi,temporary_bank_failure,1,0.833,0.803,1,2026-06-25 12:42:32
3661,1482,307.84,card,customer_abandonment,2,0.724,0.13,0,2026-06-15 12:42:32
3662,238,9223.26,netbanking,repeated_failure,3,0.532,0.02,0,2026-06-07 12:42:32
3663,1308,5311.49,wallet,repeated_failure,1,0.793,0.187,0,2026-08-17 12:42:32
3664,1244,9418.77,wallet,authentication_failure,2,0.754,0.492,0,2026-07-10 12:42:32
3665,610,8733.89,card,repeated_failure,3,0.646,0.02,0,2026-07-06 12:42:32
3666,1014,7191.45,wallet,network_timeout,3,0.65,0.52,1,2026-07-23 12:42:32
3667,661,4008.93,card,authentication_failure,1,0.921,0.638,0,2026-08-25 12:42:32
3668,1978,9355.13,card,customer_abandonment,0,0.503,0.201,0,2026-08-03 12:42:32
3669,1173,2188.43,wallet,repeated_failure,0,0.881,0.302,0,2026-08-15 12:42:32
3670,1652,644.08,wallet,authentication_failure,0,0.777,0.661,0,2026-08-01 12:42:32
3671,1905,3309.92,netbanking,authentication_failure,0,0.655,0.612,1,2026-05-31 12:42:32
3672,1727,1425.34,card,temporary_bank_failure,3,0.915,0.676,1,2026-07-31 12:42:32
3673,162,8422.75,upi,authentication_failure,0,0.629,0.602,0,2026-08-02 12:42:32
3674,943,7396.48,wallet,network_timeout,2,0.396,0.498,0,2026-06-26 12:42:32
3675,618,5796.87,netbanking,customer_abandonment,2,0.369,0.02,0,2026-05-31 12:42:32
3676,913,1434.08,netbanking,customer_abandonment,1,0.848,0.259,0,2026-06-21 12:42:32
3677,1220,7065.83,card,network_timeout,0,0.728,0.791,1,2026-08-24 12:42:32
3678,1475,2786.1,card,insufficient_balance,3,0.813,0.335,0,2026-06-23 12:42:32
3679,1188,869.68,upi,network_timeout,0,0.618,0.747,1,2026-06-02 12:42:32
3680,970,6448.03,netbanking,authentication_failure,1,0.924,0.64,0,2026-06-18 12:42:32
3681,592,7540.06,card,temporary_bank_failure,3,0.866,0.656,0,2026-05-30 12:42:32
3682,1778,1441.55,netbanking,authentication_failure,3,0.777,0.421,0,2026-08-01 12:42:32
3683,923,7115.17,card,authentication_failure,2,0.843,0.527,1,2026-08-10 12:42:32
3684,739,5498.01,netbanking,authentication_failure,3,0.742,0.407,0,2026-07-02 12:42:32
3685,1305,1975.62,wallet,customer_abandonment,3,0.88,0.112,0,2026-05-30 12:42:32
3686,1512,4771.9,netbanking,customer_abandonment,0,0.765,0.306,0,2026-07-24 12:42:32
3687,392,3631.89,card,insufficient_balance,0,0.591,0.486,0,2026-08-12 12:42:32
3688,216,9908.55,netbanking,repeated_failure,2,0.675,0.06,0,2026-07-05 12:42:32
3689,94,5305.31,card,temporary_bank_failure,0,0.539,0.766,1,2026-08-15 12:42:32
3690,1004,1051.49,netbanking,temporary_bank_failure,2,0.546,0.608,0,2026-08-15 12:42:32
3691,1591,4584.94,wallet,authentication_failure,1,0.658,0.533,0,2026-08-15 12:42:32
3692,507,6696.0,wallet,repeated_failure,3,0.572,0.02,0,2026-06-30 12:42:32
3693,875,9508.21,wallet,network_timeout,1,0.679,0.692,0,2026-07-01 12:42:32
3694,733,2098.86,upi,repeated_failure,3,0.575,0.02,0,2026-06-11 12:42:32
3695,1043,9168.41,upi,customer_abandonment,2,0.957,0.223,0,2026-06-08 12:42:32
3696,596,9350.31,wallet,network_timeout,0,0.812,0.825,1,2026-07-27 12:42:32
3697,792,682.88,wallet,network_timeout,2,0.706,0.622,1,2026-07-28 12:42:32
3698,1783,914.49,card,insufficient_balance,0,0.523,0.459,1,2026-07-07 12:42:32
3699,1064,7186.61,wallet,repeated_failure,3,0.692,0.02,0,2026-07-09 12:42:32
3700,1791,9021.97,wallet,authentication_failure,0,0.714,0.636,0,2026-06-03 12:42:32
3701,707,730.86,card,repeated_failure,1,0.825,0.2,0,2026-07-14 12:42:32
3702,1701,4892.98,netbanking,insufficient_balance,0,0.934,0.624,1,2026-06-24 12:42:32
3703,1769,8271.83,wallet,repeated_failure,2,0.46,0.02,0,2026-06-28 12:42:32
3704,1037,8068.77,wallet,customer_abandonment,0,0.634,0.254,0,2026-07-01 12:42:32
3705,684,5515.69,wallet,customer_abandonment,3,0.559,0.02,0,2026-07-04 12:42:32
3706,357,260.23,netbanking,temporary_bank_failure,2,0.568,0.617,1,2026-07-07 12:42:32
3707,367,8990.87,netbanking,network_timeout,1,0.617,0.667,1,2026-08-08 12:42:32
3708,380,2012.68,netbanking,temporary_bank_failure,0,0.813,0.875,1,2026-06-24 12:42:32
3709,1634,5246.37,upi,authentication_failure,1,0.574,0.5,1,2026-07-30 12:42:32
3710,262,7269.51,netbanking,repeated_failure,0,0.526,0.16,1,2026-07-01 12:42:32
3711,438,108.49,card,customer_abandonment,2,0.641,0.096,0,2026-07-21 12:42:32
3712,281,4726.85,card,insufficient_balance,1,0.863,0.515,0,2026-07-24 12:42:32
3713,79,2452.81,netbanking,authentication_failure,2,0.825,0.52,1,2026-06-16 12:42:32
3714,1833,8840.56,wallet,insufficient_balance,3,0.808,0.333,0,2026-07-22 12:42:32
3715,1730,1232.76,wallet,repeated_failure,0,0.797,0.269,0,2026-06-14 12:42:32
3716,685,7242.51,card,customer_abandonment,3,0.182,0.02,0,2026-06-25 12:42:32
3717,1683,4512.36,wallet,repeated_failure,0,0.777,0.261,0,2026-07-26 12:42:32
3718,821,612.83,wallet,temporary_bank_failure,2,0.604,0.632,1,2026-07-19 12:42:32
3719,1174,7440.26,card,customer_abandonment,2,0.806,0.162,0,2026-06-05 12:42:32
3720,1604,9837.62,netbanking,temporary_bank_failure,3,0.911,0.674,1,2026-07-22 12:42:32
3721,136,757.92,wallet,network_timeout,2,0.888,0.695,1,2026-06-01 12:42:32
3722,1788,2836.16,upi,repeated_failure,3,0.452,0.02,0,2026-06-28 12:42:32
3723,806,9202.27,upi,temporary_bank_failure,2,0.789,0.706,1,2026-08-25 12:42:32
3724,1423,5184.42,wallet,authentication_failure,0,0.806,0.672,0,2026-07-29 12:42:32
3725,1575,4696.89,netbanking,customer_abandonment,1,0.9,0.28,1,2026-08-15 12:42:32
3726,878,4366.66,card,customer_abandonment,2,0.79,0.156,0,2026-08-07 12:42:32
3727,314,6263.53,wallet,network_timeout,1,0.728,0.711,1,2026-05-29 12:42:32
3728,937,5761.57,card,authentication_failure,3,0.736,0.404,1,2026-06-06 12:42:32
3729,1612,1920.73,netbanking,temporary_bank_failure,1,0.604,0.712,0,2026-06-15 12:42:32
3730,1769,294.07,card,authentication_failure,1,0.46,0.454,1,2026-06-02 12:42:32
3731,870,5840.97,card,authentication_failure,3,0.839,0.446,0,2026-06-02 12:42:32
3732,1557,6833.76,netbanking,authentication_failure,0,0.481,0.542,0,2026-07-20 12:42:32
3733,989,7436.75,wallet,repeated_failure,2,0.277,0.02,0,2026-08-23 12:42:32
3734,256,242.08,wallet,customer_abandonment,3,0.966,0.146,0,2026-06-28 12:42:32
3735,349,304.55,netbanking,temporary_bank_failure,1,0.665,0.736,0,2026-07-07 12:42:32
3736,1159,3413.53,netbanking,insufficient_balance,3,0.614,0.256,1,2026-07-27 12:42:32
3737,59,765.56,wallet,temporary_bank_failure,0,0.958,0.933,1,2026-08-24 12:42:32
3738,791,1532.86,upi,insufficient_balance,3,0.751,0.31,0,2026-06-18 12:42:32
3739,1882,4308.52,card,customer_abandonment,2,0.851,0.18,0,2026-07-19 12:42:32
3740,1261,6617.74,wallet,authentication_failure,3,0.69,0.386,0,2026-07-15 12:42:32
3741,1928,1806.69,card,insufficient_balance,1,0.858,0.513,0,2026-06-20 12:42:32
3742,1771,5500.79,wallet,authentication_failure,2,0.515,0.396,1,2026-07-18 12:42:32
3743,1034,2714.69,wallet,insufficient_balance,0,0.444,0.428,1,2026-06-21 12:42:32
3744,806,4099.67,netbanking,temporary_bank_failure,2,0.789,0.706,0,2026-08-04 12:42:32
3745,491,9225.8,upi,network_timeout,0,0.89,0.856,1,2026-05-30 12:42:32
3746,1887,6628.85,wallet,customer_abandonment,2,0.716,0.126,0,2026-06-16 12:42:32
3747,1627,6397.75,card,authentication_failure,1,0.618,0.517,0,2026-08-20 12:42:32
3748,970,6580.31,netbanking,customer_abandonment,1,0.924,0.29,0,2026-08-21 12:42:32
3749,214,3054.51,netbanking,network_timeout,1,0.752,0.721,0,2026-07-04 12:42:32
3750,1330,7666.44,wallet,network_timeout,0,0.642,0.757,1,2026-05-29 12:42:32
3751,1868,7995.39,upi,authentication_failure,2,0.456,0.372,0,2026-07-13 12:42:32
3752,877,2643.99,card,customer_abandonment,2,0.858,0.183,0,2026-07-13 12:42:32
3753,1762,6820.75,wallet,network_timeout,0,0.902,0.861,1,2026-07-19 12:42:32
3754,504,9996.98,netbanking,temporary_bank_failure,2,0.981,0.782,1,2026-07-18 12:42:32
3755,130,5485.72,upi,authentication_failure,0,0.467,0.537,0,2026-06-07 12:42:32
3756,1439,9315.0,netbanking,temporary_bank_failure,3,0.716,0.596,0,2026-06-09 12:42:32
3757,301,9568.37,netbanking,temporary_bank_failure,2,0.865,0.736,1,2026-07-17 12:42:32
3758,26,3441.31,card,authentication_failure,1,0.798,0.589,1,2026-08-20 12:42:32
3759,796,5088.58,card,authentication_failure,1,0.816,0.596,1,2026-08-25 12:42:32
3760,1789,3654.32,netbanking,customer_abandonment,0,0.949,0.38,0,2026-06-30 12:42:32
3761,909,7559.61,upi,customer_abandonment,2,0.603,0.081,0,2026-06-30 12:42:32
3762,839,6393.81,wallet,temporary_bank_failure,2,0.899,0.75,0,2026-07-16 12:42:32
3763,387,2270.08,upi,network_timeout,0,0.889,0.856,1,2026-08-19 12:42:32
3764,1548,1084.77,card,network_timeout,2,0.817,0.667,1,2026-07-04 12:42:32
3765,986,5292.74,upi,repeated_failure,0,0.644,0.208,0,2026-06-28 12:42:32
3766,1078,9570.93,card,insufficient_balance,3,0.686,0.284,0,2026-07-09 12:42:32
3767,1564,2666.36,netbanking,repeated_failure,2,0.637,0.045,0,2026-07-15 12:42:32
3768,354,7999.67,wallet,repeated_failure,2,0.849,0.13,0,2026-06-06 12:42:32
3769,44,5683.07,netbanking,authentication_failure,3,0.891,0.466,0,2026-07-14 12:42:32
3770,148,8584.18,wallet,authentication_failure,1,0.517,0.477,0,2026-06-27 12:42:32
3771,1753,8677.84,wallet,network_timeout,0,0.524,0.71,1,2026-08-21 12:42:32
3772,1142,2188.07,upi,network_timeout,0,0.884,0.854,1,2026-07-17 12:42:32
3773,1248,9053.61,netbanking,network_timeout,2,0.798,0.659,1,2026-05-28 12:42:32
3774,436,1417.56,card,network_timeout,1,0.888,0.775,0,2026-06-12 12:42:32
3775,1399,5129.93,card,network_timeout,2,0.88,0.692,1,2026-06-24 12:42:32
3776,1593,4582.23,card,customer_abandonment,2,0.578,0.071,0,2026-06-15 12:42:32
3777,71,6769.98,upi,temporary_bank_failure,3,0.813,0.635,0,2026-06-12 12:42:32
3778,143,4476.07,netbanking,authentication_failure,0,0.724,0.64,0,2026-07-23 12:42:32
3779,678,6038.31,wallet,repeated_failure,2,0.915,0.156,1,2026-06-17 12:42:32
3780,1301,2331.09,netbanking,network_timeout,2,0.861,0.684,0,2026-07-07 12:42:32
3781,970,8613.39,wallet,insufficient_balance,3,0.924,0.38,0,2026-06-15 12:42:32
3782,339,8123.06,wallet,customer_abandonment,1,0.867,0.267,0,2026-07-16 12:42:32
3783,281,7614.65,card,insufficient_balance,3,0.863,0.355,0,2026-08-17 12:42:32
3784,208,1615.54,upi,network_timeout,0,0.716,0.786,1,2026-07-05 12:42:32
3785,1617,7057.17,netbanking,network_timeout,0,0.657,0.763,0,2026-08-05 12:42:32
3786,1436,4674.39,upi,authentication_failure,1,0.525,0.48,1,2026-07-12 12:42:32
3787,920,8834.47,wallet,repeated_failure,3,0.883,0.063,0,2026-08-22 12:42:32
3788,791,5306.98,upi,repeated_failure,0,0.751,0.25,0,2026-08-12 12:42:32
3789,1788,1390.21,wallet,insufficient_balance,2,0.452,0.271,1,2026-07-28 12:42:32
3790,612,8611.07,netbanking,customer_abandonment,2,0.604,0.082,0,2026-06-24 12:42:32
3791,1748,973.52,upi,repeated_failure,0,0.637,0.205,0,2026-07-04 12:42:32
3792,17,9074.65,upi,repeated_failure,3,0.547,0.02,0,2026-06-01 12:42:32
3793,109,2402.68,wallet,repeated_failure,0,0.617,0.197,0,2026-07-21 12:42:32
3794,603,3202.76,card,network_timeout,2,0.773,0.649,0,2026-06-02 12:42:32
3795,1642,146.02,wallet,temporary_bank_failure,2,0.656,0.652,1,2026-06-01 12:42:32
3796,705,7154.95,card,authentication_failure,2,0.714,0.476,0,2026-07-06 12:42:32
3797,1744,2888.65,wallet,authentication_failure,1,0.503,0.471,0,2026-07-01 12:42:32
3798,1388,2791.65,upi,temporary_bank_failure,0,0.749,0.85,1,2026-06-17 12:42:32
3799,598,1988.74,netbanking,customer_abandonment,2,0.746,0.138,0,2026-08-23 12:42:32
3800,1502,3681.89,upi,repeated_failure,0,0.598,0.189,0,2026-06-25 12:42:32
3801,98,2518.73,netbanking,temporary_bank_failure,3,0.749,0.61,0,2026-08-10 12:42:32
3802,371,5115.04,card,network_timeout,3,0.665,0.526,0,2026-08-13 12:42:32
3803,900,8898.69,wallet,customer_abandonment,2,0.706,0.122,0,2026-07-11 12:42:32
3804,476,406.71,card,repeated_failure,3,0.93,0.082,0,2026-07-16 12:42:32
3805,771,1438.76,card,temporary_bank_failure,0,0.635,0.804,1,2026-07-14 12:42:32
3806,162,6451.54,netbanking,temporary_bank_failure,3,0.629,0.562,0,2026-07-05 12:42:32
3807,488,7506.4,wallet,authentication_failure,3,0.523,0.319,0,2026-06-08 12:42:32
3808,1168,5523.1,netbanking,customer_abandonment,2,0.873,0.189,0,2026-05-29 12:42:32
3809,1725,7021.47,upi,network_timeout,0,0.785,0.814,1,2026-05-28 12:42:32
3810,1975,7064.29,upi,insufficient_balance,0,0.906,0.612,1,2026-06-18 12:42:32
3811,920,1794.0,netbanking,temporary_bank_failure,2,0.883,0.743,1,2026-08-15 12:42:32
3812,1651,6736.72,upi,authentication_failure,0,0.813,0.675,1,2026-06-25 12:42:32
3813,309,1028.89,wallet,customer_abandonment,2,0.86,0.184,0,2026-06-21 12:42:32
3814,1263,542.79,card,network_timeout,2,0.914,0.706,1,2026-06-11 12:42:32
3815,515,7988.44,card,temporary_bank_failure,2,0.967,0.777,0,2026-08-11 12:42:32
3816,74,3300.87,card,authentication_failure,1,0.444,0.448,0,2026-07-31 12:42:32
3817,1395,6311.41,upi,customer_abandonment,1,0.754,0.222,0,2026-07-26 12:42:32
3818,1998,383.03,wallet,insufficient_balance,1,0.814,0.496,1,2026-07-15 12:42:32
3819,146,4952.99,wallet,network_timeout,0,0.714,0.786,1,2026-06-05 12:42:32
3820,1287,3425.62,netbanking,temporary_bank_failure,1,0.69,0.746,1,2026-08-23 12:42:32
3821,1117,4393.59,netbanking,authentication_failure,2,0.747,0.489,0,2026-08-13 12:42:32
3822,975,5464.78,wallet,authentication_failure,2,0.21,0.274,0,2026-06-03 12:42:32
3823,130,1315.12,card,insufficient_balance,3,0.467,0.197,0,2026-08-16 12:42:32
3824,1617,7790.94,netbanking,repeated_failure,1,0.657,0.133,0,2026-07-23 12:42:32
3825,1312,8533.18,netbanking,network_timeout,0,0.828,0.831,1,2026-08-13 12:42:32
3826,1511,6868.98,netbanking,repeated_failure,0,0.558,0.173,0,2026-06-22 12:42:32
3827,1374,2905.04,netbanking,authentication_failure,1,0.475,0.46,1,2026-06-03 12:42:32
3828,356,4730.55,netbanking,customer_abandonment,2,0.585,0.074,0,2026-07-06 12:42:32
3829,1215,2636.8,wallet,authentication_failure,1,0.904,0.632,1,2026-07-24 12:42:32
3830,1151,3375.43,wallet,customer_abandonment,3,0.411,0.02,0,2026-08-09 12:42:32
3831,1345,6818.16,upi,insufficient_balance,3,0.767,0.317,0,2026-07-31 12:42:32
3832,1699,2725.35,netbanking,authentication_failure,0,0.618,0.597,0,2026-07-03 12:42:32
3833,1475,7026.98,netbanking,temporary_bank_failure,2,0.813,0.715,1,2026-07-20 12:42:32
3834,576,2100.5,netbanking,temporary_bank_failure,2,0.914,0.756,1,2026-06-13 12:42:32
3835,693,4495.59,netbanking,customer_abandonment,3,0.604,0.02,0,2026-08-07 12:42:32
3836,1483,2036.91,card,insufficient_balance,0,0.812,0.575,1,2026-07-16 12:42:32
3837,1342,8490.57,card,repeated_failure,3,0.796,0.028,0,2026-06-05 12:42:32
3838,52,3399.98,upi,temporary_bank_failure,1,0.841,0.806,1,2026-06-07 12:42:32
3839,1590,4744.35,card,customer_abandonment,3,0.527,0.02,0,2026-08-06 12:42:32
3840,593,352.58,wallet,network_timeout,2,0.466,0.526,0,2026-07-27 12:42:32
3841,453,4708.6,upi,insufficient_balance,1,0.526,0.38,1,2026-08-25 12:42:32
3842,498,1423.34,upi,authentication_failure,2,0.481,0.382,0,2026-07-13 12:42:32
3843,1874,9078.41,netbanking,customer_abandonment,3,0.756,0.062,1,2026-07-09 12:42:32
3844,1997,3386.57,upi,temporary_bank_failure,0,0.642,0.807,0,2026-06-26 12:42:32
3845,1881,523.26,card,repeated_failure,0,0.883,0.303,0,2026-07-18 12:42:32
3846,1078,7516.14,wallet,repeated_failure,3,0.686,0.02,0,2026-06-10 12:42:32
3847,1563,8672.27,wallet,authentication_failure,3,0.737,0.405,0,2026-08-05 12:42:32
3848,883,385.6,card,temporary_bank_failure,2,0.548,0.609,0,2026-07-09 12:42:32
3849,1819,9892.11,wallet,temporary_bank_failure,3,0.766,0.616,1,2026-06-11 12:42:32
3850,731,9681.09,wallet,temporary_bank_failure,1,0.736,0.764,1,2026-08-08 12:42:32
3851,761,1989.41,upi,insufficient_balance,3,0.733,0.303,0,2026-06-15 12:42:32
3852,1971,4330.09,netbanking,insufficient_balance,2,0.755,0.392,1,2026-07-15 12:42:32
3853,132,3766.59,wallet,authentication_failure,2,0.536,0.404,0,2026-08-24 12:42:32
3854,908,2597.17,card,customer_abandonment,3,0.625,0.02,0,2026-07-03 12:42:32
3855,489,1695.12,netbanking,network_timeout,0,0.956,0.882,1,2026-05-28 12:42:32
3856,1932,5096.91,wallet,temporary_bank_failure,3,0.77,0.618,0,2026-08-12 12:42:32
3857,1143,7085.08,upi,customer_abandonment,1,0.932,0.293,1,2026-08-09 12:42:32
3858,1092,7107.87,card,network_timeout,0,0.481,0.692,0,2026-08-14 12:42:32
3859,1590,497.66,wallet,temporary_bank_failure,1,0.527,0.681,1,2026-08-16 12:42:32
3860,399,757.12,wallet,authentication_failure,2,0.639,0.446,0,2026-06-06 12:42:32
3861,50,5645.04,netbanking,customer_abandonment,0,0.915,0.366,0,2026-08-06 12:42:32
3862,1055,1475.71,netbanking,authentication_failure,2,0.94,0.566,0,2026-07-25 12:42:32
3863,1931,7204.52,card,repeated_failure,3,0.75,0.02,0,2026-06-27 12:42:32
3864,1261,5835.7,card,network_timeout,3,0.69,0.536,0,2026-07-09 12:42:32
3865,296,6031.1,netbanking,insufficient_balance,2,0.707,0.373,1,2026-06-04 12:42:32
3866,232,3533.39,netbanking,repeated_failure,0,0.737,0.245,0,2026-07-06 12:42:32
3867,1508,1700.61,netbanking,customer_abandonment,1,0.577,0.151,0,2026-08-08 12:42:32
3868,294,150.16,netbanking,insufficient_balance,2,0.693,0.367,0,2026-06-26 12:42:32
3869,786,7194.4,wallet,insufficient_balance,1,0.928,0.541,1,2026-07-03 12:42:32
3870,1529,4162.32,upi,repeated_failure,1,0.79,0.186,0,2026-07-08 12:42:32
3871,641,6731.37,wallet,repeated_failure,1,0.898,0.229,0,2026-06-25 12:42:32
3872,343,4964.22,wallet,repeated_failure,1,0.749,0.17,0,2026-06-26 12:42:32
3873,449,4444.48,upi,temporary_bank_failure,2,0.809,0.714,1,2026-06-08 12:42:32
3874,42,4364.72,card,repeated_failure,1,0.761,0.174,0,2026-08-04 12:42:32
3875,1931,6973.22,upi,repeated_failure,1,0.75,0.17,0,2026-06-29 12:42:32
3876,1997,3147.85,netbanking,repeated_failure,1,0.642,0.127,1,2026-08-17 12:42:32
3877,430,2022.94,netbanking,repeated_failure,2,0.684,0.064,0,2026-07-07 12:42:32
3878,1783,5598.38,card,authentication_failure,2,0.523,0.399,0,2026-06-07 12:42:32
3879,528,2266.8,upi,network_timeout,2,0.933,0.713,0,2026-08-20 12:42:32
3880,1554,9096.93,wallet,authentication_failure,2,0.896,0.548,0,2026-05-29 12:42:32
3881,1508,9427.25,card,repeated_failure,3,0.577,0.02,0,2026-07-16 12:42:32
3882,292,5852.06,netbanking,network_timeout,2,0.782,0.653,1,2026-06-17 12:42:32
3883,1224,6943.28,card,customer_abandonment,1,0.532,0.133,0,2026-07-24 12:42:32
3884,1423,8827.2,upi,insufficient_balance,0,0.806,0.572,0,2026-06-12 12:42:32
3885,104,3213.99,wallet,customer_abandonment,2,0.74,0.136,0,2026-07-12 12:42:32
3886,654,5410.08,wallet,authentication_failure,3,0.956,0.492,0,2026-05-31 12:42:32
3887,428,3643.88,netbanking,authentication_failure,2,0.987,0.585,1,2026-06-25 12:42:32
3888,486,8667.22,wallet,insufficient_balance,3,0.728,0.301,0,2026-08-24 12:42:32
3889,699,4149.17,wallet,customer_abandonment,0,0.358,0.143,0,2026-07-23 12:42:32
3890,1623,1062.52,netbanking,customer_abandonment,0,0.908,0.363,1,2026-07-10 12:42:32
3891,1189,8513.04,wallet,insufficient_balance,2,0.305,0.212,0,2026-07-13 12:42:32
3892,1797,8048.38,wallet,network_timeout,3,0.46,0.444,0,2026-08-24 12:42:32
3893,931,8600.59,card,customer_abandonment,1,0.769,0.228,0,2026-07-25 12:42:32
3894,708,1440.09,card,customer_abandonment,3,0.895,0.118,0,2026-06-27 12:42:32
3895,512,6475.28,upi,temporary_bank_failure,1,0.93,0.842,1,2026-08-02 12:42:32
3896,1042,4847.48,wallet,authentication_failure,3,0.576,0.34,1,2026-08-22 12:42:32
3897,1313,2020.4,wallet,repeated_failure,3,0.749,0.02,0,2026-08-22 12:42:32
3898,1300,2705.3,netbanking,customer_abandonment,1,0.773,0.229,0,2026-06-12 12:42:32
3899,80,3404.93,wallet,authentication_failure,3,0.931,0.482,1,2026-07-05 12:42:32
3900,516,3696.19,upi,customer_abandonment,0,0.593,0.237,1,2026-07-15 12:42:32
3901,1821,1884.31,netbanking,customer_abandonment,3,0.731,0.052,0,2026-06-07 12:42:32
3902,1925,9468.54,upi,temporary_bank_failure,0,0.854,0.892,1,2026-08-04 12:42:32
3903,30,2792.15,netbanking,customer_abandonment,1,0.896,0.278,0,2026-07-05 12:42:32
3904,1345,2608.25,card,customer_abandonment,2,0.767,0.147,0,2026-07-03 12:42:32
3905,479,397.72,wallet,customer_abandonment,3,0.763,0.065,0,2026-08-09 12:42:32
3906,290,6615.18,upi,network_timeout,2,0.511,0.544,1,2026-06-21 12:42:32
3907,136,4348.8,wallet,authentication_failure,1,0.888,0.625,1,2026-06-13 12:42:32
3908,1868,7240.09,card,temporary_bank_failure,1,0.456,0.652,1,2026-07-25 12:42:32
3909,115,8305.74,upi,insufficient_balance,1,0.774,0.48,0,2026-06-26 12:42:32
3910,1126,7945.63,upi,insufficient_balance,2,0.549,0.31,1,2026-06-20 12:42:32
3911,1841,2301.62,card,insufficient_balance,0,0.677,0.521,1,2026-07-21 12:42:32
3912,1480,1170.68,netbanking,network_timeout,3,0.461,0.444,1,2026-08-08 12:42:32
3913,1974,9267.82,wallet,network_timeout,3,0.708,0.543,1,2026-07-23 12:42:32
3914,653,9817.36,upi,repeated_failure,3,0.946,0.088,0,2026-07-18 12:42:32
3915,845,8281.0,wallet,authentication_failure,2,0.995,0.588,1,2026-06-05 12:42:32
3916,90,1882.49,upi,customer_abandonment,1,0.539,0.136,1,2026-06-04 12:42:32
3917,1152,2543.44,upi,repeated_failure,0,0.806,0.272,0,2026-06-24 12:42:32
3918,1381,1588.94,card,temporary_bank_failure,2,0.392,0.547,0,2026-06-04 12:42:32
3919,1384,9133.14,wallet,authentication_failure,1,0.475,0.46,0,2026-07-14 12:42:32
3920,1929,2829.89,wallet,authentication_failure,3,0.742,0.407,1,2026-07-12 12:42:32
3921,1126,7193.62,card,insufficient_balance,0,0.549,0.47,1,2026-07-29 12:42:32
3922,786,2965.75,wallet,temporary_bank_failure,2,0.928,0.761,1,2026-07-21 12:42:32
3923,655,3277.66,upi,customer_abandonment,1,0.72,0.208,1,2026-05-31 12:42:32
3924,427,1923.87,wallet,insufficient_balance,2,0.481,0.282,1,2026-06-12 12:42:32
3925,1773,6459.04,wallet,insufficient_balance,1,0.558,0.393,0,2026-06-25 12:42:32
3926,203,313.74,card,authentication_failure,2,0.847,0.529,0,2026-07-08 12:42:32
3927,466,7944.88,upi,temporary_bank_failure,2,0.501,0.59,1,2026-08-14 12:42:32
3928,854,3775.23,netbanking,customer_abandonment,2,0.872,0.189,0,2026-06-10 12:42:32
3929,1888,4718.26,wallet,repeated_failure,2,0.628,0.041,0,2026-06-01 12:42:32
3930,942,9201.05,wallet,insufficient_balance,1,0.77,0.478,0,2026-08-05 12:42:32
3931,1807,4560.49,upi,customer_abandonment,2,0.626,0.09,0,2026-06-04 12:42:32
3932,526,2786.55,netbanking,insufficient_balance,1,0.862,0.515,0,2026-08-16 12:42:32
3933,1055,9589.92,netbanking,authentication_failure,1,0.94,0.646,1,2026-06-19 12:42:32
3934,1719,8564.61,wallet,customer_abandonment,1,0.917,0.287,0,2026-07-27 12:42:32
3935,155,9856.21,wallet,customer_abandonment,2,0.538,0.055,0,2026-06-04 12:42:32
3936,998,2570.27,netbanking,customer_abandonment,2,0.756,0.142,0,2026-08-21 12:42:32
3937,1449,4583.43,wallet,repeated_failure,0,0.738,0.245,1,2026-06-13 12:42:32
3938,157,9623.52,upi,insufficient_balance,3,0.816,0.336,1,2026-07-23 12:42:32
3939,83,9546.75,wallet,temporary_bank_failure,3,0.971,0.698,0,2026-06-21 12:42:32
3940,497,3386.64,wallet,insufficient_balance,1,0.636,0.424,1,2026-08-03 12:42:32
3941,871,8386.99,wallet,network_timeout,3,0.798,0.579,0,2026-08-07 12:42:32
3942,1329,5417.03,wallet,repeated_failure,2,0.853,0.131,0,2026-06-09 12:42:32
3943,1658,5175.43,wallet,network_timeout,0,0.162,0.565,0,2026-08-03 12:42:32
3944,845,4131.21,wallet,temporary_bank_failure,0,0.995,0.948,1,2026-06-29 12:42:32
3945,1967,475.71,card,temporary_bank_failure,0,0.767,0.857,1,2026-06-14 12:42:32
3946,1396,1816.24,card,temporary_bank_failure,3,0.759,0.614,0,2026-05-29 12:42:32
3947,20,2187.09,upi,temporary_bank_failure,2,0.658,0.653,0,2026-08-23 12:42:32
3948,1643,2936.8,wallet,temporary_bank_failure,2,0.8,0.71,1,2026-07-11 12:42:32
3949,848,4491.55,card,repeated_failure,0,0.815,0.276,1,2026-07-26 12:42:32
3950,700,9658.36,wallet,authentication_failure,2,0.754,0.492,1,2026-06-15 12:42:32
3951,60,4273.14,card,temporary_bank_failure,3,0.621,0.558,1,2026-07-30 12:42:32
3952,478,7444.52,netbanking,repeated_failure,3,0.847,0.049,0,2026-08-11 12:42:32
3953,1071,7280.33,netbanking,authentication_failure,0,0.793,0.667,1,2026-06-12 12:42:32
3954,1723,8410.09,card,insufficient_balance,0,0.543,0.467,1,2026-07-24 12:42:32
3955,1927,6281.5,netbanking,insufficient_balance,1,0.884,0.524,0,2026-08-19 12:42:32
3956,84,8969.25,card,insufficient_balance,1,0.872,0.519,1,2026-08-12 12:42:32
3957,661,9776.81,netbanking,temporary_bank_failure,1,0.921,0.838,1,2026-08-02 12:42:32
3958,133,9858.09,upi,insufficient_balance,2,0.787,0.405,1,2026-07-25 12:42:32
3959,1752,1372.66,upi,repeated_failure,2,0.698,0.069,1,2026-07-23 12:42:32
3960,1287,236.27,card,temporary_bank_failure,2,0.69,0.666,1,2026-07-10 12:42:32
3961,333,2828.37,wallet,temporary_bank_failure,3,0.911,0.674,1,2026-07-27 12:42:32
3962,702,8193.56,netbanking,temporary_bank_failure,0,0.644,0.808,1,2026-08-25 12:42:32
3963,1744,8475.0,upi,temporary_bank_failure,0,0.503,0.751,1,2026-07-27 12:42:32
3964,127,1713.43,netbanking,customer_abandonment,3,0.78,0.072,0,2026-08-24 12:42:32
3965,74,9167.25,netbanking,customer_abandonment,2,0.444,0.02,0,2026-06-02 12:42:32
3966,1303,8456.16,upi,temporary_bank_failure,1,0.868,0.817,0,2026-07-20 12:42:32
3967,798,735.5,netbanking,customer_abandonment,3,0.53,0.02,0,2026-08-17 12:42:32
3968,1010,4208.09,upi,network_timeout,2,0.658,0.603,0,2026-07-13 12:42:32
3969,109,2290.17,card,repeated_failure,2,0.617,0.037,0,2026-07-21 12:42:32
3970,1585,5162.42,netbanking,authentication_failure,1,0.473,0.459,0,2026-07-19 12:42:32
3971,1528,8337.17,upi,repeated_failure,1,0.296,0.02,0,2026-06-22 12:42:32
3972,64,4505.17,upi,network_timeout,0,0.752,0.801,1,2026-06-06 12:42:32
3973,467,9038.12,wallet,network_timeout,3,0.842,0.597,1,2026-08-18 12:42:32
3974,1240,379.49,wallet,temporary_bank_failure,3,0.803,0.631,0,2026-06-21 12:42:32
3975,652,7268.36,upi,authentication_failure,1,0.842,0.607,0,2026-07-04 12:42:32
3976,1636,4839.33,card,temporary_bank_failure,2,0.75,0.69,1,2026-06-20 12:42:32
3977,1403,3487.2,upi,insufficient_balance,3,0.933,0.383,1,2026-07-11 12:42:32
3978,203,1559.96,card,repeated_failure,3,0.847,0.049,0,2026-06-01 12:42:32
3979,1413,9602.62,wallet,temporary_bank_failure,0,0.841,0.886,0,2026-06-05 12:42:32
3980,579,1336.03,wallet,customer_abandonment,1,0.512,0.125,0,2026-08-07 12:42:32
3981,745,2838.05,upi,temporary_bank_failure,3,0.709,0.594,0,2026-05-30 12:42:32
3982,1193,3342.02,card,customer_abandonment,2,0.558,0.063,0,2026-07-29 12:42:32
3983,1546,8744.8,netbanking,temporary_bank_failure,0,0.61,0.794,1,2026-06-07 12:42:32
3984,1148,1713.07,wallet,temporary_bank_failure,3,0.981,0.702,1,2026-07-21 12:42:32
3985,824,8945.47,wallet,network_timeout,3,0.884,0.614,1,2026-08-17 12:42:32
3986,134,504.65,card,insufficient_balance,1,0.843,0.507,0,2026-05-31 12:42:32
3987,289,8674.54,card,temporary_bank_failure,2,0.836,0.724,1,2026-08-10 12:42:32
3988,40,7191.31,upi,insufficient_balance,2,0.677,0.361,0,2026-06-22 12:42:32
3989,497,2887.88,card,customer_abandonment,0,0.636,0.254,0,2026-05-31 12:42:32
3990,1665,1471.22,netbanking,insufficient_balance,3,0.913,0.375,0,2026-06-18 12:42:32
3991,229,7313.14,wallet,temporary_bank_failure,0,0.783,0.863,1,2026-06-12 12:42:32
3992,1839,6755.19,netbanking,temporary_bank_failure,3,0.599,0.55,0,2026-07-23 12:42:32
3993,1509,1869.89,card,network_timeout,3,0.455,0.442,0,2026-06-07 12:42:32
3994,1343,5650.78,card,insufficient_balance,0,0.874,0.6,1,2026-08-05 12:42:32
3995,1122,5345.47,upi,customer_abandonment,1,0.319,0.048,0,2026-08-23 12:42:32
3996,1927,4405.87,netbanking,network_timeout,1,0.884,0.774,1,2026-07-19 12:42:32
3997,1146,8062.51,upi,temporary_bank_failure,3,0.861,0.654,0,2026-06-21 12:42:32
3998,1832,4399.53,netbanking,repeated_failure,1,0.764,0.176,0,2026-08-19 12:42:32
3999,1753,6183.04,wallet,repeated_failure,0,0.524,0.16,0,2026-06-26 12:42:32
4000,890,6884.85,card,authentication_failure,3,0.398,0.269,0,2026-08-11 12:42:32
4001,317,6215.29,wallet,network_timeout,0,0.802,0.821,1,2026-07-08 12:42:32
4002,949,664.47,netbanking,authentication_failure,3,0.197,0.189,0,2026-06-24 12:42:32
4003,128,4868.88,upi,authentication_failure,1,0.796,0.588,1,2026-08-16 12:42:32
4004,692,5659.21,wallet,network_timeout,2,0.989,0.736,1,2026-08-18 12:42:32
4005,730,6143.71,upi,customer_abandonment,1,0.892,0.277,1,2026-07-18 12:42:32
4006,666,1413.62,upi,authentication_failure,2,0.857,0.533,0,2026-06-26 12:42:32
4007,1928,4462.47,card,repeated_failure,1,0.858,0.213,1,2026-07-14 12:42:32
4008,1764,6197.72,netbanking,insufficient_balance,2,0.888,0.445,1,2026-06-18 12:42:32
4009,944,8930.5,netbanking,temporary_bank_failure,3,0.634,0.564,1,2026-07-15 12:42:32
4010,1014,2121.99,card,customer_abandonment,3,0.65,0.02,0,2026-06-03 12:42:32
4011,1862,2011.08,wallet,network_timeout,1,0.902,0.781,1,2026-06-05 12:42:32
4012,1280,8598.67,wallet,temporary_bank_failure,3,0.913,0.675,1,2026-07-19 12:42:32
4013,46,956.2,wallet,temporary_bank_failure,2,0.731,0.682,1,2026-08-10 12:42:32
4014,660,3400.33,netbanking,repeated_failure,0,0.662,0.215,0,2026-06-15 12:42:32
4015,275,801.77,card,repeated_failure,2,0.856,0.132,0,2026-07-25 12:42:32
4016,991,1639.61,upi,temporary_bank_failure,2,0.914,0.756,1,2026-06-12 12:42:32
4017,855,6668.64,card,network_timeout,3,0.847,0.599,0,2026-07-26 12:42:32
4018,769,3881.13,netbanking,customer_abandonment,3,0.554,0.02,0,2026-06-20 12:42:32
4019,1208,5737.48,card,authentication_failure,1,0.651,0.53,1,2026-05-30 12:42:32
4020,1448,6097.94,card,temporary_bank_failure,3,0.657,0.573,1,2026-06-27 12:42:32
4021,169,4624.45,wallet,network_timeout,1,0.842,0.757,1,2026-08-15 12:42:32
4022,1795,4559.66,netbanking,network_timeout,0,0.684,0.774,1,2026-08-10 12:42:32
4023,1311,6396.83,netbanking,network_timeout,2,0.743,0.637,0,2026-07-30 12:42:32
4024,1356,5929.37,card,customer_abandonment,2,0.601,0.08,0,2026-07-24 12:42:32
4025,603,8935.86,upi,insufficient_balance,0,0.773,0.559,0,2026-05-31 12:42:32
4026,1043,9013.74,card,repeated_failure,3,0.957,0.093,0,2026-07-08 12:42:32
4027,1419,4875.38,wallet,repeated_failure,2,0.618,0.037,0,2026-07-28 12:42:32
4028,364,2652.41,upi,repeated_failure,2,0.926,0.16,0,2026-06-26 12:42:32
4029,1416,848.29,card,network_timeout,2,0.978,0.731,0,2026-07-05 12:42:32
4030,1702,4816.81,upi,temporary_bank_failure,3,0.784,0.624,1,2026-06-09 12:42:32
4031,1570,6771.6,upi,authentication_failure,1,0.819,0.598,1,2026-08-11 12:42:32
4032,870,6989.36,card,temporary_bank_failure,1,0.839,0.806,1,2026-07-05 12:42:32
4033,1153,1626.2,wallet,repeated_failure,0,0.778,0.261,0,2026-08-09 12:42:32
4034,112,392.57,upi,repeated_failure,3,0.83,0.042,0,2026-07-26 12:42:32
4035,1064,730.27,wallet,authentication_failure,3,0.692,0.387,1,2026-06-18 12:42:32
4036,281,2116.85,upi,repeated_failure,3,0.863,0.055,1,2026-05-30 12:42:32
4037,1343,6880.2,upi,repeated_failure,2,0.874,0.14,0,2026-06-16 12:42:32
4038,1884,3986.64,card,repeated_failure,0,0.66,0.214,0,2026-08-03 12:42:32
4039,1399,5576.32,upi,network_timeout,1,0.88,0.772,1,2026-06-11 12:42:32
4040,530,9896.46,netbanking,network_timeout,3,0.939,0.636,1,2026-08-19 12:42:32
4041,23,4712.99,card,insufficient_balance,3,0.859,0.354,1,2026-06-17 12:42:32
4042,1488,2763.61,upi,authentication_failure,3,0.783,0.423,0,2026-06-12 12:42:32
4043,1440,6692.71,wallet,repeated_failure,2,0.238,0.02,0,2026-08-01 12:42:32
4044,576,5795.1,upi,temporary_bank_failure,3,0.914,0.676,1,2026-07-02 12:42:32
4045,1937,7140.95,card,network_timeout,2,0.829,0.672,1,2026-08-13 12:42:32
4046,1583,8412.09,card,network_timeout,3,0.654,0.522,0,2026-05-31 12:42:32
4047,1866,9712.82,wallet,customer_abandonment,0,0.834,0.334,0,2026-08-19 12:42:32
4048,609,1007.15,wallet,insufficient_balance,0,0.872,0.599,0,2026-08-09 12:42:32
4049,332,3748.95,wallet,network_timeout,1,0.938,0.795,1,2026-06-21 12:42:32
4050,693,3028.29,card,temporary_bank_failure,1,0.604,0.712,1,2026-07-26 12:42:32
4051,310,655.89,card,insufficient_balance,2,0.971,0.478,0,2026-07-25 12:42:32
4052,1178,1751.21,card,repeated_failure,2,0.933,0.163,0,2026-05-31 12:42:32
4053,687,9059.64,card,authentication_failure,2,0.513,0.395,1,2026-07-25 12:42:32
4054,1694,6921.84,upi,repeated_failure,1,0.717,0.157,0,2026-06-06 12:42:32
4055,656,8944.1,wallet,network_timeout,2,0.499,0.54,0,2026-07-24 12:42:32
4056,186,5295.5,card,network_timeout,1,0.497,0.619,1,2026-08-23 12:42:32
4057,1661,2109.4,card,authentication_failure,2,0.868,0.537,1,2026-06-02 12:42:32
4058,1936,7495.31,card,network_timeout,0,0.753,0.801,1,2026-07-16 12:42:32
4059,117,6306.27,upi,network_timeout,1,0.579,0.652,1,2026-06-18 12:42:32
4060,664,4428.83,upi,customer_abandonment,0,0.592,0.237,0,2026-06-04 12:42:32
4061,1815,9310.28,netbanking,authentication_failure,1,0.864,0.616,1,2026-07-27 12:42:32
4062,1281,5153.01,card,network_timeout,3,0.699,0.54,1,2026-06-09 12:42:32
4063,1675,1959.27,card,insufficient_balance,3,0.832,0.343,0,2026-06-20 12:42:32
4064,1161,8030.65,wallet,repeated_failure,2,0.831,0.122,0,2026-08-07 12:42:32
4065,1032,3939.43,netbanking,authentication_failure,2,0.479,0.382,0,2026-07-02 12:42:32
4066,1283,4787.62,upi,authentication_failure,0,0.752,0.651,0,2026-08-10 12:42:32
4067,1359,1660.58,netbanking,customer_abandonment,1,0.687,0.195,0,2026-07-28 12:42:32
4068,1990,5872.62,upi,customer_abandonment,0,0.621,0.248,1,2026-08-19 12:42:32
4069,91,7980.77,upi,authentication_failure,2,0.675,0.46,0,2026-07-01 12:42:32
4070,780,7363.08,upi,insufficient_balance,1,0.459,0.354,0,2026-08-12 12:42:32
4071,333,7704.92,card,customer_abandonment,3,0.911,0.124,0,2026-06-18 12:42:32
4072,1291,6241.39,netbanking,network_timeout,2,0.859,0.684,1,2026-08-01 12:42:32
4073,368,2680.23,netbanking,repeated_failure,3,0.607,0.02,1,2026-07-21 12:42:32
4074,1363,9504.64,upi,repeated_failure,3,0.61,0.02,0,2026-08-23 12:42:32
4075,530,6077.63,upi,temporary_bank_failure,2,0.939,0.766,0,2026-06-05 12:42:32
4076,735,9023.79,netbanking,insufficient_balance,2,0.832,0.423,1,2026-08-12 12:42:32
4077,1723,1073.28,upi,network_timeout,0,0.543,0.717,0,2026-07-18 12:42:32
4078,1420,9182.33,upi,customer_abandonment,3,0.724,0.05,0,2026-06-22 12:42:32
4079,1155,7418.78,upi,authentication_failure,3,0.828,0.441,1,2026-06-13 12:42:32
4080,306,8715.39,wallet,customer_abandonment,3,0.877,0.111,0,2026-07-30 12:42:32
4081,957,3692.0,card,authentication_failure,3,0.585,0.344,1,2026-06-10 12:42:32
4082,898,4439.72,card,network_timeout,1,0.727,0.711,0,2026-06-23 12:42:32
4083,1025,656.33,upi,temporary_bank_failure,1,0.684,0.744,1,2026-07-17 12:42:32
4084,1143,2694.73,wallet,network_timeout,2,0.932,0.713,0,2026-06-26 12:42:32
4085,219,8935.68,netbanking,customer_abandonment,2,0.794,0.158,0,2026-07-31 12:42:32
4086,518,7187.11,wallet,authentication_failure,0,0.841,0.686,1,2026-07-15 12:42:32
4087,1584,5796.28,netbanking,insufficient_balance,2,0.675,0.36,1,2026-07-09 12:42:32
4088,1987,2867.33,card,network_timeout,3,0.452,0.441,1,2026-08-05 12:42:32
4089,492,4460.63,wallet,insufficient_balance,2,0.471,0.278,0,2026-08-09 12:42:32
4090,1755,7751.16,card,temporary_bank_failure,3,0.465,0.496,0,2026-08-15 12:42:32
4091,1933,2021.54,upi,customer_abandonment,2,0.648,0.099,1,2026-08-06 12:42:32
4092,778,7408.37,netbanking,authentication_failure,0,0.507,0.553,1,2026-07-13 12:42:32
4093,1662,8169.93,wallet,authentication_failure,2,0.908,0.553,0,2026-07-08 12:42:32
4094,243,9021.92,wallet,network_timeout,0,0.788,0.815,1,2026-06-11 12:42:32
4095,1233,4728.65,card,insufficient_balance,2,0.549,0.31,1,2026-07-28 12:42:32
4096,137,9487.61,wallet,repeated_failure,1,0.668,0.137,0,2026-05-30 12:42:32
4097,1873,1995.31,wallet,customer_abandonment,2,0.244,0.02,0,2026-08-05 12:42:32
4098,1361,563.46,card,repeated_failure,2,0.438,0.02,0,2026-08-11 12:42:32
4099,998,7474.62,upi,network_timeout,0,0.756,0.802,1,2026-07-25 12:42:32
4100,1019,7411.85,card,repeated_failure,0,0.879,0.302,0,2026-07-06 12:42:32
4101,720,4203.32,card,customer_abandonment,2,0.78,0.152,0,2026-06-20 12:42:32
4102,1207,7960.64,wallet,customer_abandonment,2,0.47,0.028,0,2026-07-10 12:42:32
4103,1670,2492.97,card,insufficient_balance,3,0.611,0.254,0,2026-06-05 12:42:32
4104,462,3470.62,upi,temporary_bank_failure,3,0.734,0.604,1,2026-08-18 12:42:32
4105,1962,1163.97,netbanking,temporary_bank_failure,2,0.885,0.744,1,2026-07-19 12:42:32
4106,1410,1339.51,card,customer_abandonment,0,0.822,0.329,0,2026-06-25 12:42:32
4107,1491,548.06,upi,repeated_failure,3,0.498,0.02,0,2026-07-03 12:42:32
4108,706,5113.47,upi,repeated_failure,2,0.684,0.064,0,2026-08-04 12:42:32
4109,1320,3117.82,card,temporary_bank_failure,2,0.35,0.53,1,2026-08-22 12:42:32
4110,588,4311.95,netbanking,insufficient_balance,3,0.569,0.238,0,2026-07-31 12:42:32
4111,543,9734.35,card,authentication_failure,3,0.795,0.428,0,2026-08-05 12:42:32
4112,528,7481.58,wallet,authentication_failure,3,0.933,0.483,1,2026-06-09 12:42:32
4113,440,6432.68,wallet,customer_abandonment,0,0.509,0.204,1,2026-08-15 12:42:32
4114,126,8827.02,upi,authentication_failure,1,0.684,0.544,0,2026-08-21 12:42:32
4115,387,1735.86,upi,network_timeout,3,0.889,0.616,1,2026-06-10 12:42:32
4116,1339,6036.0,upi,temporary_bank_failure,0,0.243,0.647,1,2026-08-03 12:42:32
4117,1606,255.63,upi,insufficient_balance,0,0.542,0.467,0,2026-07-10 12:42:32
4118,1527,7473.03,wallet,network_timeout,3,0.899,0.62,1,2026-08-20 12:42:32
4119,1934,1265.26,netbanking,authentication_failure,2,0.566,0.416,0,2026-08-13 12:42:32
4120,1928,629.21,upi,insufficient_balance,1,0.858,0.513,1,2026-07-19 12:42:32
4121,980,8835.24,upi,insufficient_balance,2,0.825,0.42,0,2026-07-27 12:42:32
4122,978,8324.39,netbanking,authentication_failure,2,0.596,0.428,0,2026-07-27 12:42:32
4123,606,4373.9,card,network_timeout,3,0.579,0.492,1,2026-08-02 12:42:32
4124,776,6988.7,upi,authentication_failure,2,0.89,0.546,0,2026-05-30 12:42:32
4125,662,3982.05,netbanking,customer_abandonment,2,0.683,0.113,0,2026-07-08 12:42:32
4126,311,3172.07,card,network_timeout,2,0.7,0.62,1,2026-08-16 12:42:32
4127,1782,840.4,card,temporary_bank_failure,3,0.658,0.573,0,2026-06-18 12:42:32
4128,87,9992.3,wallet,customer_abandonment,0,0.631,0.252,0,2026-08-14 12:42:32
4129,931,6051.18,upi,network_timeout,1,0.769,0.728,1,2026-07-24 12:42:32
4130,1491,871.15,card,insufficient_balance,3,0.498,0.209,0,2026-06-04 12:42:32
4131,1454,254.26,card,authentication_failure,3,0.786,0.424,0,2026-06-02 12:42:32
4132,1243,3076.84,upi,insufficient_balance,3,0.558,0.233,0,2026-06-24 12:42:32
4133,1971,3997.68,netbanking,customer_abandonment,0,0.755,0.302,1,2026-08-24 12:42:32
4134,909,4617.37,card,insufficient_balance,2,0.603,0.331,0,2026-06-01 12:42:32
4135,1775,9779.03,card,customer_abandonment,1,0.788,0.235,0,2026-07-10 12:42:32
4136,1539,2323.24,upi,insufficient_balance,3,0.826,0.34,1,2026-08-24 12:42:32
4137,1046,9129.1,card,network_timeout,3,0.948,0.639,1,2026-07-25 12:42:32
4138,1626,5361.89,card,authentication_failure,0,0.916,0.716,1,2026-07-12 12:42:32
4139,357,6456.37,wallet,temporary_bank_failure,1,0.568,0.697,1,2026-06-16 12:42:32
4140,1915,7719.07,upi,insufficient_balance,1,0.553,0.391,0,2026-07-30 12:42:32
4141,1486,3974.38,netbanking,authentication_failure,1,0.592,0.507,0,2026-06-16 12:42:32
4142,1152,7851.78,card,authentication_failure,2,0.806,0.512,0,2026-06-04 12:42:32
4143,1559,990.44,netbanking,authentication_failure,1,0.467,0.457,1,2026-08-19 12:42:32
4144,362,3727.29,wallet,network_timeout,3,0.803,0.581,1,2026-06-29 12:42:32
4145,1300,2474.43,card,authentication_failure,0,0.773,0.659,0,2026-08-04 12:42:32
4146,582,6565.25,wallet,network_timeout,0,0.735,0.794,1,2026-06-04 12:42:32
4147,1865,7406.61,wallet,network_timeout,2,0.514,0.546,0,2026-06-13 12:42:32
4148,703,3143.05,netbanking,repeated_failure,3,0.801,0.03,0,2026-07-01 12:42:32
4149,1709,3892.13,netbanking,network_timeout,3,0.973,0.649,0,2026-08-04 12:42:32
4150,839,1647.51,wallet,insufficient_balance,2,0.899,0.45,0,2026-07-19 12:42:32
4151,917,3118.13,card,temporary_bank_failure,1,0.717,0.757,0,2026-05-29 12:42:32
4152,372,795.85,card,temporary_bank_failure,2,0.924,0.76,1,2026-07-26 12:42:32
4153,1214,5978.92,upi,insufficient_balance,2,0.734,0.384,0,2026-08-24 12:42:32
4154,123,3605.25,upi,customer_abandonment,1,0.667,0.187,1,2026-08-03 12:42:32
4155,996,4436.35,upi,customer_abandonment,3,0.471,0.02,0,2026-07-04 12:42:32
4156,939,8448.27,card,authentication_failure,2,0.884,0.544,1,2026-06-18 12:42:32
4157,378,2345.79,upi,temporary_bank_failure,0,0.546,0.768,1,2026-06-27 12:42:32
4158,731,1081.05,card,temporary_bank_failure,3,0.736,0.604,0,2026-06-02 12:42:32
4159,1623,3732.03,wallet,authentication_failure,3,0.908,0.473,1,2026-07-20 12:42:32
4160,854,3101.8,wallet,authentication_failure,1,0.872,0.619,1,2026-06-23 12:42:32
4161,543,6583.07,upi,customer_abandonment,3,0.795,0.078,0,2026-07-22 12:42:32
4162,1557,5422.54,wallet,insufficient_balance,3,0.481,0.202,0,2026-08-08 12:42:32
4163,1021,1448.61,wallet,network_timeout,2,0.857,0.683,1,2026-06-24 12:42:32
4164,415,6202.7,netbanking,temporary_bank_failure,0,0.474,0.74,1,2026-06-25 12:42:32
4165,570,2515.24,wallet,repeated_failure,0,0.761,0.254,0,2026-08-17 12:42:32
4166,1774,6129.76,card,repeated_failure,2,0.651,0.05,0,2026-08-07 12:42:32
4167,1471,4765.48,card,insufficient_balance,1,0.747,0.469,1,2026-06-26 12:42:32
4168,643,5556.53,wallet,authentication_failure,0,0.97,0.738,1,2026-07-01 12:42:32
4169,1492,723.48,card,repeated_failure,3,0.762,0.02,0,2026-07-07 12:42:32
4170,1369,9473.0,upi,temporary_bank_failure,2,0.362,0.535,0,2026-06-23 12:42:32
4171,756,6033.82,upi,customer_abandonment,0,0.81,0.324,0,2026-06-14 12:42:32
4172,1381,4288.74,wallet,authentication_failure,0,0.392,0.507,1,2026-07-17 12:42:32
4173,859,7837.94,upi,customer_abandonment,3,0.753,0.061,0,2026-06-29 12:42:32
4174,1230,3400.85,upi,insufficient_balance,1,0.936,0.544,1,2026-08-20 12:42:32
4175,1155,7921.26,wallet,temporary_bank_failure,0,0.828,0.881,1,2026-08-03 12:42:32
4176,352,6869.87,netbanking,customer_abandonment,1,0.812,0.245,0,2026-08-20 12:42:32
4177,162,3663.0,wallet,network_timeout,3,0.629,0.512,1,2026-08-01 12:42:32
4178,1023,9211.3,netbanking,insufficient_balance,3,0.516,0.216,0,2026-08-23 12:42:32
4179,256,4045.03,upi,authentication_failure,1,0.966,0.656,0,2026-08-12 12:42:32
4180,476,8404.63,wallet,network_timeout,0,0.93,0.872,1,2026-08-21 12:42:32
4181,810,9531.71,card,insufficient_balance,3,0.553,0.231,0,2026-08-16 12:42:32
4182,1748,5806.41,upi,customer_abandonment,3,0.637,0.02,0,2026-08-03 12:42:32
4183,1494,2523.32,wallet,temporary_bank_failure,3,0.595,0.548,1,2026-08-02 12:42:32
4184,787,7959.99,wallet,authentication_failure,1,0.889,0.626,1,2026-08-08 12:42:32
4185,1676,9889.15,netbanking,repeated_failure,3,0.729,0.02,0,2026-07-30 12:42:32
4186,1670,515.98,card,authentication_failure,3,0.611,0.354,0,2026-06-30 12:42:32
4187,741,4738.76,card,customer_abandonment,1,0.824,0.25,0,2026-06-23 12:42:32
4188,1018,3879.62,upi,network_timeout,0,0.681,0.772,1,2026-07-21 12:42:32
4189,791,2750.6,netbanking,customer_abandonment,3,0.751,0.06,0,2026-08-08 12:42:32
4190,548,1002.21,card,temporary_bank_failure,1,0.8,0.79,0,2026-08-08 12:42:32
4191,1296,8343.39,wallet,temporary_bank_failure,2,0.946,0.768,1,2026-06-14 12:42:32
4192,1930,4629.72,card,customer_abandonment,0,0.34,0.136,0,2026-06-21 12:42:32
4193,338,728.15,card,customer_abandonment,3,0.527,0.02,0,2026-07-08 12:42:32
4194,1520,6921.03,upi,insufficient_balance,3,0.682,0.283,0,2026-06-17 12:42:32
4195,1569,615.1,wallet,network_timeout,1,0.681,0.692,1,2026-07-08 12:42:32
4196,896,2927.54,netbanking,authentication_failure,2,0.632,0.443,1,2026-06-18 12:42:32
4197,151,8593.51,wallet,insufficient_balance,3,0.804,0.332,0,2026-07-03 12:42:32
4198,1660,1191.84,wallet,network_timeout,1,0.58,0.652,0,2026-06-02 12:42:32
4199,1392,8319.22,wallet,repeated_failure,3,0.85,0.05,0,2026-06-14 12:42:32
4200,566,350.38,wallet,customer_abandonment,0,0.744,0.298,0,2026-06-03 12:42:32
4201,1866,1138.73,wallet,temporary_bank_failure,1,0.834,0.804,1,2026-06-23 12:42:32
4202,304,6534.71,upi,insufficient_balance,0,0.782,0.563,1,2026-07-20 12:42:32
4203,1289,9944.86,card,repeated_failure,1,0.625,0.12,0,2026-08-24 12:42:32
4204,316,5018.08,netbanking,temporary_bank_failure,3,0.694,0.588,1,2026-06-09 12:42:32
4205,47,8416.58,netbanking,temporary_bank_failure,1,0.409,0.634,1,2026-05-30 12:42:32
4206,55,9373.52,wallet,temporary_bank_failure,1,0.755,0.772,1,2026-07-30 12:42:32
4207,1909,2138.89,wallet,insufficient_balance,1,0.825,0.5,1,2026-06-12 12:42:32
4208,719,276.17,wallet,network_timeout,3,0.785,0.574,0,2026-08-07 12:42:32
4209,630,114.07,card,temporary_bank_failure,3,0.93,0.682,0,2026-07-14 12:42:32
4210,315,9073.51,wallet,authentication_failure,3,0.733,0.403,0,2026-08-19 12:42:32
4211,1810,2553.84,upi,network_timeout,0,0.502,0.701,0,2026-08-14 12:42:32
4212,1876,9888.06,upi,temporary_bank_failure,2,0.821,0.718,1,2026-06-29 12:42:32
4213,1631,7960.28,wallet,network_timeout,2,0.836,0.674,0,2026-06-28 12:42:32
4214,940,3683.35,card,temporary_bank_failure,3,0.72,0.598,1,2026-06-22 12:42:32
4215,1677,6002.34,netbanking,repeated_failure,2,0.791,0.106,0,2026-07-16 12:42:32
4216,1444,4495.98,upi,insufficient_balance,2,0.384,0.244,0,2026-08-12 12:42:32
4217,861,4079.76,upi,authentication_failure,1,0.506,0.472,1,2026-07-01 12:42:32
4218,475,3807.22,card,insufficient_balance,0,0.601,0.49,1,2026-08-17 12:42:32
4219,1927,4956.21,netbanking,insufficient_balance,1,0.884,0.524,0,2026-07-02 12:42:32
4220,731,4143.37,card,temporary_bank_failure,3,0.736,0.604,0,2026-06-06 12:42:32
4221,533,6776.53,card,insufficient_balance,2,0.539,0.306,0,2026-07-06 12:42:32
4222,1270,7998.36,upi,repeated_failure,1,0.597,0.109,0,2026-06-05 12:42:32
4223,819,4041.68,wallet,insufficient_balance,0,0.645,0.508,0,2026-06-29 12:42:32
4224,1694,8852.63,wallet,insufficient_balance,0,0.717,0.537,1,2026-05-28 12:42:32
4225,794,891.43,card,customer_abandonment,3,0.918,0.127,0,2026-06-12 12:42:32
4226,1484,8170.9,netbanking,temporary_bank_failure,0,0.433,0.723,1,2026-06-14 12:42:32
4227,1507,2959.36,netbanking,insufficient_balance,3,0.659,0.274,0,2026-06-10 12:42:32
4228,852,3408.42,card,network_timeout,2,0.781,0.652,0,2026-08-04 12:42:32
4229,1865,8394.37,netbanking,insufficient_balance,0,0.514,0.456,1,2026-07-03 12:42:32
4230,1952,6241.0,upi,authentication_failure,1,0.804,0.592,0,2026-07-05 12:42:32
4231,162,8130.07,netbanking,temporary_bank_failure,1,0.629,0.722,1,2026-07-08 12:42:32
4232,521,7369.82,netbanking,authentication_failure,3,0.51,0.314,1,2026-07-19 12:42:32
4233,296,5331.84,netbanking,temporary_bank_failure,2,0.707,0.673,0,2026-06-22 12:42:32
4234,662,831.91,wallet,customer_abandonment,3,0.683,0.033,0,2026-06-19 12:42:32
4235,362,6002.46,netbanking,authentication_failure,0,0.803,0.671,1,2026-06-06 12:42:32
4236,27,492.65,card,insufficient_balance,0,0.766,0.556,0,2026-08-22 12:42:32
4237,268,2822.41,netbanking,insufficient_balance,3,0.701,0.29,0,2026-07-21 12:42:32
4238,877,1739.06,card,repeated_failure,3,0.858,0.053,0,2026-07-05 12:42:32
4239,358,6307.05,wallet,network_timeout,3,0.504,0.462,1,2026-08-22 12:42:32
4240,653,9810.08,upi,repeated_failure,2,0.946,0.168,1,2026-07-18 12:42:32
4241,1857,938.54,upi,authentication_failure,1,0.491,0.466,0,2026-06-10 12:42:32
4242,624,9015.1,upi,authentication_failure,1,0.976,0.66,1,2026-06-10 12:42:32
4243,1974,1057.53,upi,customer_abandonment,3,0.708,0.043,0,2026-06-04 12:42:32
4244,1383,6197.16,upi,network_timeout,0,0.959,0.884,1,2026-07-18 12:42:32
4245,645,8737.02,upi,authentication_failure,3,0.806,0.432,0,2026-07-28 12:42:32
4246,1707,7722.68,wallet,insufficient_balance,2,0.795,0.408,0,2026-06-19 12:42:32
4247,1211,7286.78,wallet,repeated_failure,1,0.497,0.069,0,2026-06-10 12:42:32
4248,543,250.15,upi,insufficient_balance,0,0.795,0.568,0,2026-05-30 12:42:32
4249,1224,9022.55,card,authentication_failure,0,0.532,0.563,1,2026-08-03 12:42:32
4250,266,8182.49,card,temporary_bank_failure,0,0.842,0.887,1,2026-07-16 12:42:32
4251,1089,5107.74,card,temporary_bank_failure,3,0.757,0.613,1,2026-06-24 12:42:32
4252,1793,5909.42,wallet,network_timeout,1,0.886,0.774,0,2026-05-28 12:42:32
4253,372,3869.31,wallet,insufficient_balance,1,0.924,0.54,1,2026-07-01 12:42:32
4254,1951,6418.93,wallet,temporary_bank_failure,1,0.257,0.573,0,2026-07-31 12:42:32
4255,1614,9841.38,wallet,network_timeout,0,0.457,0.683,0,2026-07-08 12:42:32
4256,1372,9377.81,wallet,customer_abandonment,3,0.727,0.051,0,2026-06-25 12:42:32
4257,146,6920.04,card,repeated_failure,0,0.714,0.236,1,2026-07-14 12:42:32
4258,1964,1125.53,upi,authentication_failure,2,0.696,0.468,1,2026-08-21 12:42:32
4259,1721,6829.05,wallet,authentication_failure,1,0.854,0.612,0,2026-08-01 12:42:32
4260,1046,5299.54,card,authentication_failure,3,0.948,0.489,1,2026-08-11 12:42:32
4261,1874,1345.61,card,repeated_failure,0,0.756,0.252,0,2026-07-08 12:42:32
4262,82,1085.34,upi,temporary_bank_failure,0,0.428,0.721,1,2026-07-27 12:42:32
4263,110,1474.03,wallet,network_timeout,0,0.726,0.79,1,2026-06-03 12:42:32
4264,956,2175.34,netbanking,customer_abandonment,1,0.837,0.255,1,2026-08-25 12:42:32
4265,918,6227.57,card,authentication_failure,3,0.805,0.432,0,2026-07-09 12:42:32
4266,629,8469.09,card,authentication_failure,3,0.961,0.494,0,2026-06-04 12:42:32
4267,1896,7043.56,netbanking,authentication_failure,2,0.692,0.467,0,2026-08-16 12:42:32
4268,767,3317.64,card,repeated_failure,1,0.51,0.074,0,2026-07-07 12:42:32
4269,588,6578.72,card,customer_abandonment,1,0.569,0.148,0,2026-06-24 12:42:32
4270,1804,1536.25,netbanking,temporary_bank_failure,3,0.866,0.656,1,2026-07-10 12:42:32
4271,1012,504.25,wallet,temporary_bank_failure,0,0.729,0.842,1,2026-07-15 12:42:32
4272,991,9323.69,wallet,network_timeout,3,0.914,0.626,0,2026-07-13 12:42:32
4273,1138,9514.92,wallet,network_timeout,3,0.329,0.392,0,2026-08-12 12:42:32
4274,196,8818.13,card,customer_abandonment,0,0.402,0.161,0,2026-08-17 12:42:32
4275,539,2307.56,netbanking,temporary_bank_failure,1,0.92,0.838,1,2026-06-02 12:42:32
4276,1890,7419.64,netbanking,authentication_failure,3,0.759,0.414,1,2026-07-25 12:42:32
4277,1453,2370.43,card,network_timeout,1,0.758,0.723,0,2026-06-22 12:42:32
4278,1396,9229.73,wallet,insufficient_balance,0,0.759,0.554,0,2026-07-11 12:42:32
4279,982,6749.49,wallet,network_timeout,3,0.789,0.576,1,2026-06-16 12:42:32
4280,593,544.44,upi,temporary_bank_failure,3,0.466,0.496,1,2026-08-10 12:42:32
4281,1134,1426.78,card,customer_abandonment,2,0.706,0.122,0,2026-06-09 12:42:32
4282,345,3894.04,upi,repeated_failure,3,0.811,0.034,0,2026-07-11 12:42:32
4283,979,7393.93,card,authentication_failure,3,0.191,0.186,1,2026-06-07 12:42:32
4284,1056,4428.56,card,temporary_bank_failure,3,0.905,0.672,1,2026-08-20 12:42:32
4285,1364,6515.68,wallet,repeated_failure,2,0.582,0.023,0,2026-07-23 12:42:32
4286,1124,3086.67,netbanking,temporary_bank_failure,1,0.673,0.739,1,2026-05-29 12:42:32
4287,1925,5118.15,upi,repeated_failure,0,0.854,0.292,1,2026-07-11 12:42:32
4288,1616,1633.11,wallet,authentication_failure,2,0.782,0.503,0,2026-06-23 12:42:32
4289,1059,9931.33,netbanking,customer_abandonment,1,0.746,0.218,0,2026-05-31 12:42:32
4290,878,5206.44,upi,insufficient_balance,3,0.79,0.326,1,2026-08-15 12:42:32
4291,705,806.92,card,insufficient_balance,1,0.714,0.456,0,2026-07-01 12:42:32
4292,1778,6986.67,upi,network_timeout,0,0.777,0.811,1,2026-06-01 12:42:32
4293,972,1583.56,card,network_timeout,1,0.883,0.773,1,2026-08-25 12:42:32
4294,1446,9104.67,upi,repeated_failure,2,0.764,0.096,0,2026-06-11 12:42:32
4295,831,408.09,card,authentication_failure,0,0.785,0.664,0,2026-06-17 12:42:32
4296,796,7259.99,wallet,repeated_failure,0,0.816,0.276,0,2026-06-18 12:42:32
4297,773,8074.72,card,customer_abandonment,3,0.689,0.036,0,2026-08-17 12:42:32
4298,413,3374.51,upi,repeated_failure,3,0.83,0.042,0,2026-07-23 12:42:32
4299,677,7008.25,upi,temporary_bank_failure,0,0.675,0.82,1,2026-05-31 12:42:32
4300,234,3205.24,wallet,temporary_bank_failure,0,0.816,0.876,1,2026-07-18 12:42:32
4301,94,8137.12,netbanking,insufficient_balance,3,0.539,0.226,1,2026-06-23 12:42:32
4302,1043,840.1,card,customer_abandonment,3,0.957,0.143,0,2026-07-30 12:42:32
4303,1618,7133.31,upi,temporary_bank_failure,3,0.696,0.588,1,2026-06-17 12:42:32
4304,739,6883.21,card,temporary_bank_failure,3,0.742,0.607,0,2026-08-20 12:42:32
4305,1980,468.5,card,repeated_failure,2,0.666,0.056,0,2026-06-23 12:42:32
4306,1181,5927.22,upi,authentication_failure,2,0.176,0.26,1,2026-08-21 12:42:32
4307,399,9820.8,upi,customer_abandonment,2,0.639,0.096,1,2026-08-11 12:42:32
4308,220,1219.57,wallet,insufficient_balance,2,0.86,0.434,0,2026-07-25 12:42:32
4309,1480,109.55,upi,temporary_bank_failure,2,0.461,0.574,0,2026-07-19 12:42:32
4310,1322,7557.44,wallet,customer_abandonment,2,0.862,0.185,1,2026-08-04 12:42:32
4311,1819,1316.39,netbanking,temporary_bank_failure,2,0.766,0.696,1,2026-06-21 12:42:32
4312,1469,9605.06,wallet,network_timeout,1,0.74,0.716,0,2026-07-12 12:42:32
4313,1559,9755.64,upi,temporary_bank_failure,3,0.467,0.497,1,2026-06-23 12:42:32
4314,1177,6400.71,upi,customer_abandonment,0,0.72,0.288,1,2026-06-12 12:42:32
4315,1369,219.29,card,customer_abandonment,3,0.362,0.02,0,2026-06-19 12:42:32
4316,1786,1061.43,wallet,customer_abandonment,0,0.865,0.346,1,2026-08-17 12:42:32
4317,1734,7933.72,upi,authentication_failure,2,0.735,0.484,0,2026-08-15 12:42:32
4318,35,320.6,wallet,customer_abandonment,3,0.541,0.02,0,2026-07-07 12:42:32
4319,1650,4748.85,upi,customer_abandonment,2,0.795,0.158,0,2026-07-02 12:42:32
4320,539,2172.35,netbanking,network_timeout,1,0.92,0.788,1,2026-08-06 12:42:32
4321,1855,4632.79,wallet,repeated_failure,2,0.719,0.078,1,2026-07-28 12:42:32
4322,453,5264.22,wallet,authentication_failure,3,0.526,0.32,1,2026-08-21 12:42:32
4323,1295,2214.21,card,repeated_failure,1,0.975,0.26,1,2026-07-16 12:42:32
4324,1796,4286.78,card,customer_abandonment,2,0.808,0.163,0,2026-06-01 12:42:32
4325,1728,7186.88,netbanking,repeated_failure,1,0.617,0.117,0,2026-06-04 12:42:32
4326,28,3451.72,netbanking,insufficient_balance,1,0.743,0.467,1,2026-06-27 12:42:32
4327,1407,9652.45,card,authentication_failure,2,0.886,0.544,1,2026-06-20 12:42:32
4328,1206,1843.27,netbanking,network_timeout,2,0.935,0.714,1,2026-08-22 12:42:32
4329,472,8959.58,upi,authentication_failure,1,0.498,0.469,1,2026-06-08 12:42:32
4330,835,6074.7,card,temporary_bank_failure,2,0.674,0.66,1,2026-07-17 12:42:32
4331,300,2783.84,netbanking,authentication_failure,2,0.519,0.398,0,2026-07-09 12:42:32
4332,1351,4329.79,card,network_timeout,2,0.936,0.714,1,2026-06-21 12:42:32
4333,418,2344.64,wallet,temporary_bank_failure,0,0.574,0.78,1,2026-07-02 12:42:32
4334,1807,5881.04,netbanking,customer_abandonment,0,0.626,0.25,0,2026-07-11 12:42:32
4335,228,8674.45,card,insufficient_balance,1,0.886,0.524,0,2026-06-15 12:42:32
4336,1378,3542.0,card,insufficient_balance,0,0.87,0.598,0,2026-08-10 12:42:32
4337,1102,7067.43,upi,network_timeout,0,0.808,0.823,0,2026-07-05 12:42:32
4338,1833,5236.1,netbanking,network_timeout,0,0.808,0.823,1,2026-07-09 12:42:32
4339,1547,9823.68,netbanking,network_timeout,0,0.471,0.688,0,2026-07-10 12:42:32
4340,256,7455.58,card,customer_abandonment,0,0.966,0.386,0,2026-06-16 12:42:32
4341,1294,5680.76,wallet,temporary_bank_failure,3,0.594,0.548,1,2026-08-08 12:42:32
4342,1549,8645.03,card,authentication_failure,1,0.399,0.43,0,2026-07-06 12:42:32
4343,215,7619.31,netbanking,temporary_bank_failure,2,0.673,0.659,1,2026-07-02 12:42:32
4344,410,7089.42,wallet,repeated_failure,3,0.824,0.04,0,2026-08-12 12:42:32
4345,1022,2173.02,card,authentication_failure,1,0.638,0.525,0,2026-08-03 12:42:32
4346,18,7532.8,netbanking,repeated_failure,1,0.86,0.214,0,2026-07-16 12:42:32
4347,776,1528.38,card,temporary_bank_failure,1,0.89,0.826,1,2026-05-28 12:42:32
4348,304,7429.61,wallet,authentication_failure,2,0.782,0.503,0,2026-06-21 12:42:32
4349,1650,5386.17,wallet,insufficient_balance,1,0.795,0.488,1,2026-07-18 12:42:32
4350,1481,8658.63,netbanking,temporary_bank_failure,1,0.852,0.811,0,2026-06-12 12:42:32
4351,1046,1932.95,card,insufficient_balance,1,0.948,0.549,0,2026-07-21 12:42:32
4352,278,5987.72,card,authentication_failure,0,0.661,0.614,1,2026-07-02 12:42:32
4353,1993,2814.66,card,authentication_failure,0,0.803,0.671,0,2026-07-11 12:42:32
4354,1500,9326.65,netbanking,customer_abandonment,1,0.932,0.293,0,2026-06-30 12:42:32
4355,487,7542.36,wallet,authentication_failure,2,0.828,0.521,0,2026-06-09 12:42:32
4356,1260,1954.45,upi,authentication_failure,1,0.451,0.45,1,2026-08-05 12:42:32
4357,1493,4828.2,card,network_timeout,1,0.851,0.76,1,2026-06-12 12:42:32
4358,1355,197.62,upi,customer_abandonment,1,0.78,0.232,0,2026-07-28 12:42:32
4359,1747,9129.47,card,customer_abandonment,0,0.525,0.21,0,2026-07-09 12:42:32
4360,83,9572.01,upi,temporary_bank_failure,0,0.971,0.938,1,2026-06-14 12:42:32
4361,1660,5250.77,wallet,customer_abandonment,3,0.58,0.02,0,2026-06-30 12:42:32
4362,1016,3299.96,netbanking,authentication_failure,3,0.611,0.354,0,2026-08-02 12:42:32
4363,1073,1101.14,wallet,network_timeout,2,0.549,0.56,1,2026-06-19 12:42:32
4364,1469,6679.81,upi,insufficient_balance,0,0.74,0.546,0,2026-07-25 12:42:32
4365,327,6145.36,netbanking,insufficient_balance,2,0.987,0.485,0,2026-07-15 12:42:32
4366,1352,2133.14,wallet,repeated_failure,1,0.82,0.198,0,2026-08-22 12:42:32
4367,1635,3650.5,upi,repeated_failure,0,0.627,0.201,0,2026-07-28 12:42:32
4368,791,426.25,netbanking,customer_abandonment,2,0.751,0.14,0,2026-08-03 12:42:32
4369,8,2403.51,wallet,network_timeout,0,0.64,0.756,0,2026-07-20 12:42:32
4370,161,321.0,card,repeated_failure,1,0.809,0.194,0,2026-08-10 12:42:32
4371,872,3388.87,card,authentication_failure,3,0.823,0.439,0,2026-07-04 12:42:32
4372,737,8311.98,upi,network_timeout,2,0.849,0.68,1,2026-08-19 12:42:32
4373,1706,6846.31,wallet,insufficient_balance,0,0.679,0.522,0,2026-05-31 12:42:32
4374,1184,2889.7,card,customer_abandonment,2,0.899,0.2,0,2026-08-23 12:42:32
4375,280,3505.43,upi,customer_abandonment,2,0.872,0.189,0,2026-08-06 12:42:32
4376,1321,9983.71,upi,insufficient_balance,1,0.489,0.366,0,2026-08-01 12:42:32
4377,553,4226.19,netbanking,temporary_bank_failure,1,0.726,0.76,1,2026-06-13 12:42:32
4378,691,2192.99,upi,customer_abandonment,2,0.932,0.213,0,2026-07-18 12:42:32
4379,198,5851.74,netbanking,repeated_failure,2,0.668,0.057,0,2026-07-26 12:42:32
4380,1858,4804.66,card,authentication_failure,2,0.778,0.501,0,2026-08-16 12:42:32
4381,1262,8397.11,card,customer_abandonment,0,0.488,0.195,0,2026-06-20 12:42:32
4382,1786,8494.83,card,customer_abandonment,3,0.865,0.106,0,2026-07-28 12:42:32
4383,584,9487.71,card,insufficient_balance,0,0.944,0.628,1,2026-06-02 12:42:32
4384,129,7359.43,upi,authentication_failure,3,0.638,0.365,1,2026-07-20 12:42:32
4385,163,5763.78,wallet,authentication_failure,1,0.676,0.54,0,2026-06-19 12:42:32
4386,806,292.38,card,temporary_bank_failure,3,0.789,0.626,1,2026-07-03 12:42:32
4387,1901,813.91,card,customer_abandonment,1,0.939,0.296,1,2026-08-20 12:42:32
4388,788,8631.52,upi,customer_abandonment,2,0.476,0.03,0,2026-07-26 12:42:32
4389,1540,4885.17,netbanking,customer_abandonment,1,0.833,0.253,0,2026-07-26 12:42:32
4390,1200,7154.39,netbanking,authentication_failure,3,0.801,0.43,1,2026-07-29 12:42:32
4391,250,7042.66,upi,temporary_bank_failure,1,0.746,0.768,0,2026-08-12 12:42:32
4392,1611,995.81,wallet,insufficient_balance,2,0.615,0.336,1,2026-06-21 12:42:32
4393,1139,8332.21,upi,authentication_failure,3,0.663,0.375,0,2026-06-09 12:42:32
4394,1755,5122.51,card,authentication_failure,0,0.465,0.536,0,2026-07-18 12:42:32
4395,317,5026.44,upi,customer_abandonment,0,0.802,0.321,1,2026-08-22 12:42:32
4396,201,2207.95,netbanking,customer_abandonment,3,0.84,0.096,0,2026-06-26 12:42:32
4397,1993,9652.16,wallet,authentication_failure,1,0.803,0.591,1,2026-08-21 12:42:32
4398,731,546.41,upi,network_timeout,3,0.736,0.554,1,2026-06-07 12:42:32
4399,785,964.75,wallet,temporary_bank_failure,2,0.666,0.656,0,2026-08-04 12:42:32
4400,837,622.47,upi,network_timeout,0,0.476,0.69,0,2026-06-11 12:42:32
4401,1938,7286.06,netbanking,repeated_failure,3,0.855,0.052,0,2026-07-21 12:42:32
4402,1192,9255.21,card,authentication_failure,0,0.788,0.665,1,2026-07-26 12:42:32
4403,1272,6995.34,card,customer_abandonment,1,0.745,0.218,0,2026-08-22 12:42:32
4404,1929,3730.07,netbanking,insufficient_balance,0,0.742,0.547,1,2026-07-15 12:42:32
4405,1923,6043.51,card,network_timeout,0,0.605,0.742,1,2026-07-01 12:42:32
4406,1787,8643.78,wallet,network_timeout,0,0.681,0.772,0,2026-07-03 12:42:32
4407,1701,6282.96,netbanking,insufficient_balance,2,0.934,0.464,0,2026-06-17 12:42:32
4408,883,8003.68,netbanking,temporary_bank_failure,3,0.548,0.529,1,2026-06-29 12:42:32
4409,1109,1195.0,wallet,authentication_failure,0,0.643,0.607,1,2026-06-04 12:42:32
4410,156,7289.41,netbanking,temporary_bank_failure,2,0.712,0.675,1,2026-08-17 12:42:32
4411,408,8479.77,wallet,network_timeout,2,0.728,0.631,1,2026-06-29 12:42:32
4412,39,5649.92,netbanking,temporary_bank_failure,3,0.548,0.529,0,2026-06-01 12:42:32
4413,1906,2483.37,card,insufficient_balance,0,0.703,0.531,1,2026-07-30 12:42:32
4414,1916,3073.08,wallet,temporary_bank_failure,0,0.95,0.93,1,2026-07-25 12:42:32
4415,664,6212.62,upi,authentication_failure,3,0.592,0.347,1,2026-06-06 12:42:32
4416,1151,3071.67,netbanking,customer_abandonment,1,0.411,0.084,1,2026-06-09 12:42:32
4417,1874,9801.41,card,authentication_failure,2,0.756,0.492,1,2026-08-11 12:42:32
4418,1471,7719.1,wallet,customer_abandonment,3,0.747,0.059,0,2026-08-10 12:42:32
4419,926,5669.55,upi,temporary_bank_failure,3,0.528,0.521,1,2026-07-06 12:42:32
4420,1980,7937.39,card,insufficient_balance,1,0.666,0.436,1,2026-08-14 12:42:32
4421,12,6131.46,wallet,temporary_bank_failure,0,0.953,0.931,1,2026-08-22 12:42:32
4422,946,8729.19,wallet,authentication_failure,3,0.721,0.398,0,2026-06-19 12:42:32
4423,59,8686.11,netbanking,insufficient_balance,2,0.958,0.473,1,2026-07-31 12:42:32
4424,1924,4947.59,upi,insufficient_balance,1,0.824,0.5,1,2026-06-30 12:42:32
4425,407,9161.73,card,customer_abandonment,1,0.766,0.226,0,2026-07-08 12:42:32
4426,461,3616.64,netbanking,network_timeout,2,0.877,0.691,0,2026-06-25 12:42:32
4427,707,7611.01,card,authentication_failure,0,0.825,0.68,1,2026-06-18 12:42:32
4428,993,8303.75,card,repeated_failure,2,0.463,0.02,1,2026-05-28 12:42:32
4429,1920,7340.11,wallet,insufficient_balance,1,0.791,0.486,0,2026-08-07 12:42:32
4430,686,9673.75,wallet,temporary_bank_failure,0,0.569,0.778,1,2026-07-21 12:42:32
4431,1166,6013.18,wallet,repeated_failure,2,0.883,0.143,0,2026-07-01 12:42:32
4432,293,3974.01,upi,customer_abandonment,0,0.746,0.298,1,2026-07-21 12:42:32
4433,869,915.57,netbanking,authentication_failure,1,0.506,0.472,0,2026-08-09 12:42:32
4434,388,961.94,netbanking,repeated_failure,3,0.841,0.046,0,2026-08-07 12:42:32
4435,1537,3482.57,netbanking,network_timeout,0,0.671,0.768,1,2026-07-14 12:42:32
4436,1098,9067.82,card,insufficient_balance,3,0.563,0.235,0,2026-08-10 12:42:32
4437,1353,7107.81,netbanking,temporary_bank_failure,2,0.799,0.71,1,2026-07-29 12:42:32
4438,1428,2410.26,netbanking,temporary_bank_failure,0,0.624,0.8,1,2026-06-19 12:42:32
4439,1687,2860.12,wallet,customer_abandonment,1,0.727,0.211,0,2026-08-01 12:42:32
4440,225,3486.92,upi,temporary_bank_failure,2,0.486,0.584,0,2026-06-08 12:42:32
4441,573,9304.01,wallet,temporary_bank_failure,1,0.756,0.772,0,2026-08-10 12:42:32
4442,508,2665.99,netbanking,customer_abandonment,0,0.651,0.26,0,2026-08-23 12:42:32
4443,1650,8622.33,upi,temporary_bank_failure,1,0.795,0.788,1,2026-08-15 12:42:32
4444,1578,7769.75,wallet,customer_abandonment,3,0.868,0.107,0,2026-07-13 12:42:32
4445,808,4572.95,card,network_timeout,2,0.786,0.654,0,2026-07-10 12:42:32
4446,665,564.84,card,repeated_failure,1,0.701,0.15,0,2026-06-15 12:42:32
4447,87,7260.43,wallet,authentication_failure,0,0.631,0.602,1,2026-06-20 12:42:32
4448,1367,6834.34,card,customer_abandonment,0,0.78,0.312,0,2026-08-21 12:42:32
4449,648,7104.77,wallet,network_timeout,1,0.889,0.776,0,2026-08-07 12:42:32
4450,1741,6231.76,wallet,authentication_failure,0,0.859,0.694,1,2026-06-19 12:42:32
4451,127,6609.79,netbanking,customer_abandonment,3,0.78,0.072,0,2026-06-15 12:42:32
4452,846,9031.08,upi,customer_abandonment,2,0.877,0.191,0,2026-08-06 12:42:32
4453,1513,4465.66,upi,network_timeout,2,0.933,0.713,1,2026-06-23 12:42:32
4454,937,7535.54,card,repeated_failure,0,0.736,0.244,0,2026-06-24 12:42:32
4455,1537,9256.75,card,temporary_bank_failure,0,0.671,0.818,1,2026-07-04 12:42:32
4456,1079,7836.34,upi,authentication_failure,0,0.789,0.666,1,2026-08-19 12:42:32
4457,1100,6946.43,upi,insufficient_balance,3,0.652,0.271,0,2026-05-28 12:42:32
4458,1804,9857.19,card,repeated_failure,2,0.866,0.136,0,2026-08-05 12:42:32
4459,1293,9840.89,card,customer_abandonment,1,0.494,0.118,0,2026-07-24 12:42:32
4460,1926,5332.08,netbanking,temporary_bank_failure,1,0.453,0.651,0,2026-07-22 12:42:32
4461,1009,5625.61,wallet,authentication_failure,0,0.691,0.626,1,2026-08-03 12:42:32
4462,1763,8090.08,upi,insufficient_balance,0,0.949,0.63,1,2026-08-07 12:42:32
4463,542,9047.11,wallet,temporary_bank_failure,3,0.671,0.578,1,2026-07-07 12:42:32
4464,962,6262.04,wallet,repeated_failure,2,0.762,0.095,0,2026-06-24 12:42:32
4465,1181,8879.42,wallet,network_timeout,3,0.176,0.33,0,2026-08-05 12:42:32
4466,1186,157.48,wallet,insufficient_balance,0,0.812,0.575,1,2026-06-11 12:42:32
4467,940,3393.84,netbanking,network_timeout,0,0.72,0.788,1,2026-07-05 12:42:32
4468,1611,7290.5,upi,network_timeout,3,0.615,0.506,0,2026-07-21 12:42:32
4469,130,7974.25,upi,temporary_bank_failure,0,0.467,0.737,0,2026-05-31 12:42:32
4470,1632,9892.58,netbanking,authentication_failure,3,0.75,0.41,0,2026-08-06 12:42:32
4471,1609,609.61,netbanking,repeated_failure,1,0.726,0.16,0,2026-06-04 12:42:32
4472,1031,6961.8,wallet,authentication_failure,3,0.555,0.332,0,2026-06-04 12:42:32
4473,1897,8300.43,card,repeated_failure,3,0.548,0.02,0,2026-08-02 12:42:32
4474,1509,4262.25,netbanking,customer_abandonment,2,0.455,0.022,0,2026-07-04 12:42:32
4475,576,1199.47,upi,network_timeout,2,0.914,0.706,1,2026-07-09 12:42:32
4476,1928,8971.22,wallet,temporary_bank_failure,2,0.858,0.733,1,2026-07-23 12:42:32
4477,446,6550.77,card,customer_abandonment,3,0.661,0.024,0,2026-07-16 12:42:32
4478,1949,9906.1,wallet,repeated_failure,1,0.808,0.193,0,2026-05-30 12:42:32
4479,1485,2666.01,wallet,temporary_bank_failure,3,0.591,0.546,0,2026-06-17 12:42:32
4480,1740,4739.55,netbanking,customer_abandonment,1,0.674,0.19,0,2026-08-09 12:42:32
4481,625,9923.87,netbanking,repeated_failure,0,0.717,0.237,0,2026-08-14 12:42:32
4482,1056,5330.53,wallet,authentication_failure,0,0.905,0.712,1,2026-06-14 12:42:32
4483,1835,1948.35,netbanking,authentication_failure,0,0.951,0.73,0,2026-07-09 12:42:32
4484,1482,6636.7,wallet,temporary_bank_failure,0,0.724,0.84,1,2026-06-11 12:42:32
4485,1170,112.22,netbanking,network_timeout,0,0.892,0.857,1,2026-06-18 12:42:32
4486,1511,4512.91,netbanking,insufficient_balance,1,0.558,0.393,0,2026-07-01 12:42:32
4487,914,2494.77,card,network_timeout,3,0.564,0.486,0,2026-06-02 12:42:32
4488,1911,8196.68,netbanking,customer_abandonment,2,0.889,0.196,0,2026-08-09 12:42:32
4489,267,1347.46,wallet,temporary_bank_failure,0,0.984,0.944,1,2026-07-20 12:42:32
4490,382,4660.98,card,customer_abandonment,2,0.977,0.231,0,2026-06-06 12:42:32
4491,1915,992.27,upi,authentication_failure,2,0.553,0.411,0,2026-05-29 12:42:32
4492,1340,8870.43,card,authentication_failure,2,0.882,0.543,0,2026-08-11 12:42:32
4493,207,3409.95,netbanking,repeated_failure,0,0.67,0.218,1,2026-07-28 12:42:32
4494,1214,1171.05,card,network_timeout,0,0.734,0.794,1,2026-07-10 12:42:32
4495,1390,100.48,wallet,customer_abandonment,3,0.583,0.02,0,2026-08-20 12:42:32
4496,1814,5657.55,wallet,temporary_bank_failure,0,0.89,0.906,1,2026-07-08 12:42:32
4497,1384,2860.15,upi,repeated_failure,1,0.475,0.06,0,2026-05-28 12:42:32
4498,1806,5517.11,card,customer_abandonment,1,0.906,0.282,0,2026-08-03 12:42:32
4499,1346,8907.13,netbanking,customer_abandonment,1,0.742,0.217,0,2026-06-30 12:42:32
4500,1746,2503.05,wallet,temporary_bank_failure,2,0.621,0.638,1,2026-08-07 12:42:32
4501,1008,1067.69,card,insufficient_balance,1,0.766,0.476,1,2026-08-15 12:42:32
4502,323,1991.95,netbanking,network_timeout,2,0.572,0.569,1,2026-08-12 12:42:32
4503,1004,5184.64,netbanking,temporary_bank_failure,2,0.546,0.608,0,2026-05-30 12:42:32
4504,1015,6663.66,netbanking,temporary_bank_failure,3,0.856,0.652,0,2026-07-18 12:42:32
4505,1172,8401.52,netbanking,network_timeout,3,0.822,0.589,0,2026-07-15 12:42:32
4506,1653,3809.85,netbanking,network_timeout,1,0.485,0.614,0,2026-07-31 12:42:32
4507,453,8366.63,wallet,temporary_bank_failure,0,0.526,0.76,1,2026-06-24 12:42:32
4508,1459,5707.18,wallet,network_timeout,2,0.432,0.513,1,2026-06-30 12:42:32
4509,1155,471.11,wallet,customer_abandonment,0,0.828,0.331,0,2026-06-07 12:42:32
4510,880,9604.58,card,insufficient_balance,0,0.608,0.493,0,2026-05-29 12:42:32
4511,1159,5790.28,upi,temporary_bank_failure,2,0.614,0.636,1,2026-06-09 12:42:32
4512,1342,5335.07,netbanking,temporary_bank_failure,0,0.796,0.868,1,2026-07-13 12:42:32
4513,1952,8488.43,upi,network_timeout,2,0.804,0.662,0,2026-07-27 12:42:32
4514,1937,5265.72,upi,repeated_failure,2,0.829,0.122,0,2026-08-13 12:42:32
4515,944,6390.46,card,insufficient_balance,2,0.634,0.344,0,2026-06-30 12:42:32
4516,1068,1709.6,upi,network_timeout,3,0.848,0.599,0,2026-08-25 12:42:32
4517,954,2412.35,wallet,network_timeout,1,0.72,0.708,1,2026-06-16 12:42:32
4518,892,4641.37,upi,repeated_failure,1,0.735,0.164,0,2026-06-18 12:42:32
4519,1581,4704.58,upi,repeated_failure,2,0.912,0.155,0,2026-07-29 12:42:32
4520,1013,2821.36,upi,insufficient_balance,2,0.577,0.321,0,2026-07-05 12:42:32
4521,1275,3108.84,netbanking,repeated_failure,1,0.83,0.202,0,2026-08-24 12:42:32
4522,1809,717.02,upi,authentication_failure,3,0.665,0.376,0,2026-06-09 12:42:32
4523,1871,3445.13,upi,authentication_failure,3,0.936,0.484,1,2026-07-06 12:42:32
4524,842,3569.83,upi,temporary_bank_failure,0,0.843,0.887,1,2026-06-12 12:42:32
4525,1933,4967.22,netbanking,temporary_bank_failure,0,0.648,0.809,0,2026-05-31 12:42:32
4526,970,2766.49,upi,temporary_bank_failure,2,0.924,0.76,1,2026-08-16 12:42:32
4527,1721,7216.51,netbanking,customer_abandonment,3,0.854,0.102,0,2026-06-01 12:42:32
4528,157,7246.02,netbanking,authentication_failure,2,0.816,0.516,1,2026-07-27 12:42:32
4529,491,6140.52,wallet,authentication_failure,0,0.89,0.706,1,2026-06-11 12:42:32
4530,8,4545.54,wallet,network_timeout,2,0.64,0.596,0,2026-08-09 12:42:32
4531,1282,9629.47,upi,insufficient_balance,1,0.615,0.416,0,2026-06-15 12:42:32
4532,110,2118.45,card,repeated_failure,2,0.726,0.08,0,2026-07-30 12:42:32
4533,649,9626.39,card,network_timeout,3,0.736,0.554,1,2026-08-03 12:42:32
4534,1914,4227.73,upi,repeated_failure,2,0.738,0.085,0,2026-07-07 12:42:32
4535,816,4159.62,upi,authentication_failure,2,0.666,0.456,0,2026-07-17 12:42:32
4536,1917,8318.42,netbanking,insufficient_balance,2,0.858,0.433,0,2026-06-30 12:42:32
4537,1922,7775.76,card,repeated_failure,3,0.774,0.02,0,2026-06-10 12:42:32
4538,631,4162.75,card,customer_abandonment,3,0.642,0.02,0,2026-07-27 12:42:32
4539,1308,2932.08,netbanking,customer_abandonment,1,0.793,0.237,0,2026-07-23 12:42:32
4540,1639,1255.99,wallet,temporary_bank_failure,1,0.439,0.646,1,2026-07-30 12:42:32
4541,1491,4151.35,upi,customer_abandonment,3,0.498,0.02,0,2026-08-23 12:42:32
4542,1672,139.84,card,repeated_failure,1,0.749,0.17,1,2026-08-14 12:42:32
4543,1730,570.19,wallet,insufficient_balance,0,0.797,0.569,1,2026-07-05 12:42:32
4544,1853,3529.85,netbanking,insufficient_balance,0,0.535,0.464,0,2026-08-05 12:42:32
4545,745,7957.35,upi,customer_abandonment,0,0.709,0.284,1,2026-08-02 12:42:32
4546,13,3954.31,netbanking,authentication_failure,0,0.788,0.665,1,2026-08-23 12:42:32
4547,439,4479.41,card,network_timeout,2,0.747,0.639,1,2026-07-20 12:42:32
4548,956,8374.85,wallet,customer_abandonment,1,0.837,0.255,1,2026-06-26 12:42:32
4549,1811,9544.8,netbanking,network_timeout,3,0.868,0.607,1,2026-07-20 12:42:32
4550,1296,1464.22,card,network_timeout,2,0.946,0.718,1,2026-07-21 12:42:32
4551,1977,629.19,card,temporary_bank_failure,2,0.635,0.644,0,2026-07-31 12:42:32
4552,293,7447.57,wallet,customer_abandonment,3,0.746,0.058,0,2026-08-01 12:42:32
4553,431,236.77,netbanking,repeated_failure,3,0.406,0.02,0,2026-07-07 12:42:32
4554,344,1912.92,netbanking,authentication_failure,1,0.353,0.411,0,2026-08-05 12:42:32
4555,143,9128.49,card,network_timeout,3,0.724,0.55,1,2026-06-05 12:42:32
4556,1418,5581.36,card,insufficient_balance,0,0.871,0.598,0,2026-06-10 12:42:32
4557,52,6410.54,netbanking,network_timeout,0,0.841,0.836,1,2026-06-20 12:42:32
4558,1597,6183.73,card,temporary_bank_failure,0,0.72,0.838,1,2026-08-21 12:42:32
4559,357,3908.24,upi,network_timeout,3,0.568,0.487,1,2026-06-18 12:42:32
4560,63,9824.0,netbanking,network_timeout,0,0.843,0.837,1,2026-07-31 12:42:32
4561,1233,7530.57,card,temporary_bank_failure,0,0.549,0.77,1,2026-06-05 12:42:32
4562,1677,8846.85,netbanking,customer_abandonment,1,0.791,0.236,0,2026-07-11 12:42:32
4563,77,3046.35,card,temporary_bank_failure,0,0.221,0.638,1,2026-08-14 12:42:32
4564,1624,7324.95,upi,customer_abandonment,1,0.514,0.126,0,2026-06-29 12:42:32
4565,384,8151.22,netbanking,customer_abandonment,3,0.778,0.071,0,2026-07-31 12:42:32
4566,1834,1235.17,upi,customer_abandonment,3,0.578,0.02,0,2026-06-22 12:42:32
4567,1849,7398.47,upi,authentication_failure,2,0.87,0.538,0,2026-07-01 12:42:32
4568,1554,9690.04,card,temporary_bank_failure,1,0.896,0.828,1,2026-06-20 12:42:32
4569,1791,3875.74,wallet,repeated_failure,2,0.714,0.076,0,2026-06-28 12:42:32
4570,410,4639.73,wallet,temporary_bank_failure,2,0.824,0.72,1,2026-08-21 12:42:32
4571,1908,6260.98,card,customer_abandonment,2,0.846,0.178,0,2026-06-29 12:42:32
4572,757,6559.34,upi,customer_abandonment,2,0.813,0.165,0,2026-07-27 12:42:32
4573,831,7197.92,wallet,temporary_bank_failure,3,0.785,0.624,1,2026-08-20 12:42:32
4574,1061,5072.16,netbanking,customer_abandonment,0,0.338,0.135,0,2026-07-19 12:42:32
4575,627,4300.19,netbanking,temporary_bank_failure,1,0.752,0.771,1,2026-07-19 12:42:32
4576,1013,9003.66,wallet,insufficient_balance,0,0.577,0.481,0,2026-08-02 12:42:32
4577,1050,2904.89,upi,customer_abandonment,1,0.746,0.218,0,2026-06-01 12:42:32
4578,1212,4457.15,netbanking,temporary_bank_failure,1,0.929,0.842,1,2026-06-02 12:42:32
4579,592,1020.44,card,temporary_bank_failure,0,0.866,0.896,0,2026-07-08 12:42:32
4580,1450,1400.91,upi,repeated_failure,2,0.674,0.06,0,2026-06-13 12:42:32
4581,225,9600.44,upi,temporary_bank_failure,0,0.486,0.744,0,2026-08-01 12:42:32
4582,438,4892.13,netbanking,authentication_failure,0,0.641,0.606,1,2026-07-15 12:42:32
4583,1200,2419.57,card,customer_abandonment,1,0.801,0.24,0,2026-08-02 12:42:32
4584,189,8152.85,upi,network_timeout,0,0.779,0.812,0,2026-07-10 12:42:32
4585,820,9687.27,netbanking,temporary_bank_failure,2,0.95,0.77,0,2026-06-01 12:42:32
4586,170,6103.99,netbanking,insufficient_balance,3,0.818,0.337,1,2026-06-24 12:42:32
4587,1137,4967.61,upi,customer_abandonment,2,0.833,0.173,0,2026-06-04 12:42:32
4588,1761,191.61,card,customer_abandonment,2,0.819,0.168,1,2026-07-14 12:42:32
4589,1606,8168.34,wallet,authentication_failure,2,0.542,0.407,1,2026-06-02 12:42:32
4590,1375,6536.71,card,repeated_failure,0,0.695,0.228,0,2026-06-21 12:42:32
4591,377,5107.36,card,temporary_bank_failure,1,0.972,0.859,1,2026-08-08 12:42:32
4592,235,9936.29,netbanking,repeated_failure,0,0.616,0.196,0,2026-08-13 12:42:32
4593,1696,9402.43,netbanking,authentication_failure,0,0.747,0.649,0,2026-07-27 12:42:32
4594,221,6133.02,card,temporary_bank_failure,1,0.743,0.767,0,2026-07-26 12:42:32
4595,1123,3246.53,upi,insufficient_balance,1,0.385,0.324,1,2026-07-13 12:42:32
4596,1528,9961.54,card,temporary_bank_failure,3,0.296,0.428,1,2026-06-17 12:42:32
4597,938,6175.41,wallet,temporary_bank_failure,0,0.746,0.848,1,2026-07-05 12:42:32
4598,1891,2805.84,netbanking,repeated_failure,0,0.559,0.174,0,2026-07-22 12:42:32
4599,99,4257.56,upi,network_timeout,1,0.814,0.746,0,2026-07-10 12:42:32
4600,1582,2822.1,upi,network_timeout,3,0.417,0.427,1,2026-06-14 12:42:32
4601,552,8229.81,card,network_timeout,2,0.403,0.501,0,2026-08-21 12:42:32
4602,1192,6669.42,card,insufficient_balance,2,0.788,0.405,1,2026-06-08 12:42:32
4603,895,7638.92,card,customer_abandonment,0,0.86,0.344,0,2026-05-31 12:42:32
4604,1905,4881.97,card,authentication_failure,1,0.655,0.532,1,2026-06-04 12:42:32
4605,351,6835.49,card,temporary_bank_failure,2,0.777,0.701,1,2026-05-30 12:42:32
4606,639,6533.24,netbanking,insufficient_balance,3,0.799,0.33,0,2026-07-11 12:42:32
4607,246,6783.01,wallet,authentication_failure,1,0.757,0.573,0,2026-08-08 12:42:32
4608,204,7090.63,wallet,customer_abandonment,2,0.771,0.148,0,2026-06-29 12:42:32
4609,172,1184.41,netbanking,insufficient_balance,2,0.384,0.244,0,2026-08-10 12:42:32
4610,320,9415.55,netbanking,customer_abandonment,2,0.829,0.172,0,2026-08-14 12:42:32
4611,402,4538.53,upi,authentication_failure,1,0.581,0.502,1,2026-06-06 12:42:32
4612,1587,3020.57,wallet,authentication_failure,1,0.893,0.627,0,2026-06-08 12:42:32
4613,220,4618.89,netbanking,authentication_failure,0,0.86,0.694,1,2026-05-31 12:42:32
4614,1569,822.53,card,authentication_failure,0,0.681,0.622,1,2026-08-21 12:42:32
4615,382,1863.87,wallet,network_timeout,1,0.977,0.811,1,2026-07-31 12:42:32
4616,594,7390.75,netbanking,customer_abandonment,3,0.654,0.022,0,2026-06-20 12:42:32
4617,1277,6385.97,netbanking,repeated_failure,3,0.932,0.083,0,2026-07-18 12:42:32
4618,342,8256.73,netbanking,temporary_bank_failure,0,0.861,0.894,1,2026-07-29 12:42:32
4619,1407,1291.93,wallet,network_timeout,2,0.886,0.694,1,2026-06-15 12:42:32
4620,25,8159.19,card,repeated_failure,1,0.409,0.034,0,2026-08-21 12:42:32
4621,445,2880.78,wallet,repeated_failure,3,0.88,0.062,0,2026-07-21 12:42:32
4622,1198,1253.42,netbanking,customer_abandonment,1,0.927,0.291,0,2026-06-17 12:42:32
4623,1108,2967.5,wallet,repeated_failure,0,0.931,0.322,1,2026-05-30 12:42:32
4624,252,6657.92,netbanking,authentication_failure,0,0.931,0.722,1,2026-06-20 12:42:32
4625,1250,8195.74,netbanking,customer_abandonment,2,0.572,0.069,0,2026-08-10 12:42:32
4626,1837,3320.23,wallet,insufficient_balance,0,0.786,0.564,1,2026-06-09 12:42:32
4627,1144,4152.93,netbanking,insufficient_balance,1,0.702,0.451,1,2026-07-04 12:42:32
4628,1594,5559.52,netbanking,network_timeout,0,0.744,0.798,1,2026-08-02 12:42:32
4629,1912,1187.67,upi,temporary_bank_failure,1,0.833,0.803,1,2026-07-28 12:42:32
4630,584,9967.61,upi,network_timeout,3,0.944,0.638,0,2026-07-21 12:42:32
4631,1101,9985.4,card,temporary_bank_failure,1,0.738,0.765,1,2026-08-01 12:42:32
4632,546,7700.94,netbanking,network_timeout,1,0.688,0.695,1,2026-08-25 12:42:32
4633,1340,8761.63,card,authentication_failure,1,0.882,0.623,1,2026-07-09 12:42:32
4634,1756,4044.86,netbanking,network_timeout,0,0.579,0.732,1,2026-06-07 12:42:32
4635,864,5095.69,netbanking,repeated_failure,0,0.771,0.258,1,2026-06-11 12:42:32
4636,1241,479.08,netbanking,temporary_bank_failure,1,0.596,0.708,0,2026-06-22 12:42:32
4637,1288,706.3,wallet,network_timeout,1,0.64,0.676,0,2026-07-09 12:42:32
4638,231,1273.56,upi,customer_abandonment,0,0.612,0.245,0,2026-06-10 12:42:32
4639,1893,7221.62,netbanking,temporary_bank_failure,0,0.668,0.817,1,2026-08-13 12:42:32
4640,810,9406.09,card,customer_abandonment,0,0.553,0.221,0,2026-07-03 12:42:32
4641,1224,2387.44,netbanking,network_timeout,2,0.532,0.553,1,2026-07-26 12:42:32
4642,1776,4623.3,upi,customer_abandonment,0,0.941,0.376,1,2026-08-23 12:42:32
4643,1404,5768.05,upi,authentication_failure,3,0.753,0.411,1,2026-08-08 12:42:32
4644,34,7723.89,netbanking,repeated_failure,2,0.645,0.048,0,2026-06-20 12:42:32
4645,721,5683.02,netbanking,repeated_failure,1,0.831,0.202,0,2026-06-04 12:42:32
4646,1004,6703.98,card,customer_abandonment,0,0.546,0.218,0,2026-06-30 12:42:32
4647,1128,8573.55,card,authentication_failure,3,0.786,0.424,0,2026-08-02 12:42:32
4648,424,1682.7,card,authentication_failure,0,0.601,0.59,1,2026-06-29 12:42:32
4649,1537,1244.36,netbanking,authentication_failure,2,0.671,0.458,0,2026-08-10 12:42:32
4650,1790,4166.16,wallet,insufficient_balance,2,0.715,0.376,0,2026-06-23 12:42:32
4651,1633,3680.61,netbanking,temporary_bank_failure,1,0.682,0.743,0,2026-06-28 12:42:32
4652,560,3728.85,upi,repeated_failure,3,0.469,0.02,0,2026-06-23 12:42:32
4653,1718,5742.1,upi,authentication_failure,1,0.88,0.622,1,2026-08-11 12:42:32
4654,1265,2232.23,wallet,insufficient_balance,0,0.815,0.576,1,2026-05-31 12:42:32
4655,477,5479.95,netbanking,repeated_failure,0,0.905,0.312,1,2026-07-25 12:42:32
4656,910,3183.5,upi,insufficient_balance,0,0.869,0.598,1,2026-07-25 12:42:32
4657,1902,1643.76,netbanking,authentication_failure,2,0.639,0.446,0,2026-06-19 12:42:32
4658,845,6534.45,wallet,customer_abandonment,3,0.995,0.158,0,2026-07-12 12:42:32
4659,887,6748.13,card,insufficient_balance,0,0.937,0.625,0,2026-08-09 12:42:32
4660,876,778.6,netbanking,insufficient_balance,2,0.675,0.36,0,2026-06-14 12:42:32
4661,1148,3358.24,upi,network_timeout,2,0.981,0.732,0,2026-08-06 12:42:32
4662,773,5125.84,wallet,network_timeout,1,0.689,0.696,0,2026-06-08 12:42:32
4663,1532,5321.04,wallet,temporary_bank_failure,2,0.502,0.591,0,2026-06-05 12:42:32
4664,1777,6854.23,upi,temporary_bank_failure,3,0.753,0.611,1,2026-07-25 12:42:32
4665,175,4409.2,netbanking,insufficient_balance,3,0.494,0.208,0,2026-08-12 12:42:32
4666,1061,5039.82,wallet,authentication_failure,1,0.338,0.405,0,2026-08-11 12:42:32
4667,541,7634.1,upi,network_timeout,2,0.641,0.596,1,2026-08-16 12:42:32
4668,644,1397.18,upi,repeated_failure,1,0.317,0.02,0,2026-06-07 12:42:32
4669,1608,3309.82,wallet,network_timeout,0,0.697,0.779,0,2026-06-04 12:42:32
4670,1458,4199.21,card,temporary_bank_failure,3,0.513,0.515,1,2026-06-15 12:42:32
4671,643,189.72,card,temporary_bank_failure,3,0.97,0.698,1,2026-07-25 12:42:32
4672,715,4572.51,upi,network_timeout,3,0.609,0.504,0,2026-07-06 12:42:32
4673,1895,5081.62,card,customer_abandonment,0,0.863,0.345,0,2026-06-07 12:42:32
4674,1612,1718.91,wallet,customer_abandonment,2,0.604,0.082,0,2026-07-20 12:42:32
4675,717,4490.85,card,authentication_failure,0,0.721,0.638,1,2026-07-08 12:42:32
4676,1099,1678.47,upi,authentication_failure,0,0.443,0.527,0,2026-06-23 12:42:32
4677,127,5402.74,card,temporary_bank_failure,0,0.78,0.862,1,2026-07-02 12:42:32
4678,1782,782.21,netbanking,temporary_bank_failure,0,0.658,0.813,1,2026-08-10 12:42:32
4679,400,1024.74,upi,customer_abandonment,0,0.769,0.308,1,2026-07-16 12:42:32
4680,1717,1706.97,upi,network_timeout,0,0.809,0.824,0,2026-06-07 12:42:32
4681,945,8208.67,upi,insufficient_balance,1,0.407,0.333,0,2026-08-15 12:42:32
4682,424,776.79,wallet,repeated_failure,2,0.601,0.03,0,2026-08-06 12:42:32
4683,1890,3522.46,wallet,repeated_failure,3,0.759,0.02,0,2026-06-04 12:42:32
4684,1098,2420.57,card,customer_abandonment,3,0.563,0.02,0,2026-08-15 12:42:32
4685,943,1943.59,upi,insufficient_balance,2,0.396,0.248,0,2026-07-21 12:42:32
4686,1628,3674.66,wallet,authentication_failure,2,0.958,0.573,1,2026-07-08 12:42:32
4687,190,6792.42,wallet,customer_abandonment,3,0.6,0.02,0,2026-06-26 12:42:32
4688,1706,3201.48,card,temporary_bank_failure,2,0.679,0.662,0,2026-05-29 12:42:32
4689,274,5196.65,upi,insufficient_balance,2,0.559,0.314,0,2026-06-09 12:42:32
4690,1054,1240.64,netbanking,repeated_failure,0,0.949,0.33,0,2026-07-04 12:42:32
4691,584,2487.26,upi,repeated_failure,3,0.944,0.088,0,2026-05-28 12:42:32
4692,254,132.49,wallet,authentication_failure,2,0.773,0.499,1,2026-07-20 12:42:32
4693,979,5717.34,netbanking,temporary_bank_failure,0,0.191,0.626,0,2026-07-29 12:42:32
4694,1681,3600.18,upi,temporary_bank_failure,3,0.55,0.53,1,2026-06-11 12:42:32
4695,158,3099.29,upi,customer_abandonment,3,0.545,0.02,0,2026-08-20 12:42:32
4696,614,2338.53,wallet,temporary_bank_failure,0,0.422,0.719,1,2026-07-07 12:42:32
4697,1852,6187.95,netbanking,customer_abandonment,1,0.515,0.126,0,2026-07-26 12:42:32
4698,239,1775.72,wallet,network_timeout,0,0.93,0.872,1,2026-06-26 12:42:32
4699,1530,5599.57,wallet,insufficient_balance,3,0.934,0.384,0,2026-07-22 12:42:32
4700,1607,8825.77,netbanking,insufficient_balance,2,0.889,0.446,0,2026-08-11 12:42:32
4701,1773,3305.8,upi,network_timeout,3,0.558,0.483,1,2026-06-30 12:42:32
4702,802,6375.45,wallet,temporary_bank_failure,0,0.406,0.712,1,2026-07-14 12:42:32
4703,850,9617.11,card,insufficient_balance,3,0.759,0.314,0,2026-08-25 12:42:32
4704,711,2564.22,netbanking,network_timeout,2,0.862,0.685,1,2026-07-19 12:42:32
4705,395,3274.97,card,authentication_failure,1,0.805,0.592,1,2026-06-28 12:42:32
4706,1309,1154.71,wallet,repeated_failure,1,0.676,0.14,0,2026-07-04 12:42:32
4707,734,6828.04,upi,network_timeout,0,0.588,0.735,0,2026-08-20 12:42:32
4708,231,2968.53,upi,network_timeout,3,0.612,0.505,0,2026-06-18 12:42:32
4709,842,8219.43,upi,network_timeout,1,0.843,0.757,1,2026-06-08 12:42:32
4710,867,2598.49,wallet,insufficient_balance,2,0.926,0.46,0,2026-06-06 12:42:32
4711,1037,9411.73,upi,temporary_bank_failure,2,0.634,0.644,1,2026-06-13 12:42:32
4712,416,927.66,wallet,network_timeout,3,0.68,0.532,0,2026-07-03 12:42:32
4713,1321,1923.47,netbanking,authentication_failure,3,0.489,0.306,0,2026-07-19 12:42:32
4714,1264,6641.37,card,network_timeout,3,0.853,0.601,1,2026-06-10 12:42:32
4715,995,5313.93,card,customer_abandonment,0,0.411,0.164,0,2026-07-24 12:42:32
4716,1691,8561.73,upi,customer_abandonment,0,0.878,0.351,0,2026-08-10 12:42:32
4717,363,2077.03,upi,repeated_failure,2,0.755,0.092,0,2026-08-22 12:42:32
4718,1850,3440.42,wallet,insufficient_balance,0,0.842,0.587,0,2026-08-22 12:42:32
4719,1242,2792.36,upi,network_timeout,2,0.812,0.665,0,2026-07-16 12:42:32
4720,233,3499.97,card,network_timeout,3,0.864,0.606,1,2026-08-19 12:42:32
4721,381,2103.4,card,authentication_failure,2,0.881,0.542,0,2026-07-13 12:42:32
4722,1382,4581.57,card,customer_abandonment,2,0.846,0.178,0,2026-06-22 12:42:32
4723,1590,1942.69,upi,repeated_failure,1,0.527,0.081,0,2026-08-11 12:42:32
4724,19,9064.93,wallet,insufficient_balance,2,0.803,0.411,0,2026-06-07 12:42:32
4725,796,2383.89,wallet,repeated_failure,0,0.816,0.276,0,2026-07-12 12:42:32
4726,466,8740.7,card,customer_abandonment,1,0.501,0.12,1,2026-07-17 12:42:32
4727,1627,6771.81,netbanking,authentication_failure,1,0.618,0.517,1,2026-08-02 12:42:32
4728,1225,8720.12,netbanking,authentication_failure,0,0.78,0.662,1,2026-07-19 12:42:32
4729,428,6727.35,netbanking,temporary_bank_failure,0,0.987,0.945,1,2026-08-21 12:42:32
4730,1600,5813.46,netbanking,network_timeout,0,0.856,0.842,1,2026-08-24 12:42:32
4731,1754,148.91,upi,insufficient_balance,1,0.606,0.412,0,2026-06-07 12:42:32
4732,1502,2322.76,netbanking,temporary_bank_failure,3,0.598,0.549,1,2026-08-02 12:42:32
4733,1234,3537.03,card,authentication_failure,2,0.599,0.43,0,2026-07-08 12:42:32
4734,368,1051.49,wallet,authentication_failure,3,0.607,0.353,0,2026-06-10 12:42:32
4735,816,1310.81,card,network_timeout,0,0.666,0.766,1,2026-08-03 12:42:32
4736,287,852.29,card,customer_abandonment,3,0.827,0.091,0,2026-08-22 12:42:32
4737,1101,5503.72,netbanking,insufficient_balance,3,0.738,0.305,0,2026-08-11 12:42:32
4738,1416,759.61,wallet,authentication_failure,3,0.978,0.501,0,2026-08-22 12:42:32
4739,55,2601.47,netbanking,network_timeout,1,0.755,0.722,1,2026-06-11 12:42:32
4740,1235,2647.95,netbanking,insufficient_balance,3,0.548,0.229,0,2026-06-03 12:42:32
4741,1213,2680.7,upi,authentication_failure,1,0.724,0.56,1,2026-06-03 12:42:32
4742,1236,5786.12,upi,authentication_failure,0,0.689,0.626,1,2026-07-01 12:42:32
4743,1718,7832.87,upi,customer_abandonment,0,0.88,0.352,1,2026-06-26 12:42:32
4744,2000,3301.36,wallet,temporary_bank_failure,3,0.551,0.53,1,2026-07-13 12:42:32
4745,901,9450.18,card,network_timeout,0,0.887,0.855,1,2026-07-13 12:42:32
4746,181,7930.08,upi,authentication_failure,3,0.793,0.427,0,2026-06-10 12:42:32
4747,730,6762.41,upi,authentication_failure,0,0.892,0.707,0,2026-06-15 12:42:32
4748,651,3115.79,card,customer_abandonment,2,0.791,0.156,0,2026-08-19 12:42:32
4749,885,4650.93,wallet,insufficient_balance,3,0.691,0.286,0,2026-08-15 12:42:32
4750,437,867.93,card,repeated_failure,3,0.798,0.029,0,2026-06-06 12:42:32
4751,451,4628.92,netbanking,temporary_bank_failure,0,0.657,0.813,1,2026-06-15 12:42:32
4752,674,4050.61,card,customer_abandonment,3,0.464,0.02,0,2026-08-08 12:42:32
4753,1177,1233.64,card,insufficient_balance,2,0.72,0.378,0,2026-06-20 12:42:32
4754,565,2964.11,netbanking,authentication_failure,2,0.821,0.518,1,2026-08-01 12:42:32
4755,1650,8213.28,upi,temporary_bank_failure,1,0.795,0.788,1,2026-07-07 12:42:32
4756,331,5902.46,wallet,authentication_failure,0,0.519,0.558,1,2026-05-30 12:42:32
4757,1550,4922.74,wallet,insufficient_balance,3,0.845,0.348,1,2026-08-21 12:42:32
4758,131,9227.48,wallet,temporary_bank_failure,3,0.607,0.553,1,2026-08-05 12:42:32
4759,1744,4381.88,card,temporary_bank_failure,2,0.503,0.591,1,2026-05-29 12:42:32
4760,1116,6459.34,upi,temporary_bank_failure,1,0.617,0.717,1,2026-07-08 12:42:32
4761,1458,9616.88,card,network_timeout,3,0.513,0.465,0,2026-08-01 12:42:32
4762,1128,9477.56,wallet,network_timeout,0,0.786,0.814,1,2026-07-14 12:42:32
4763,1150,2046.01,upi,temporary_bank_failure,3,0.696,0.588,0,2026-07-04 12:42:32
4764,1577,1061.07,upi,insufficient_balance,2,0.79,0.406,0,2026-08-03 12:42:32
4765,1501,8850.08,upi,insufficient_balance,0,0.912,0.615,1,2026-07-12 12:42:32
4766,27,9780.33,upi,network_timeout,1,0.766,0.726,1,2026-07-15 12:42:32
4767,634,8852.69,netbanking,authentication_failure,2,0.897,0.549,1,2026-06-22 12:42:32
4768,460,8744.52,netbanking,customer_abandonment,3,0.457,0.02,0,2026-07-25 12:42:32
4769,464,5651.45,upi,repeated_failure,0,0.729,0.242,1,2026-06-24 12:42:32
4770,1679,5957.64,netbanking,temporary_bank_failure,2,0.814,0.716,1,2026-06-11 12:42:32
4771,1297,1791.87,netbanking,repeated_failure,2,0.857,0.133,1,2026-07-11 12:42:32
4772,116,6049.48,netbanking,temporary_bank_failure,3,0.875,0.66,1,2026-06-06 12:42:32
4773,1253,7719.62,upi,authentication_failure,2,0.837,0.525,0,2026-06-09 12:42:32
4774,670,1025.58,wallet,insufficient_balance,2,0.729,0.382,1,2026-06-04 12:42:32
4775,1283,4597.24,netbanking,network_timeout,1,0.752,0.721,0,2026-07-24 12:42:32
4776,1446,3117.41,card,authentication_failure,2,0.764,0.496,0,2026-07-18 12:42:32
4777,665,1050.57,wallet,customer_abandonment,0,0.701,0.28,0,2026-08-17 12:42:32
4778,164,5478.57,netbanking,temporary_bank_failure,1,0.744,0.768,1,2026-08-05 12:42:32
4779,660,8195.22,card,repeated_failure,3,0.662,0.02,0,2026-07-01 12:42:32
4780,1644,8106.63,card,temporary_bank_failure,1,0.676,0.74,1,2026-07-25 12:42:32
4781,1090,9561.43,card,network_timeout,2,0.69,0.616,1,2026-07-12 12:42:32
4782,502,5233.62,card,insufficient_balance,0,0.814,0.576,1,2026-08-14 12:42:32
4783,1163,2069.51,netbanking,authentication_failure,3,0.451,0.29,1,2026-07-19 12:42:32
4784,183,6453.13,upi,network_timeout,0,0.654,0.762,1,2026-06-30 12:42:32
4785,1539,8929.2,wallet,repeated_failure,3,0.826,0.04,0,2026-06-08 12:42:32
4786,1094,6595.1,card,temporary_bank_failure,2,0.832,0.723,1,2026-07-06 12:42:32
4787,1884,5821.32,wallet,customer_abandonment,0,0.66,0.264,1,2026-08-07 12:42:32
4788,35,6158.61,upi,authentication_failure,1,0.541,0.486,0,2026-06-16 12:42:32
4789,1570,5171.64,card,authentication_failure,0,0.819,0.678,1,2026-07-19 12:42:32
4790,922,8194.34,netbanking,authentication_failure,3,0.491,0.306,0,2026-06-27 12:42:32
4791,758,9213.03,wallet,insufficient_balance,1,0.623,0.419,0,2026-08-04 12:42:32
4792,446,4248.77,wallet,customer_abandonment,3,0.661,0.024,0,2026-07-17 12:42:32
4793,1943,7918.11,upi,insufficient_balance,2,0.602,0.331,1,2026-08-25 12:42:32
4794,299,4963.6,card,authentication_failure,3,0.853,0.451,0,2026-08-02 12:42:32
4795,1166,4834.86,upi,temporary_bank_failure,0,0.883,0.903,1,2026-06-24 12:42:32
4796,1156,7993.41,netbanking,network_timeout,2,0.856,0.682,1,2026-08-21 12:42:32
4797,865,767.1,wallet,repeated_failure,3,0.775,0.02,0,2026-07-22 12:42:32
4798,259,9589.68,netbanking,network_timeout,2,0.935,0.714,0,2026-06-28 12:42:32
4799,1098,4285.75,wallet,temporary_bank_failure,0,0.563,0.775,1,2026-08-23 12:42:32
4800,903,5318.83,wallet,temporary_bank_failure,0,0.592,0.787,1,2026-07-17 12:42:32
4801,882,7609.59,upi,repeated_failure,1,0.774,0.18,0,2026-08-15 12:42:32
4802,716,8194.6,card,repeated_failure,3,0.483,0.02,0,2026-08-10 12:42:32
4803,1097,7760.96,upi,network_timeout,0,0.424,0.67,0,2026-06-12 12:42:32
4804,551,5230.7,card,insufficient_balance,0,0.82,0.578,0,2026-07-01 12:42:32
4805,944,4643.25,upi,customer_abandonment,2,0.634,0.094,1,2026-07-29 12:42:32
4806,634,6557.74,upi,temporary_bank_failure,1,0.897,0.829,1,2026-07-17 12:42:32
4807,1477,8063.26,upi,repeated_failure,3,0.435,0.02,0,2026-08-02 12:42:32
4808,937,5377.9,wallet,customer_abandonment,0,0.736,0.294,0,2026-06-11 12:42:32
4809,247,4616.71,netbanking,repeated_failure,2,0.89,0.146,0,2026-08-03 12:42:32
4810,453,8683.45,card,temporary_bank_failure,3,0.526,0.52,1,2026-06-22 12:42:32
4811,1932,8675.06,upi,authentication_failure,1,0.77,0.578,0,2026-06-25 12:42:32
4812,179,9100.49,card,temporary_bank_failure,2,0.46,0.574,1,2026-06-27 12:42:32
4813,399,7345.59,wallet,temporary_bank_failure,0,0.639,0.806,0,2026-07-08 12:42:32
4814,1707,3885.78,wallet,repeated_failure,2,0.795,0.108,0,2026-07-08 12:42:32
4815,883,4820.03,card,insufficient_balance,1,0.548,0.389,0,2026-07-21 12:42:32
4816,776,8119.05,wallet,network_timeout,0,0.89,0.856,1,2026-06-07 12:42:32
4817,186,5658.35,upi,customer_abandonment,0,0.497,0.199,1,2026-08-24 12:42:32
4818,217,3296.5,card,temporary_bank_failure,3,0.943,0.687,1,2026-06-18 12:42:32
4819,197,5915.16,netbanking,repeated_failure,0,0.937,0.325,0,2026-06-05 12:42:32
4820,1028,5292.95,netbanking,authentication_failure,2,0.864,0.536,1,2026-08-10 12:42:32
4821,1834,4316.25,wallet,temporary_bank_failure,1,0.578,0.701,0,2026-07-26 12:42:32
4822,509,3020.87,netbanking,insufficient_balance,1,0.89,0.526,0,2026-06-27 12:42:32
4823,20,5316.46,netbanking,authentication_failure,2,0.658,0.453,1,2026-07-07 12:42:32
4824,1942,9503.45,card,repeated_failure,3,0.394,0.02,0,2026-06-20 12:42:32
4825,1596,9827.35,upi,insufficient_balance,0,0.764,0.556,1,2026-07-03 12:42:32
4826,896,554.47,wallet,insufficient_balance,0,0.632,0.503,1,2026-06-07 12:42:32
4827,1562,2095.65,card,temporary_bank_failure,1,0.71,0.754,1,2026-07-21 12:42:32
4828,637,9147.77,wallet,authentication_failure,2,0.856,0.532,0,2026-06-21 12:42:32
4829,693,3245.66,netbanking,repeated_failure,0,0.604,0.192,0,2026-07-04 12:42:32
4830,12,9382.61,netbanking,insufficient_balance,2,0.953,0.471,1,2026-08-02 12:42:32
4831,742,894.56,wallet,temporary_bank_failure,3,0.644,0.568,1,2026-07-12 12:42:32
4832,1753,6219.87,wallet,customer_abandonment,0,0.524,0.21,0,2026-08-20 12:42:32
4833,97,3440.07,netbanking,temporary_bank_failure,0,0.773,0.859,1,2026-08-23 12:42:32
4834,1206,8032.07,upi,network_timeout,3,0.935,0.634,1,2026-07-20 12:42:32
4835,344,3545.72,upi,repeated_failure,1,0.353,0.02,0,2026-06-20 12:42:32
4836,926,7672.34,wallet,repeated_failure,0,0.528,0.161,0,2026-07-27 12:42:32
4837,613,7200.33,wallet,authentication_failure,2,0.641,0.446,1,2026-06-04 12:42:32
4838,1487,1193.23,netbanking,authentication_failure,2,0.658,0.453,0,2026-08-25 12:42:32
4839,1043,4664.92,netbanking,customer_abandonment,0,0.957,0.383,1,2026-07-31 12:42:32
4840,781,9350.56,upi,repeated_failure,3,0.787,0.025,0,2026-07-22 12:42:32
4841,780,6391.34,upi,temporary_bank_failure,2,0.459,0.574,0,2026-06-26 12:42:32
4842,1941,5493.87,netbanking,temporary_bank_failure,3,0.837,0.645,1,2026-06-04 12:42:32
4843,1828,2500.45,card,repeated_failure,0,0.882,0.303,0,2026-08-11 12:42:32
4844,141,5935.27,netbanking,customer_abandonment,2,0.763,0.145,0,2026-07-09 12:42:32
4845,1988,1703.38,upi,temporary_bank_failure,2,0.638,0.645,1,2026-06-10 12:42:32
4846,272,4641.46,netbanking,repeated_failure,3,0.662,0.02,0,2026-07-25 12:42:32
4847,617,3836.17,card,customer_abandonment,0,0.978,0.391,0,2026-07-26 12:42:32
4848,548,7558.52,netbanking,authentication_failure,0,0.8,0.67,0,2026-07-27 12:42:32
4849,269,9108.35,netbanking,authentication_failure,1,0.782,0.583,1,2026-06-12 12:42:32
4850,431,7842.77,netbanking,customer_abandonment,0,0.406,0.162,0,2026-07-29 12:42:32
4851,125,7315.01,upi,network_timeout,3,0.94,0.636,1,2026-06-15 12:42:32
4852,812,5622.66,wallet,repeated_failure,0,0.755,0.252,0,2026-07-13 12:42:32
4853,234,2837.25,netbanking,customer_abandonment,2,0.816,0.166,0,2026-07-25 12:42:32
4854,1453,7364.71,upi,insufficient_balance,3,0.758,0.313,1,2026-06-18 12:42:32
4855,549,708.94,upi,temporary_bank_failure,2,0.658,0.653,0,2026-08-04 12:42:32
4856,1257,2126.22,card,insufficient_balance,3,0.891,0.366,0,2026-06-17 12:42:32
4857,966,9275.8,upi,customer_abandonment,0,0.479,0.192,0,2026-06-30 12:42:32
4858,771,693.94,netbanking,customer_abandonment,0,0.635,0.254,0,2026-08-11 12:42:32
4859,1541,5549.05,upi,repeated_failure,3,0.737,0.02,0,2026-06-20 12:42:32
4860,1975,2038.92,upi,network_timeout,1,0.906,0.782,1,2026-08-04 12:42:32
4861,717,2648.31,netbanking,network_timeout,2,0.721,0.628,1,2026-08-05 12:42:32
4862,732,3692.35,wallet,temporary_bank_failure,2,0.938,0.765,1,2026-08-19 12:42:32
4863,696,4640.54,wallet,network_timeout,0,0.84,0.836,1,2026-08-23 12:42:32
4864,1151,7976.02,card,customer_abandonment,3,0.411,0.02,0,2026-06-17 12:42:32
4865,48,4835.76,upi,authentication_failure,2,0.628,0.441,1,2026-07-01 12:42:32
4866,480,725.46,card,authentication_failure,0,0.504,0.552,1,2026-08-09 12:42:32
4867,1418,1917.35,upi,network_timeout,2,0.871,0.688,1,2026-08-18 12:42:32
4868,8,3158.87,card,customer_abandonment,3,0.64,0.02,0,2026-07-06 12:42:32
4869,450,2730.13,netbanking,network_timeout,1,0.369,0.568,0,2026-07-12 12:42:32
4870,702,9490.41,netbanking,repeated_failure,1,0.644,0.128,0,2026-06-30 12:42:32
4871,288,2050.46,netbanking,repeated_failure,1,0.672,0.139,1,2026-07-17 12:42:32
4872,31,5611.52,card,customer_abandonment,1,0.539,0.136,0,2026-06-26 12:42:32
4873,403,6893.63,netbanking,authentication_failure,3,0.763,0.415,1,2026-08-16 12:42:32
4874,1967,8227.2,wallet,authentication_failure,0,0.767,0.657,0,2026-08-13 12:42:32
4875,1215,5378.89,wallet,customer_abandonment,2,0.904,0.202,1,2026-07-18 12:42:32
4876,579,3678.3,wallet,temporary_bank_failure,0,0.512,0.755,0,2026-07-28 12:42:32
4877,1285,9803.39,upi,authentication_failure,3,0.805,0.432,1,2026-06-15 12:42:32
4878,884,5387.79,upi,network_timeout,3,0.875,0.61,0,2026-06-02 12:42:32
4879,1861,782.23,netbanking,insufficient_balance,1,0.827,0.501,1,2026-07-11 12:42:32
4880,1727,7368.06,card,network_timeout,3,0.915,0.626,1,2026-06-10 12:42:32
4881,881,8074.61,wallet,insufficient_balance,0,0.249,0.35,0,2026-08-18 12:42:32
4882,679,438.55,card,customer_abandonment,0,0.956,0.382,0,2026-06-12 12:42:32
4883,740,3258.52,wallet,authentication_failure,2,0.638,0.445,1,2026-07-10 12:42:32
4884,831,559.69,netbanking,insufficient_balance,3,0.785,0.324,1,2026-07-02 12:42:32
4885,564,6911.0,netbanking,authentication_failure,3,0.827,0.441,1,2026-06-27 12:42:32
4886,31,720.5,netbanking,authentication_failure,2,0.539,0.406,1,2026-08-05 12:42:32
4887,1921,5944.13,card,network_timeout,1,0.655,0.682,1,2026-05-29 12:42:32
4888,335,1672.51,card,insufficient_balance,2,0.682,0.363,0,2026-08-11 12:42:32
4889,1850,2213.83,card,repeated_failure,2,0.842,0.127,0,2026-08-25 12:42:32
4890,984,5715.97,netbanking,temporary_bank_failure,2,0.681,0.662,1,2026-06-22 12:42:32
4891,588,1000.6,card,network_timeout,2,0.569,0.568,1,2026-07-17 12:42:32
4892,1376,3917.8,netbanking,network_timeout,3,0.82,0.588,0,2026-06-15 12:42:32
4893,955,6866.64,netbanking,repeated_failure,2,0.864,0.136,0,2026-06-24 12:42:32
4894,103,292.82,wallet,network_timeout,3,0.892,0.617,1,2026-06-18 12:42:32
4895,114,6040.27,wallet,network_timeout,2,0.55,0.56,1,2026-05-31 12:42:32
4896,1233,2148.19,netbanking,insufficient_balance,2,0.549,0.31,1,2026-07-08 12:42:32
4897,516,7564.17,upi,network_timeout,1,0.593,0.657,0,2026-05-31 12:42:32
4898,1215,4798.65,card,authentication_failure,3,0.904,0.472,1,2026-08-11 12:42:32
4899,334,5237.91,wallet,authentication_failure,2,0.431,0.362,1,2026-06-09 12:42:32
4900,45,1271.84,netbanking,authentication_failure,1,0.695,0.548,1,2026-06-02 12:42:32
4901,1801,3365.21,netbanking,repeated_failure,1,0.348,0.02,0,2026-08-13 12:42:32
4902,550,4018.0,card,temporary_bank_failure,2,0.744,0.688,1,2026-08-24 12:42:32
4903,693,2509.21,upi,insufficient_balance,1,0.604,0.412,0,2026-07-31 12:42:32
4904,478,8565.47,card,customer_abandonment,1,0.847,0.259,1,2026-07-20 12:42:32
4905,1038,2626.24,wallet,customer_abandonment,0,0.718,0.287,1,2026-06-06 12:42:32
4906,336,3545.61,netbanking,temporary_bank_failure,3,0.634,0.564,0,2026-08-23 12:42:32
4907,1910,4774.21,wallet,authentication_failure,2,0.912,0.555,0,2026-07-29 12:42:32
4908,1935,7904.44,netbanking,temporary_bank_failure,2,0.943,0.767,1,2026-07-03 12:42:32
4909,964,6296.21,netbanking,customer_abandonment,0,0.948,0.379,0,2026-05-29 12:42:32
4910,54,2472.09,card,repeated_failure,0,0.76,0.254,0,2026-08-04 12:42:32
4911,1974,2327.32,card,temporary_bank_failure,1,0.708,0.753,1,2026-07-01 12:42:32
4912,1885,5383.63,upi,insufficient_balance,2,0.957,0.473,0,2026-08-13 12:42:32
4913,15,747.17,netbanking,temporary_bank_failure,3,0.374,0.46,0,2026-06-20 12:42:32
4914,1946,820.87,card,network_timeout,2,0.411,0.504,1,2026-07-11 12:42:32
4915,1520,3626.41,card,repeated_failure,3,0.682,0.02,0,2026-08-15 12:42:32
4916,1926,3776.8,wallet,network_timeout,2,0.453,0.521,1,2026-08-12 12:42:32
4917,1619,8153.2,netbanking,customer_abandonment,1,0.944,0.298,0,2026-06-16 12:42:32
4918,1909,6886.73,wallet,insufficient_balance,1,0.825,0.5,1,2026-06-27 12:42:32
4919,813,9078.09,wallet,customer_abandonment,2,0.807,0.163,0,2026-06-15 12:42:32
4920,21,865.46,netbanking,temporary_bank_failure,2,0.765,0.696,1,2026-08-22 12:42:32
4921,546,2253.74,netbanking,customer_abandonment,0,0.688,0.275,0,2026-08-02 12:42:32
4922,33,2116.97,wallet,authentication_failure,0,0.497,0.549,1,2026-06-05 12:42:32
4923,1168,4119.02,upi,customer_abandonment,3,0.873,0.109,0,2026-07-29 12:42:32
4924,789,9629.03,wallet,network_timeout,0,0.98,0.892,1,2026-06-24 12:42:32
4925,501,352.49,wallet,customer_abandonment,3,0.8,0.08,0,2026-08-17 12:42:32
4926,1952,2409.0,wallet,authentication_failure,1,0.804,0.592,1,2026-06-02 12:42:32
4927,1878,2894.8,netbanking,authentication_failure,1,0.832,0.603,1,2026-08-11 12:42:32
4928,1227,4444.66,wallet,insufficient_balance,0,0.794,0.568,1,2026-07-20 12:42:32
4929,1267,677.5,netbanking,customer_abandonment,0,0.881,0.352,1,2026-07-14 12:42:32
4930,1697,2937.98,wallet,authentication_failure,3,0.832,0.443,0,2026-08-06 12:42:32
4931,1574,4159.83,card,customer_abandonment,2,0.608,0.083,0,2026-08-06 12:42:32
4932,209,875.41,wallet,authentication_failure,3,0.571,0.338,1,2026-07-05 12:42:32
4933,421,6339.08,card,network_timeout,2,0.702,0.621,0,2026-08-24 12:42:32
4934,1049,1723.22,upi,network_timeout,0,0.777,0.811,1,2026-07-05 12:42:32
4935,343,9796.47,card,temporary_bank_failure,3,0.749,0.61,1,2026-07-19 12:42:32
4936,707,7201.09,netbanking,insufficient_balance,2,0.825,0.42,0,2026-06-07 12:42:32
4937,388,7714.06,card,customer_abandonment,0,0.841,0.336,0,2026-07-20 12:42:32
4938,1778,9139.95,netbanking,network_timeout,2,0.777,0.651,1,2026-08-02 12:42:32
4939,765,6117.0,wallet,authentication_failure,2,0.692,0.467,1,2026-05-28 12:42:32
4940,838,1744.64,upi,authentication_failure,2,0.71,0.474,0,2026-08-16 12:42:32
4941,1545,9660.69,card,repeated_failure,1,0.82,0.198,0,2026-06-04 12:42:32
4942,1096,3975.83,wallet,repeated_failure,1,0.618,0.117,0,2026-07-28 12:42:32
4943,1747,6285.94,card,repeated_failure,3,0.525,0.02,0,2026-06-15 12:42:32
4944,91,4880.31,netbanking,customer_abandonment,1,0.675,0.19,0,2026-06-05 12:42:32
4945,1178,9659.04,wallet,insufficient_balance,2,0.933,0.463,1,2026-08-23 12:42:32
4946,780,9668.92,upi,authentication_failure,1,0.459,0.454,0,2026-07-11 12:42:32
4947,541,4747.74,upi,temporary_bank_failure,1,0.641,0.726,1,2026-08-15 12:42:32
4948,651,4335.6,card,customer_abandonment,2,0.791,0.156,1,2026-06-15 12:42:32
4949,1079,6097.62,card,network_timeout,0,0.789,0.816,1,2026-08-25 12:42:32
4950,721,4981.18,netbanking,authentication_failure,1,0.831,0.602,0,2026-08-16 12:42:32
4951,1119,9788.02,upi,temporary_bank_failure,0,0.621,0.798,0,2026-06-10 12:42:32
4952,1069,685.2,upi,authentication_failure,0,0.968,0.737,0,2026-08-18 12:42:32
4953,707,5269.51,wallet,temporary_bank_failure,0,0.825,0.88,1,2026-05-29 12:42:32
4954,626,2585.27,upi,repeated_failure,3,0.91,0.074,0,2026-06-19 12:42:32
4955,1919,5236.44,netbanking,insufficient_balance,3,0.915,0.376,0,2026-06-23 12:42:32
4956,1143,3840.31,wallet,temporary_bank_failure,0,0.932,0.923,1,2026-07-14 12:42:32
4957,863,8157.86,wallet,network_timeout,1,0.893,0.777,1,2026-06-14 12:42:32
4958,1194,3604.34,netbanking,insufficient_balance,2,0.488,0.285,0,2026-06-28 12:42:32
4959,924,1576.07,card,authentication_failure,1,0.96,0.654,0,2026-07-17 12:42:32
4960,580,9590.71,upi,authentication_failure,1,0.832,0.603,1,2026-06-24 12:42:32
4961,1592,8756.94,wallet,authentication_failure,0,0.339,0.486,1,2026-05-29 12:42:32
4962,31,4568.17,netbanking,insufficient_balance,1,0.539,0.386,0,2026-08-21 12:42:32
4963,944,3092.77,wallet,customer_abandonment,2,0.634,0.094,0,2026-07-27 12:42:32
4964,1030,4187.59,wallet,temporary_bank_failure,3,0.702,0.591,1,2026-06-24 12:42:32
4965,786,1758.87,netbanking,temporary_bank_failure,3,0.928,0.681,0,2026-06-24 12:42:32
4966,1477,2839.8,upi,customer_abandonment,2,0.435,0.02,0,2026-07-10 12:42:32
4967,1150,4736.17,netbanking,temporary_bank_failure,2,0.696,0.668,1,2026-07-02 12:42:32
4968,992,2928.62,wallet,authentication_failure,3,0.833,0.443,0,2026-07-17 12:42:32
4969,241,5823.11,netbanking,temporary_bank_failure,1,0.609,0.714,0,2026-06-03 12:42:32
4970,1442,6412.88,wallet,network_timeout,0,0.801,0.82,1,2026-07-22 12:42:32
4971,876,4888.26,wallet,authentication_failure,2,0.675,0.46,1,2026-06-24 12:42:32
4972,1057,4629.91,card,network_timeout,1,0.835,0.754,0,2026-07-18 12:42:32
4973,173,2005.91,card,authentication_failure,3,0.698,0.389,0,2026-08-04 12:42:32
4974,5,7524.18,upi,authentication_failure,2,0.857,0.533,0,2026-07-25 12:42:32
4975,1619,5435.61,wallet,authentication_failure,3,0.944,0.488,0,2026-07-17 12:42:32
4976,1524,4082.88,upi,authentication_failure,0,0.458,0.533,1,2026-06-06 12:42:32
4977,1,3074.46,wallet,customer_abandonment,3,0.796,0.078,0,2026-06-29 12:42:32
4978,850,5105.38,upi,network_timeout,3,0.759,0.564,1,2026-06-18 12:42:32
4979,1590,5874.43,wallet,customer_abandonment,2,0.527,0.051,0,2026-07-27 12:42:32
4980,791,1216.65,card,repeated_failure,3,0.751,0.02,0,2026-07-12 12:42:32
4981,1073,7493.58,wallet,temporary_bank_failure,3,0.549,0.53,1,2026-06-29 12:42:32
4982,475,8180.52,upi,repeated_failure,0,0.601,0.19,0,2026-05-31 12:42:32
4983,906,9360.93,upi,authentication_failure,0,0.878,0.701,1,2026-08-17 12:42:32
4984,1835,1104.86,upi,network_timeout,0,0.951,0.88,0,2026-05-28 12:42:32
4985,914,2485.76,wallet,repeated_failure,3,0.564,0.02,0,2026-07-28 12:42:32
4986,1662,2835.89,netbanking,network_timeout,0,0.908,0.863,1,2026-06-02 12:42:32
4987,136,6369.21,wallet,insufficient_balance,0,0.888,0.605,1,2026-08-21 12:42:33
4988,1365,599.74,wallet,customer_abandonment,3,0.76,0.064,0,2026-08-11 12:42:33
4989,1446,6028.89,card,authentication_failure,1,0.764,0.576,0,2026-08-22 12:42:33
4990,1995,1658.77,card,authentication_failure,3,0.852,0.451,1,2026-08-21 12:42:33
4991,48,7758.76,netbanking,temporary_bank_failure,3,0.628,0.561,1,2026-08-19 12:42:33
4992,940,2193.92,netbanking,repeated_failure,3,0.72,0.02,0,2026-08-13 12:42:33
4993,1734,341.76,upi,authentication_failure,0,0.735,0.644,1,2026-06-01 12:42:33
4994,1477,5596.29,upi,temporary_bank_failure,0,0.435,0.724,0,2026-05-30 12:42:33
4995,1418,2377.29,card,network_timeout,3,0.871,0.608,1,2026-08-08 12:42:33
4996,18,7879.55,card,repeated_failure,1,0.86,0.214,0,2026-06-14 12:42:33
4997,123,6462.24,card,customer_abandonment,1,0.667,0.187,1,2026-07-04 12:42:33
4998,902,8818.76,upi,temporary_bank_failure,1,0.474,0.66,1,2026-07-26 12:42:33
4999,755,1460.36,wallet,customer_abandonment,3,0.683,0.033,0,2026-06-15 12:42:33
5000,47,808.96,upi,network_timeout,2,0.409,0.504,1,2026-08-18 12:42:33
5001,1611,7754.28,upi,temporary_bank_failure,2,0.615,0.636,0,2026-08-10 12:42:33
5002,207,7608.26,card,temporary_bank_failure,1,0.67,0.738,1,2026-06-14 12:42:33
5003,454,5129.47,upi,authentication_failure,2,0.897,0.549,1,2026-05-30 12:42:33
5004,1335,9944.09,wallet,insufficient_balance,3,0.774,0.32,0,2026-05-31 12:42:33
5005,1832,1976.0,card,repeated_failure,0,0.764,0.256,1,2026-06-06 12:42:33
5006,1632,847.8,netbanking,temporary_bank_failure,0,0.75,0.85,1,2026-08-23 12:42:33
5007,1374,1052.82,netbanking,temporary_bank_failure,2,0.475,0.58,0,2026-07-04 12:42:33
5008,1764,2785.05,netbanking,temporary_bank_failure,1,0.888,0.825,1,2026-07-05 12:42:33
5009,513,1910.46,upi,repeated_failure,0,0.78,0.262,0,2026-05-28 12:42:33
5010,1385,360.89,upi,repeated_failure,2,0.878,0.141,0,2026-08-06 12:42:33
5011,828,4100.75,card,temporary_bank_failure,0,0.821,0.878,1,2026-06-19 12:42:33
5012,516,4067.27,wallet,authentication_failure,2,0.593,0.427,0,2026-07-20 12:42:33
5013,1430,3485.11,netbanking,insufficient_balance,1,0.939,0.546,1,2026-06-08 12:42:33
5014,518,909.81,wallet,insufficient_balance,2,0.841,0.426,1,2026-06-05 12:42:33
5015,1669,7377.66,wallet,temporary_bank_failure,1,0.464,0.656,1,2026-07-12 12:42:33
5016,1533,7265.12,upi,insufficient_balance,0,0.91,0.614,0,2026-08-11 12:42:33
5017,1346,3819.63,netbanking,insufficient_balance,0,0.742,0.547,1,2026-08-20 12:42:33
5018,1615,2278.67,netbanking,customer_abandonment,1,0.464,0.106,0,2026-06-23 12:42:33
5019,460,9515.27,upi,repeated_failure,1,0.457,0.053,1,2026-05-28 12:42:33
5020,736,7699.43,wallet,temporary_bank_failure,0,0.568,0.777,0,2026-05-29 12:42:33
5021,1383,6953.04,wallet,repeated_failure,0,0.959,0.334,0,2026-05-31 12:42:33
5022,1847,9569.16,netbanking,insufficient_balance,3,0.416,0.176,0,2026-08-13 12:42:33
5023,676,8150.81,wallet,insufficient_balance,3,0.934,0.384,1,2026-06-11 12:42:33
5024,1046,2460.02,upi,network_timeout,3,0.948,0.639,0,2026-08-23 12:42:33
5025,1215,8413.86,netbanking,insufficient_balance,3,0.904,0.372,0,2026-08-18 12:42:33
5026,1283,9520.92,card,repeated_failure,0,0.752,0.251,0,2026-05-29 12:42:33
5027,1083,1928.9,wallet,repeated_failure,3,0.227,0.02,0,2026-08-03 12:42:33
5028,558,6776.86,upi,insufficient_balance,3,0.763,0.315,1,2026-06-08 12:42:33
5029,1457,7669.06,wallet,authentication_failure,0,0.799,0.67,0,2026-08-17 12:42:33
5030,140,7938.43,wallet,customer_abandonment,2,0.481,0.032,0,2026-08-21 12:42:33
5031,207,9349.62,netbanking,authentication_failure,3,0.67,0.378,0,2026-07-22 12:42:33
5032,1388,7707.17,wallet,insufficient_balance,3,0.749,0.31,0,2026-07-06 12:42:33
5033,913,4302.51,upi,customer_abandonment,2,0.848,0.179,0,2026-06-13 12:42:33
5034,1052,7036.92,netbanking,network_timeout,0,0.702,0.781,1,2026-05-30 12:42:33
5035,1855,4166.07,upi,customer_abandonment,1,0.719,0.208,0,2026-07-20 12:42:33
5036,1035,4037.55,upi,authentication_failure,3,0.69,0.386,0,2026-07-25 12:42:33
5037,1687,8514.85,wallet,customer_abandonment,0,0.727,0.291,0,2026-07-28 12:42:33
5038,1999,3726.44,upi,network_timeout,3,0.704,0.542,0,2026-07-31 12:42:33
5039,373,8365.05,upi,network_timeout,2,0.888,0.695,0,2026-06-15 12:42:33
5040,501,7798.39,wallet,network_timeout,3,0.8,0.58,0,2026-07-09 12:42:33
5041,1232,5742.1,netbanking,customer_abandonment,0,0.78,0.312,0,2026-06-06 12:42:33
5042,1573,4590.02,netbanking,repeated_failure,0,0.746,0.248,1,2026-07-26 12:42:33
5043,1110,6529.06,card,repeated_failure,2,0.822,0.119,0,2026-07-13 12:42:33
5044,393,8348.13,upi,authentication_failure,1,0.742,0.567,1,2026-06-28 12:42:33
5045,110,2621.95,netbanking,insufficient_balance,1,0.726,0.46,0,2026-07-25 12:42:33
5046,1510,8562.76,wallet,temporary_bank_failure,2,0.874,0.74,1,2026-07-22 12:42:33
5047,1266,202.0,netbanking,customer_abandonment,0,0.823,0.329,1,2026-06-18 12:42:33
5048,858,1069.29,netbanking,authentication_failure,2,0.832,0.523,1,2026-06-10 12:42:33
5049,718,8379.8,card,repeated_failure,3,0.523,0.02,0,2026-08-09 12:42:33
5050,1637,5677.98,netbanking,customer_abandonment,3,0.964,0.146,0,2026-07-12 12:42:33
5051,1889,1094.51,netbanking,repeated_failure,2,0.754,0.092,0,2026-07-31 12:42:33
5052,323,1813.31,card,temporary_bank_failure,0,0.572,0.779,0,2026-07-23 12:42:33
5053,1626,2779.42,card,temporary_bank_failure,2,0.916,0.756,1,2026-06-21 12:42:33
5054,1792,8776.81,wallet,repeated_failure,1,0.795,0.188,0,2026-05-29 12:42:33
5055,1741,5050.07,card,customer_abandonment,1,0.859,0.264,0,2026-08-12 12:42:33
5056,904,1213.42,wallet,repeated_failure,0,0.657,0.213,0,2026-07-31 12:42:33
5057,1290,4896.92,upi,customer_abandonment,1,0.799,0.24,0,2026-07-18 12:42:33
5058,122,9994.56,wallet,insufficient_balance,2,0.603,0.331,0,2026-07-19 12:42:33
5059,1897,4476.85,netbanking,temporary_bank_failure,3,0.548,0.529,0,2026-08-10 12:42:33
5060,1391,5975.27,card,authentication_failure,3,0.846,0.448,0,2026-08-14 12:42:33
5061,1375,4367.05,upi,temporary_bank_failure,2,0.695,0.668,1,2026-07-12 12:42:33
5062,898,7856.45,upi,insufficient_balance,2,0.727,0.381,0,2026-08-04 12:42:33
5063,1640,4275.64,wallet,temporary_bank_failure,0,0.813,0.875,1,2026-07-01 12:42:33
5064,1795,4542.76,card,repeated_failure,2,0.684,0.064,0,2026-06-06 12:42:33
5065,1173,272.41,wallet,temporary_bank_failure,1,0.881,0.822,1,2026-06-21 12:42:33
5066,623,4636.98,wallet,customer_abandonment,2,0.899,0.2,0,2026-07-20 12:42:33
5067,291,3982.83,card,repeated_failure,1,0.856,0.212,0,2026-08-22 12:42:33
5068,1131,1858.6,netbanking,network_timeout,0,0.863,0.845,1,2026-08-14 12:42:33
5069,1490,7400.37,wallet,repeated_failure,1,0.862,0.215,1,2026-07-19 12:42:33
5070,1180,2500.24,card,authentication_failure,3,0.811,0.434,1,2026-08-16 12:42:33
5071,1164,7589.5,netbanking,customer_abandonment,2,0.649,0.1,0,2026-07-20 12:42:33
5072,325,9642.5,upi,network_timeout,2,0.874,0.69,0,2026-06-13 12:42:33
5073,1203,7256.85,netbanking,insufficient_balance,1,0.546,0.388,1,2026-07-14 12:42:33
5074,403,9128.56,netbanking,temporary_bank_failure,3,0.763,0.615,1,2026-07-09 12:42:33
5075,1191,4132.5,card,customer_abandonment,1,0.626,0.17,0,2026-06-23 12:42:33
5076,1548,3590.37,netbanking,customer_abandonment,2,0.817,0.167,0,2026-06-15 12:42:33
5077,322,1592.24,card,authentication_failure,2,0.432,0.363,0,2026-06-29 12:42:33
5078,1018,1834.22,upi,repeated_failure,2,0.681,0.062,0,2026-06-09 12:42:33
5079,961,2760.2,card,repeated_failure,2,0.912,0.155,0,2026-06-25 12:42:33
5080,129,1708.8,card,authentication_failure,3,0.638,0.365,1,2026-07-15 12:42:33
5081,1900,7115.44,card,repeated_failure,0,0.431,0.122,0,2026-07-18 12:42:33
5082,1214,8651.74,upi,customer_abandonment,1,0.734,0.214,1,2026-08-16 12:42:33
5083,1113,6268.63,netbanking,repeated_failure,2,0.916,0.156,0,2026-08-10 12:42:33
5084,1057,5890.86,card,temporary_bank_failure,2,0.835,0.724,1,2026-08-11 12:42:33
5085,464,8857.25,netbanking,authentication_failure,0,0.729,0.642,1,2026-06-17 12:42:33
5086,687,4648.03,wallet,network_timeout,2,0.513,0.545,1,2026-08-24 12:42:33
5087,1169,4368.52,wallet,temporary_bank_failure,3,0.74,0.606,1,2026-08-21 12:42:33
5088,603,5458.18,netbanking,customer_abandonment,0,0.773,0.309,0,2026-06-03 12:42:33
5089,1734,858.21,upi,insufficient_balance,1,0.735,0.464,0,2026-06-08 12:42:33
5090,1402,1984.79,netbanking,insufficient_balance,0,0.476,0.44,0,2026-07-24 12:42:33
5091,73,3424.35,wallet,repeated_failure,1,0.872,0.219,1,2026-06-27 12:42:33
5092,240,3657.08,netbanking,insufficient_balance,0,0.542,0.467,0,2026-07-31 12:42:33
5093,1944,974.15,netbanking,temporary_bank_failure,3,0.901,0.67,1,2026-06-21 12:42:33
5094,1730,5244.11,wallet,temporary_bank_failure,0,0.797,0.869,1,2026-08-03 12:42:33
5095,592,5738.26,wallet,repeated_failure,2,0.866,0.136,1,2026-05-30 12:42:33
5096,1774,987.45,upi,customer_abandonment,0,0.651,0.26,1,2026-07-31 12:42:33
5097,1062,6677.18,netbanking,authentication_failure,2,0.877,0.541,0,2026-07-03 12:42:33
5098,24,2052.21,card,authentication_failure,2,0.874,0.54,1,2026-07-05 12:42:33
5099,192,2275.61,wallet,authentication_failure,0,0.847,0.689,1,2026-05-28 12:42:33
5100,473,7227.01,wallet,network_timeout,1,0.519,0.628,1,2026-05-30 12:42:33
5101,1235,4072.24,wallet,customer_abandonment,2,0.548,0.059,0,2026-06-30 12:42:33
5102,138,6113.59,upi,customer_abandonment,3,0.642,0.02,0,2026-06-21 12:42:33
5103,1452,5215.08,upi,network_timeout,2,0.563,0.565,0,2026-05-29 12:42:33
5104,856,2440.95,upi,repeated_failure,2,0.834,0.124,0,2026-07-14 12:42:33
5105,545,4605.55,card,customer_abandonment,2,0.698,0.119,0,2026-07-31 12:42:33
5106,1437,2055.71,wallet,repeated_failure,2,0.464,0.02,0,2026-06-29 12:42:33
5107,1328,9927.28,upi,network_timeout,0,0.549,0.72,1,2026-06-10 12:42:33
5108,1080,1103.94,wallet,temporary_bank_failure,0,0.596,0.788,1,2026-08-05 12:42:33
5109,768,3895.92,card,temporary_bank_failure,0,0.896,0.908,1,2026-07-31 12:42:33
5110,30,1783.49,upi,insufficient_balance,2,0.896,0.448,0,2026-06-10 12:42:33
5111,1245,9712.03,card,insufficient_balance,3,0.735,0.304,0,2026-08-16 12:42:33
5112,1779,2160.57,card,customer_abandonment,3,0.698,0.039,0,2026-07-09 12:42:33
5113,1023,2087.9,wallet,customer_abandonment,0,0.516,0.206,0,2026-07-24 12:42:33
5114,1142,4168.44,netbanking,network_timeout,1,0.884,0.774,1,2026-07-26 12:42:33
5115,1695,6315.34,card,authentication_failure,0,0.93,0.722,0,2026-07-13 12:42:33
5116,125,1636.69,netbanking,authentication_failure,3,0.94,0.486,1,2026-07-15 12:42:33
5117,1421,8383.79,wallet,temporary_bank_failure,3,0.952,0.691,1,2026-07-11 12:42:33
5118,1396,2819.19,upi,temporary_bank_failure,3,0.759,0.614,1,2026-07-04 12:42:33
5119,117,2663.83,wallet,temporary_bank_failure,1,0.579,0.702,1,2026-07-19 12:42:33
5120,197,3996.74,wallet,customer_abandonment,3,0.937,0.135,0,2026-07-31 12:42:33
5121,333,4932.14,wallet,authentication_failure,1,0.911,0.634,1,2026-06-08 12:42:33
5122,1868,9240.41,netbanking,customer_abandonment,3,0.456,0.02,0,2026-06-04 12:42:33
5123,1434,5573.02,wallet,insufficient_balance,2,0.433,0.263,0,2026-08-03 12:42:33
5124,537,4158.3,card,network_timeout,0,0.686,0.774,1,2026-07-25 12:42:33
5125,1113,3062.44,netbanking,insufficient_balance,3,0.916,0.376,1,2026-06-05 12:42:33
5126,1246,4631.07,upi,customer_abandonment,1,0.854,0.262,0,2026-06-13 12:42:33
5127,834,6611.34,card,network_timeout,3,0.7,0.54,0,2026-07-15 12:42:33
5128,1726,385.6,card,authentication_failure,3,0.5,0.31,1,2026-06-25 12:42:33
5129,1738,7013.04,upi,network_timeout,3,0.823,0.589,1,2026-08-05 12:42:33
5130,1159,4563.65,card,insufficient_balance,2,0.614,0.336,0,2026-06-14 12:42:33
5131,983,3256.1,wallet,repeated_failure,1,0.637,0.125,1,2026-06-01 12:42:33
5132,516,3435.1,wallet,network_timeout,3,0.593,0.497,1,2026-06-30 12:42:33
5133,547,8476.26,netbanking,temporary_bank_failure,3,0.682,0.583,0,2026-07-10 12:42:33
5134,979,3181.26,wallet,insufficient_balance,2,0.191,0.166,0,2026-07-17 12:42:33
5135,461,2077.54,wallet,temporary_bank_failure,1,0.877,0.821,1,2026-07-06 12:42:33
5136,1430,5208.57,upi,temporary_bank_failure,3,0.939,0.686,1,2026-07-19 12:42:33
5137,416,214.42,upi,customer_abandonment,2,0.68,0.112,0,2026-06-26 12:42:33
5138,1805,6410.89,wallet,authentication_failure,2,0.722,0.479,1,2026-07-03 12:42:33
5139,1607,9307.48,card,network_timeout,2,0.889,0.696,0,2026-08-15 12:42:33
5140,1534,5940.95,netbanking,authentication_failure,2,0.695,0.468,0,2026-08-18 12:42:33
5141,1207,2161.02,upi,customer_abandonment,1,0.47,0.108,0,2026-06-10 12:42:33
5142,916,6212.59,netbanking,temporary_bank_failure,0,0.927,0.921,1,2026-07-02 12:42:33
5143,1736,9468.23,upi,network_timeout,3,0.437,0.435,0,2026-07-08 12:42:33
5144,1821,4963.85,upi,repeated_failure,2,0.731,0.082,1,2026-06-18 12:42:33
5145,602,9893.92,card,insufficient_balance,0,0.814,0.576,1,2026-07-27 12:42:33
5146,297,1820.62,netbanking,network_timeout,2,0.891,0.696,1,2026-07-07 12:42:33
5147,1061,9354.84,card,customer_abandonment,0,0.338,0.135,0,2026-07-19 12:42:33
5148,1407,8634.52,wallet,insufficient_balance,1,0.886,0.524,1,2026-07-05 12:42:33
5149,415,453.44,wallet,repeated_failure,3,0.474,0.02,0,2026-06-28 12:42:33
5150,61,555.13,upi,temporary_bank_failure,1,0.708,0.753,0,2026-07-15 12:42:33
5151,1488,6046.07,wallet,network_timeout,1,0.783,0.733,1,2026-08-01 12:42:33
5152,1453,9504.66,netbanking,authentication_failure,2,0.758,0.493,1,2026-07-20 12:42:33
5153,896,9493.71,netbanking,repeated_failure,1,0.632,0.123,0,2026-07-05 12:42:33
5154,1295,9291.37,upi,customer_abandonment,3,0.975,0.15,0,2026-06-14 12:42:33
5155,1617,7217.89,card,temporary_bank_failure,1,0.657,0.733,0,2026-07-19 12:42:33
5156,593,438.72,netbanking,insufficient_balance,2,0.466,0.276,0,2026-06-04 12:42:33
5157,27,5793.26,upi,customer_abandonment,1,0.766,0.226,0,2026-06-28 12:42:33
5158,1608,3857.02,netbanking,authentication_failure,3,0.697,0.389,0,2026-05-31 12:42:33
5159,972,9996.63,wallet,network_timeout,0,0.883,0.853,1,2026-08-04 12:42:33
5160,347,5108.37,wallet,temporary_bank_failure,2,0.866,0.736,0,2026-07-02 12:42:33
5161,518,4205.37,upi,temporary_bank_failure,3,0.841,0.646,1,2026-07-16 12:42:33
5162,707,8436.24,netbanking,insufficient_balance,0,0.825,0.58,1,2026-08-21 12:42:33
5163,511,5307.83,card,insufficient_balance,2,0.897,0.449,1,2026-07-19 12:42:33
5164,233,2086.38,wallet,network_timeout,0,0.864,0.846,1,2026-07-09 12:42:33
5165,343,6708.98,wallet,repeated_failure,1,0.749,0.17,0,2026-08-17 12:42:33
5166,1255,3232.64,upi,insufficient_balance,1,0.951,0.55,0,2026-08-06 12:42:33
5167,488,9757.3,upi,repeated_failure,0,0.523,0.159,0,2026-08-06 12:42:33
5168,664,3329.74,upi,temporary_bank_failure,3,0.592,0.547,1,2026-08-21 12:42:33
5169,363,9441.94,netbanking,customer_abandonment,2,0.755,0.142,0,2026-05-31 12:42:33
5170,1098,3963.94,wallet,network_timeout,1,0.563,0.645,0,2026-07-19 12:42:33
5171,781,2499.53,upi,repeated_failure,1,0.787,0.185,1,2026-08-02 12:42:33
5172,1660,3674.27,wallet,customer_abandonment,3,0.58,0.02,0,2026-06-24 12:42:33
5173,893,2655.0,netbanking,customer_abandonment,2,0.828,0.171,0,2026-06-30 12:42:33
5174,768,5503.48,wallet,repeated_failure,3,0.896,0.068,0,2026-08-17 12:42:33
5175,871,7094.21,wallet,repeated_failure,0,0.798,0.269,1,2026-07-10 12:42:33
5176,1112,6268.88,wallet,customer_abandonment,2,0.784,0.154,0,2026-06-26 12:42:33
5177,452,8720.45,wallet,temporary_bank_failure,3,0.941,0.686,0,2026-06-24 12:42:33
5178,118,2647.2,upi,network_timeout,1,0.764,0.726,1,2026-08-20 12:42:33
5179,379,2864.86,card,repeated_failure,0,0.569,0.178,0,2026-07-16 12:42:33
5180,662,2874.01,wallet,customer_abandonment,3,0.683,0.033,0,2026-08-14 12:42:33
5181,545,2137.13,wallet,customer_abandonment,2,0.698,0.119,0,2026-06-15 12:42:33
5182,724,7592.8,wallet,insufficient_balance,3,0.967,0.397,0,2026-06-28 12:42:33
5183,1711,7440.06,card,temporary_bank_failure,2,0.827,0.721,1,2026-07-01 12:42:33
5184,1925,3010.79,card,authentication_failure,3,0.854,0.452,0,2026-07-09 12:42:33
5185,106,3673.44,upi,authentication_failure,0,0.781,0.662,1,2026-06-12 12:42:33
5186,955,1124.78,card,temporary_bank_failure,3,0.864,0.656,0,2026-06-14 12:42:33
5187,931,4791.76,upi,temporary_bank_failure,0,0.769,0.858,1,2026-08-25 12:42:33
5188,923,702.51,netbanking,customer_abandonment,2,0.843,0.177,0,2026-07-17 12:42:33
5189,1683,9590.08,card,network_timeout,0,0.777,0.811,1,2026-07-08 12:42:33
5190,499,6112.36,upi,authentication_failure,2,0.924,0.56,1,2026-07-22 12:42:33
5191,1675,6107.63,netbanking,temporary_bank_failure,3,0.832,0.643,1,2026-07-10 12:42:33
5192,1795,2205.86,wallet,repeated_failure,2,0.684,0.064,0,2026-08-04 12:42:33
5193,1311,6778.22,wallet,repeated_failure,0,0.743,0.247,1,2026-06-24 12:42:33
5194,987,6529.44,wallet,customer_abandonment,0,0.708,0.283,0,2026-07-03 12:42:33
5195,1463,2907.44,wallet,temporary_bank_failure,2,0.674,0.66,0,2026-08-10 12:42:33
5196,216,9853.38,netbanking,authentication_failure,3,0.675,0.38,0,2026-06-27 12:42:33
5197,230,7916.07,card,authentication_failure,2,0.838,0.525,0,2026-07-11 12:42:33
5198,1824,3959.08,upi,temporary_bank_failure,2,0.743,0.687,0,2026-08-03 12:42:33
5199,975,407.18,upi,customer_abandonment,0,0.21,0.084,0,2026-08-04 12:42:33
5200,1564,4202.57,wallet,customer_abandonment,0,0.637,0.255,0,2026-08-06 12:42:33
5201,419,8548.89,wallet,authentication_failure,1,0.78,0.582,0,2026-07-01 12:42:33
5202,1658,3872.89,card,customer_abandonment,3,0.162,0.02,0,2026-06-27 12:42:33
5203,1774,5182.75,wallet,insufficient_balance,3,0.651,0.27,0,2026-08-20 12:42:33
5204,1366,4127.67,wallet,insufficient_balance,1,0.748,0.469,1,2026-08-04 12:42:33
5205,220,1745.53,card,authentication_failure,1,0.86,0.614,1,2026-07-31 12:42:33
5206,621,6071.3,card,authentication_failure,3,0.687,0.385,0,2026-06-05 12:42:33
5207,864,9029.99,wallet,customer_abandonment,2,0.771,0.148,0,2026-06-26 12:42:33
5208,38,6695.86,upi,repeated_failure,0,0.792,0.267,1,2026-06-18 12:42:33
5209,595,8593.17,upi,authentication_failure,3,0.363,0.255,1,2026-07-29 12:42:33
5210,1769,7592.81,card,customer_abandonment,0,0.46,0.184,0,2026-06-18 12:42:33
5211,1831,107.41,card,network_timeout,3,0.851,0.6,1,2026-08-12 12:42:33
5212,582,2634.48,upi,authentication_failure,1,0.735,0.564,0,2026-07-09 12:42:33
5213,263,5054.31,wallet,authentication_failure,3,0.624,0.36,0,2026-07-13 12:42:33
5214,1963,2607.38,netbanking,authentication_failure,2,0.843,0.527,1,2026-06-21 12:42:33
5215,504,7159.46,netbanking,repeated_failure,3,0.981,0.102,0,2026-08-08 12:42:33
5216,1280,1198.26,card,customer_abandonment,1,0.913,0.285,1,2026-08-25 12:42:33
5217,447,1565.14,card,temporary_bank_failure,1,0.684,0.744,1,2026-08-07 12:42:33
5218,834,2073.39,card,network_timeout,3,0.7,0.54,1,2026-07-27 12:42:33
5219,1165,6959.07,upi,network_timeout,1,0.476,0.61,0,2026-07-27 12:42:33
5220,1464,8410.72,wallet,temporary_bank_failure,2,0.789,0.706,1,2026-08-02 12:42:33
5221,1305,3410.64,wallet,customer_abandonment,3,0.88,0.112,1,2026-08-01 12:42:33
5222,1524,2828.27,card,temporary_bank_failure,2,0.458,0.573,1,2026-08-16 12:42:33
5223,593,690.26,upi,network_timeout,2,0.466,0.526,1,2026-08-21 12:42:33
5224,1321,7499.69,netbanking,repeated_failure,2,0.489,0.02,0,2026-07-09 12:42:33
5225,1543,3477.68,upi,repeated_failure,3,0.709,0.02,0,2026-07-19 12:42:33
5226,1639,9223.47,wallet,authentication_failure,1,0.439,0.446,0,2026-06-05 12:42:33
5227,126,2931.58,wallet,repeated_failure,1,0.684,0.144,0,2026-07-15 12:42:33
5228,1271,6849.77,netbanking,repeated_failure,0,0.686,0.224,0,2026-06-30 12:42:33
5229,1131,2213.76,card,authentication_failure,1,0.863,0.615,0,2026-08-21 12:42:33
5230,1887,1919.21,wallet,network_timeout,0,0.716,0.786,1,2026-08-21 12:42:33
5231,808,3991.42,upi,authentication_failure,3,0.786,0.424,0,2026-08-08 12:42:33
5232,1006,4794.93,card,authentication_failure,3,0.522,0.319,1,2026-05-28 12:42:33
5233,49,4107.78,upi,insufficient_balance,3,0.726,0.3,1,2026-07-01 12:42:33
5234,1261,1195.89,wallet,insufficient_balance,0,0.69,0.526,0,2026-07-30 12:42:33
5235,1831,6083.82,netbanking,repeated_failure,0,0.851,0.29,0,2026-06-26 12:42:33
5236,827,3364.56,netbanking,repeated_failure,2,0.96,0.174,0,2026-06-09 12:42:33
5237,1729,7379.43,upi,temporary_bank_failure,2,0.802,0.711,1,2026-06-21 12:42:33
5238,1064,2976.9,netbanking,customer_abandonment,3,0.692,0.037,0,2026-08-21 12:42:33
5239,1521,4135.96,upi,insufficient_balance,2,0.69,0.366,0,2026-06-10 12:42:33
5240,1772,6467.26,wallet,insufficient_balance,0,0.843,0.587,1,2026-08-25 12:42:33
5241,1083,4204.09,netbanking,repeated_failure,1,0.227,0.02,0,2026-07-06 12:42:33
5242,216,8846.51,netbanking,authentication_failure,0,0.675,0.62,1,2026-07-12 12:42:33
5243,1941,630.97,card,network_timeout,2,0.837,0.675,1,2026-06-25 12:42:33
5244,317,956.01,netbanking,authentication_failure,2,0.802,0.511,0,2026-07-07 12:42:33
5245,1739,951.44,card,temporary_bank_failure,2,0.827,0.721,1,2026-08-05 12:42:33
5246,654,9655.89,netbanking,insufficient_balance,2,0.956,0.472,0,2026-08-12 12:42:33
5247,1493,2048.34,wallet,network_timeout,1,0.851,0.76,0,2026-06-21 12:42:33
5248,1686,3904.38,wallet,repeated_failure,3,0.887,0.065,0,2026-06-16 12:42:33
5249,1168,7432.88,card,temporary_bank_failure,3,0.873,0.659,1,2026-07-02 12:42:33
5250,716,4296.35,netbanking,customer_abandonment,3,0.483,0.02,0,2026-08-19 12:42:33
5251,686,5176.27,card,network_timeout,0,0.569,0.728,1,2026-06-27 12:42:33
5252,1493,6756.27,netbanking,customer_abandonment,2,0.851,0.18,0,2026-05-31 12:42:33
5253,148,4869.05,wallet,repeated_failure,1,0.517,0.077,0,2026-07-18 12:42:33
5254,1635,5424.34,netbanking,network_timeout,3,0.627,0.511,0,2026-07-19 12:42:33
5255,1505,1023.3,wallet,repeated_failure,2,0.827,0.121,0,2026-08-20 12:42:33
5256,541,4531.07,upi,authentication_failure,3,0.641,0.366,0,2026-06-25 12:42:33
5257,1110,4812.82,wallet,customer_abandonment,2,0.822,0.169,0,2026-06-21 12:42:33
5258,1652,2906.08,netbanking,customer_abandonment,2,0.777,0.151,0,2026-06-07 12:42:33
5259,1615,3049.52,wallet,network_timeout,2,0.464,0.526,0,2026-06-14 12:42:33
5260,1435,7351.26,upi,customer_abandonment,2,0.706,0.122,0,2026-07-17 12:42:33
5261,387,2804.31,wallet,authentication_failure,1,0.889,0.626,1,2026-08-16 12:42:33
5262,768,5365.88,card,customer_abandonment,0,0.896,0.358,0,2026-08-20 12:42:33
5263,1355,6975.79,netbanking,network_timeout,2,0.78,0.652,1,2026-07-27 12:42:33
5264,1347,7237.53,netbanking,customer_abandonment,0,0.755,0.302,0,2026-06-20 12:42:33
5265,678,9230.29,netbanking,insufficient_balance,1,0.915,0.536,1,2026-06-02 12:42:33
5266,729,1004.22,upi,repeated_failure,2,0.574,0.02,0,2026-06-10 12:42:33
5267,60,8696.22,upi,authentication_failure,1,0.621,0.518,1,2026-06-09 12:42:33
5268,999,8602.57,card,network_timeout,3,0.658,0.523,1,2026-07-09 12:42:33
5269,1217,468.84,card,customer_abandonment,0,0.678,0.271,1,2026-08-21 12:42:33
5270,175,6348.98,wallet,insufficient_balance,0,0.494,0.448,0,2026-06-20 12:42:33
5271,836,9628.27,wallet,authentication_failure,2,0.587,0.425,1,2026-07-03 12:42:33
5272,1946,8182.49,card,network_timeout,2,0.411,0.504,1,2026-06-27 12:42:33
5273,187,1054.27,card,network_timeout,2,0.854,0.682,1,2026-05-29 12:42:33
5274,556,407.57,upi,repeated_failure,3,0.609,0.02,0,2026-07-19 12:42:33
5275,782,691.84,netbanking,insufficient_balance,1,0.74,0.466,0,2026-08-13 12:42:33
5276,1151,3161.66,netbanking,repeated_failure,1,0.411,0.034,0,2026-07-26 12:42:33
5277,1868,3991.89,card,repeated_failure,3,0.456,0.02,0,2026-06-07 12:42:33
5278,1074,2134.04,upi,temporary_bank_failure,3,0.878,0.661,0,2026-07-05 12:42:33
5279,1572,7623.34,netbanking,authentication_failure,0,0.698,0.629,0,2026-07-15 12:42:33
5280,254,3786.81,wallet,customer_abandonment,3,0.773,0.069,0,2026-07-24 12:42:33
5281,1383,8629.89,card,insufficient_balance,0,0.959,0.634,0,2026-06-10 12:42:33
5282,350,8670.51,netbanking,network_timeout,2,0.585,0.574,0,2026-06-18 12:42:33
5283,1322,8483.67,wallet,customer_abandonment,1,0.862,0.265,0,2026-07-02 12:42:33
5284,271,8095.7,card,customer_abandonment,3,0.639,0.02,0,2026-06-14 12:42:33
5285,1822,2321.94,wallet,authentication_failure,3,0.707,0.393,0,2026-06-03 12:42:33
5286,860,6986.49,netbanking,customer_abandonment,3,0.839,0.096,0,2026-06-16 12:42:33
5287,73,3125.51,wallet,insufficient_balance,1,0.872,0.519,1,2026-07-22 12:42:33
5288,1965,7582.8,upi,insufficient_balance,2,0.762,0.395,0,2026-06-17 12:42:33
5289,1795,217.68,card,customer_abandonment,1,0.684,0.194,0,2026-07-30 12:42:33
5290,499,3104.26,upi,repeated_failure,0,0.924,0.32,1,2026-07-30 12:42:33
5291,1316,5486.13,card,authentication_failure,1,0.685,0.544,1,2026-06-13 12:42:33
5292,1738,4532.56,card,repeated_failure,1,0.823,0.199,0,2026-08-22 12:42:33
5293,1202,5366.74,card,authentication_failure,1,0.826,0.6,1,2026-06-16 12:42:33
5294,1068,8788.48,upi,insufficient_balance,0,0.848,0.589,0,2026-07-18 12:42:33
5295,1181,938.31,card,network_timeout,3,0.176,0.33,0,2026-08-01 12:42:33
5296,1001,5396.1,netbanking,insufficient_balance,3,0.891,0.366,0,2026-06-29 12:42:33
5297,1568,101.93,card,authentication_failure,0,0.697,0.629,1,2026-07-31 12:42:33
5298,1411,4284.59,netbanking,insufficient_balance,0,0.88,0.602,0,2026-06-19 12:42:33
5299,1235,2391.39,wallet,repeated_failure,0,0.548,0.169,1,2026-06-14 12:42:33
5300,1053,1970.85,upi,authentication_failure,2,0.806,0.512,0,2026-08-22 12:42:33
5301,1026,9998.92,upi,customer_abandonment,1,0.741,0.216,0,2026-06-15 12:42:33
5302,276,7331.42,wallet,network_timeout,2,0.726,0.63,1,2026-07-18 12:42:33
5303,889,4244.29,upi,network_timeout,2,0.908,0.703,0,2026-07-05 12:42:33
5304,1946,233.62,netbanking,network_timeout,0,0.411,0.664,0,2026-06-09 12:42:33
5305,698,2955.23,card,temporary_bank_failure,0,0.915,0.916,1,2026-06-09 12:42:33
5306,686,210.89,netbanking,customer_abandonment,0,0.569,0.228,1,2026-07-04 12:42:33
5307,711,8400.27,upi,customer_abandonment,1,0.862,0.265,1,2026-07-22 12:42:33
5308,1093,1981.24,wallet,network_timeout,0,0.878,0.851,1,2026-06-02 12:42:33
5309,48,5431.51,card,authentication_failure,2,0.628,0.441,1,2026-08-04 12:42:33
5310,422,5065.73,upi,authentication_failure,3,0.841,0.446,1,2026-07-18 12:42:33
5311,530,8379.87,netbanking,temporary_bank_failure,3,0.939,0.686,1,2026-07-31 12:42:33
5312,1460,583.48,upi,network_timeout,0,0.959,0.884,1,2026-06-11 12:42:33
5313,1293,5437.66,netbanking,insufficient_balance,1,0.494,0.368,0,2026-06-16 12:42:33
5314,924,8507.93,netbanking,network_timeout,1,0.96,0.804,1,2026-07-28 12:42:33
5315,1200,640.08,netbanking,authentication_failure,0,0.801,0.67,1,2026-08-06 12:42:33
5316,229,3470.87,upi,authentication_failure,3,0.783,0.423,0,2026-06-27 12:42:33
5317,836,8563.2,netbanking,temporary_bank_failure,2,0.587,0.625,1,2026-07-26 12:42:33
5318,757,7263.49,netbanking,insufficient_balance,0,0.813,0.575,1,2026-08-16 12:42:33
5319,1778,230.02,wallet,network_timeout,1,0.777,0.731,0,2026-07-23 12:42:33
5320,356,2898.28,wallet,repeated_failure,3,0.585,0.02,0,2026-08-13 12:42:33
5321,545,264.68,card,repeated_failure,0,0.698,0.229,0,2026-08-03 12:42:33
5322,847,3926.77,netbanking,network_timeout,2,0.702,0.621,1,2026-08-09 12:42:33
5323,459,9616.08,card,network_timeout,1,0.709,0.704,1,2026-08-09 12:42:33
5324,795,8451.29,upi,customer_abandonment,1,0.931,0.292,1,2026-06-15 12:42:33
5325,1196,9586.05,netbanking,authentication_failure,1,0.988,0.665,0,2026-07-15 12:42:33
5326,367,699.64,wallet,customer_abandonment,2,0.617,0.087,0,2026-07-05 12:42:33
5327,1697,7135.87,wallet,temporary_bank_failure,2,0.832,0.723,1,2026-08-10 12:42:33
5328,642,8425.39,upi,insufficient_balance,0,0.608,0.493,1,2026-07-01 12:42:33
5329,417,5172.07,upi,temporary_bank_failure,1,0.698,0.749,0,2026-07-04 12:42:33
5330,741,6851.14,netbanking,insufficient_balance,1,0.824,0.5,1,2026-07-24 12:42:33
5331,208,2668.71,upi,customer_abandonment,2,0.716,0.126,0,2026-06-13 12:42:33
5332,394,2257.61,netbanking,temporary_bank_failure,2,0.743,0.687,1,2026-06-10 12:42:33
5333,1363,8238.12,card,temporary_bank_failure,3,0.61,0.554,0,2026-07-19 12:42:33
5334,1479,2601.22,netbanking,repeated_failure,3,0.626,0.02,0,2026-08-12 12:42:33
5335,1665,3920.69,card,network_timeout,3,0.913,0.625,1,2026-07-29 12:42:33
5336,988,9635.26,wallet,repeated_failure,2,0.779,0.102,1,2026-07-27 12:42:33
5337,165,8060.56,card,customer_abandonment,1,0.44,0.096,0,2026-08-18 12:42:33
5338,1659,9791.76,card,temporary_bank_failure,2,0.679,0.662,1,2026-05-31 12:42:33
5339,509,7772.77,wallet,insufficient_balance,2,0.89,0.446,0,2026-06-23 12:42:33
5340,136,2384.58,netbanking,authentication_failure,3,0.888,0.465,1,2026-07-08 12:42:33
5341,1190,4083.92,netbanking,insufficient_balance,0,0.674,0.52,1,2026-07-28 12:42:33
5342,858,7421.61,upi,authentication_failure,3,0.832,0.443,1,2026-07-31 12:42:33
5343,1394,310.87,netbanking,customer_abandonment,0,0.697,0.279,0,2026-06-01 12:42:33
5344,304,640.44,wallet,authentication_failure,1,0.782,0.583,0,2026-07-18 12:42:33
5345,1250,7822.26,wallet,authentication_failure,3,0.572,0.339,0,2026-08-03 12:42:33
5346,997,3382.93,netbanking,customer_abandonment,2,0.641,0.096,0,2026-06-28 12:42:33
5347,968,3333.68,netbanking,insufficient_balance,2,0.907,0.453,1,2026-07-01 12:42:33
5348,1919,5728.14,netbanking,authentication_failure,2,0.915,0.556,1,2026-06-17 12:42:33
5349,1968,9655.9,netbanking,temporary_bank_failure,0,0.879,0.902,0,2026-06-04 12:42:33
5350,1797,839.26,netbanking,network_timeout,3,0.46,0.444,0,2026-08-19 12:42:33
5351,1212,6474.35,netbanking,insufficient_balance,0,0.929,0.622,0,2026-08-14 12:42:33
5352,1511,4182.8,upi,authentication_failure,0,0.558,0.573,0,2026-06-06 12:42:33
5353,311,6224.26,card,network_timeout,2,0.7,0.62,1,2026-06-22 12:42:33
5354,1476,668.85,wallet,authentication_failure,0,0.741,0.646,1,2026-07-27 12:42:33
5355,1607,7167.34,wallet,repeated_failure,0,0.889,0.306,0,2026-06-24 12:42:33
5356,1995,8740.03,netbanking,temporary_bank_failure,1,0.852,0.811,0,2026-06-08 12:42:33
5357,1982,3291.98,card,customer_abandonment,3,0.613,0.02,0,2026-06-05 12:42:33
5358,284,6525.7,netbanking,insufficient_balance,2,0.859,0.434,1,2026-08-20 12:42:33
5359,780,5274.6,netbanking,customer_abandonment,2,0.459,0.024,0,2026-06-08 12:42:33
5360,1229,2724.87,wallet,authentication_failure,0,0.796,0.668,0,2026-08-21 12:42:33
5361,115,953.17,card,temporary_bank_failure,1,0.774,0.78,0,2026-07-18 12:42:33
5362,952,9639.24,upi,repeated_failure,2,0.876,0.14,0,2026-07-05 12:42:33
5363,715,4334.94,card,repeated_failure,3,0.609,0.02,0,2026-08-15 12:42:33
5364,1647,9843.45,netbanking,customer_abandonment,2,0.722,0.129,0,2026-06-26 12:42:33
5365,140,4857.54,upi,customer_abandonment,2,0.481,0.032,0,2026-07-14 12:42:33
5366,1017,3011.3,upi,network_timeout,3,0.714,0.546,0,2026-07-08 12:42:33
5367,923,2563.43,upi,network_timeout,3,0.843,0.597,0,2026-06-13 12:42:33
5368,1890,6375.52,wallet,customer_abandonment,1,0.759,0.224,0,2026-07-24 12:42:33
5369,82,1152.08,wallet,authentication_failure,3,0.428,0.281,0,2026-07-15 12:42:33
5370,723,234.09,netbanking,temporary_bank_failure,1,0.847,0.809,1,2026-07-23 12:42:33
5371,563,8474.14,netbanking,insufficient_balance,3,0.961,0.394,0,2026-06-25 12:42:33
5372,1548,6649.45,upi,repeated_failure,2,0.817,0.117,0,2026-07-10 12:42:33
5373,81,7675.85,card,insufficient_balance,3,0.806,0.332,0,2026-07-31 12:42:33
5374,187,9575.29,upi,insufficient_balance,1,0.854,0.512,1,2026-07-22 12:42:33
5375,1438,8526.82,card,insufficient_balance,3,0.741,0.306,0,2026-07-25 12:42:33
5376,1787,1205.89,upi,authentication_failure,1,0.681,0.542,1,2026-06-26 12:42:33
5377,1113,4090.02,netbanking,authentication_failure,0,0.916,0.716,1,2026-06-04 12:42:33
5378,555,8736.96,upi,repeated_failure,0,0.711,0.234,0,2026-05-31 12:42:33
5379,949,4064.49,wallet,insufficient_balance,2,0.197,0.169,0,2026-06-13 12:42:33
5380,1179,5535.57,wallet,insufficient_balance,1,0.719,0.458,0,2026-07-10 12:42:33
5381,882,7930.67,upi,customer_abandonment,2,0.774,0.15,1,2026-08-03 12:42:33
5382,212,4859.37,netbanking,temporary_bank_failure,0,0.701,0.83,1,2026-06-18 12:42:33
5383,1179,7560.23,card,network_timeout,3,0.719,0.548,0,2026-08-20 12:42:33
5384,864,4273.6,upi,temporary_bank_failure,0,0.771,0.858,1,2026-06-21 12:42:33
5385,824,5933.18,wallet,customer_abandonment,1,0.884,0.274,0,2026-06-26 12:42:33
5386,1809,6847.39,upi,authentication_failure,3,0.665,0.376,0,2026-07-31 12:42:33
5387,198,910.46,card,temporary_bank_failure,2,0.668,0.657,0,2026-08-02 12:42:33
5388,1157,2344.02,upi,authentication_failure,1,0.797,0.589,1,2026-07-11 12:42:33
5389,331,2829.2,netbanking,network_timeout,0,0.519,0.708,1,2026-06-13 12:42:33
5390,1262,6058.29,wallet,insufficient_balance,3,0.488,0.205,0,2026-07-20 12:42:33
5391,964,1987.14,upi,customer_abandonment,3,0.948,0.139,0,2026-08-19 12:42:33
5392,216,3259.96,upi,temporary_bank_failure,0,0.675,0.82,1,2026-07-06 12:42:33
5393,1117,6074.75,card,customer_abandonment,2,0.747,0.139,0,2026-08-01 12:42:33
5394,1149,7735.39,card,temporary_bank_failure,1,0.714,0.756,1,2026-06-22 12:42:33
5395,1298,1728.39,card,insufficient_balance,1,0.649,0.43,0,2026-08-09 12:42:33
5396,1898,9328.15,card,network_timeout,3,0.939,0.636,1,2026-07-29 12:42:33
5397,1269,1031.01,upi,temporary_bank_failure,0,0.385,0.704,0,2026-06-12 12:42:33
5398,990,5976.67,wallet,network_timeout,2,0.867,0.687,1,2026-06-27 12:42:33
5399,675,5444.74,netbanking,insufficient_balance,0,0.49,0.446,1,2026-07-19 12:42:33
5400,504,5082.77,wallet,insufficient_balance,0,0.981,0.642,0,2026-08-05 12:42:33
5401,1637,4031.27,netbanking,repeated_failure,2,0.964,0.176,0,2026-07-27 12:42:33
5402,235,5447.58,netbanking,repeated_failure,3,0.616,0.02,0,2026-05-28 12:42:33
5403,1388,7569.77,netbanking,insufficient_balance,2,0.749,0.39,0,2026-07-09 12:42:33
5404,1029,3879.87,wallet,authentication_failure,3,0.533,0.323,0,2026-06-27 12:42:33
5405,1131,4349.96,netbanking,customer_abandonment,1,0.863,0.265,1,2026-08-13 12:42:33
5406,734,8434.74,upi,insufficient_balance,3,0.588,0.245,0,2026-06-08 12:42:33
5407,1089,3456.79,netbanking,insufficient_balance,2,0.757,0.393,0,2026-07-30 12:42:33
5408,1230,3081.4,netbanking,authentication_failure,0,0.936,0.724,1,2026-07-10 12:42:33
5409,19,6365.01,netbanking,temporary_bank_failure,2,0.803,0.711,1,2026-07-28 12:42:33
5410,625,365.98,card,authentication_failure,3,0.717,0.397,0,2026-07-28 12:42:33
5411,877,5232.77,netbanking,repeated_failure,1,0.858,0.213,0,2026-06-03 12:42:33
5412,1520,2800.59,upi,insufficient_balance,3,0.682,0.283,1,2026-06-15 12:42:33
5413,1320,4577.38,netbanking,customer_abandonment,0,0.35,0.14,0,2026-07-20 12:42:33
5414,311,1563.59,card,repeated_failure,2,0.7,0.07,0,2026-06-09 12:42:33
5415,813,7494.92,netbanking,authentication_failure,2,0.807,0.513,0,2026-07-25 12:42:33
5416,744,6394.71,card,temporary_bank_failure,3,0.63,0.562,1,2026-08-15 12:42:33
5417,1637,9809.99,card,authentication_failure,2,0.964,0.576,1,2026-06-22 12:42:33
5418,438,5289.17,card,customer_abandonment,0,0.641,0.256,1,2026-08-21 12:42:33
5419,1889,1584.31,card,temporary_bank_failure,0,0.754,0.852,1,2026-08-22 12:42:33
5420,1208,3982.97,netbanking,customer_abandonment,0,0.651,0.26,1,2026-08-04 12:42:33
5421,1151,9991.46,wallet,repeated_failure,2,0.411,0.02,0,2026-05-28 12:42:33
5422,1650,3750.07,wallet,repeated_failure,3,0.795,0.028,0,2026-08-24 12:42:33
5423,1,5014.96,wallet,network_timeout,3,0.796,0.578,0,2026-08-14 12:42:33
5424,818,2077.03,upi,customer_abandonment,0,0.643,0.257,0,2026-06-17 12:42:33
5425,1038,561.69,wallet,customer_abandonment,1,0.718,0.207,0,2026-07-05 12:42:33
5426,366,4871.75,upi,temporary_bank_failure,2,0.562,0.615,0,2026-07-25 12:42:33
5427,844,2080.97,wallet,temporary_bank_failure,1,0.568,0.697,0,2026-06-21 12:42:33
5428,813,5072.44,card,network_timeout,0,0.807,0.823,1,2026-07-11 12:42:33
5429,1700,6526.16,card,temporary_bank_failure,2,0.593,0.627,0,2026-06-21 12:42:33
5430,1020,4047.27,card,authentication_failure,3,0.651,0.37,1,2026-06-28 12:42:33
5431,682,9715.29,upi,insufficient_balance,0,0.702,0.531,1,2026-08-04 12:42:33
5432,17,2822.99,card,authentication_failure,1,0.547,0.489,1,2026-06-17 12:42:33
5433,849,9074.35,card,authentication_failure,0,0.557,0.573,0,2026-08-03 12:42:33
5434,1992,7555.53,upi,insufficient_balance,1,0.6,0.41,0,2026-06-23 12:42:33
5435,1953,9327.81,wallet,insufficient_balance,0,0.342,0.387,0,2026-07-28 12:42:33
5436,207,7908.31,upi,insufficient_balance,1,0.67,0.438,1,2026-06-04 12:42:33
5437,317,7716.37,card,customer_abandonment,0,0.802,0.321,0,2026-07-05 12:42:33
5438,1807,2599.56,wallet,insufficient_balance,2,0.626,0.34,1,2026-08-10 12:42:33
5439,331,7369.3,card,insufficient_balance,0,0.519,0.458,0,2026-06-12 12:42:33
5440,747,2712.05,netbanking,temporary_bank_failure,0,0.929,0.922,1,2026-06-13 12:42:33
5441,1019,3694.84,wallet,authentication_failure,0,0.879,0.702,1,2026-06-19 12:42:33
5442,1614,8919.03,netbanking,repeated_failure,2,0.457,0.02,0,2026-07-10 12:42:33
5443,1054,5542.01,netbanking,network_timeout,0,0.949,0.88,1,2026-07-15 12:42:33
5444,1798,7391.03,upi,customer_abandonment,0,0.863,0.345,0,2026-08-23 12:42:33
5445,77,6443.46,upi,insufficient_balance,1,0.221,0.258,0,2026-07-10 12:42:33
5446,438,4516.73,card,network_timeout,2,0.641,0.596,0,2026-07-25 12:42:33
5447,1026,2299.51,wallet,network_timeout,3,0.741,0.556,0,2026-07-03 12:42:33
5448,916,9647.09,card,network_timeout,3,0.927,0.631,1,2026-07-04 12:42:33
5449,1600,4618.9,upi,insufficient_balance,3,0.856,0.352,1,2026-08-22 12:42:33
5450,1118,2040.37,netbanking,repeated_failure,3,0.664,0.02,0,2026-06-12 12:42:33
5451,1152,7167.04,wallet,temporary_bank_failure,2,0.806,0.712,1,2026-07-15 12:42:33
5452,1568,2258.82,upi,network_timeout,3,0.697,0.539,0,2026-08-16 12:42:33
5453,374,8772.61,wallet,authentication_failure,1,0.938,0.645,1,2026-07-01 12:42:33
5454,1918,2260.41,netbanking,customer_abandonment,2,0.57,0.068,0,2026-08-25 12:42:33
5455,801,6414.56,wallet,insufficient_balance,1,0.575,0.4,1,2026-08-09 12:42:33
5456,462,5041.88,card,temporary_bank_failure,1,0.734,0.764,1,2026-06-03 12:42:33
5457,1274,8125.66,wallet,insufficient_balance,3,0.972,0.399,0,2026-07-28 12:42:33
5458,273,7332.82,wallet,insufficient_balance,2,0.598,0.329,1,2026-06-08 12:42:33
5459,1370,7448.74,netbanking,temporary_bank_failure,2,0.642,0.647,1,2026-07-17 12:42:33
5460,68,8880.11,wallet,repeated_failure,0,0.416,0.116,0,2026-07-17 12:42:33
5461,647,4384.58,card,network_timeout,3,0.712,0.545,1,2026-07-21 12:42:33
5462,1890,5020.31,card,temporary_bank_failure,1,0.759,0.774,1,2026-08-08 12:42:33
5463,790,178.46,netbanking,authentication_failure,1,0.665,0.536,1,2026-07-16 12:42:33
5464,1045,7842.36,upi,network_timeout,0,0.623,0.749,1,2026-06-29 12:42:33
5465,490,6629.78,card,network_timeout,1,0.579,0.652,0,2026-08-02 12:42:33
5466,244,614.24,card,temporary_bank_failure,0,0.831,0.882,1,2026-06-19 12:42:33
5467,1559,5197.31,card,temporary_bank_failure,1,0.467,0.657,1,2026-06-25 12:42:33
5468,1820,354.28,netbanking,insufficient_balance,1,0.917,0.537,0,2026-07-02 12:42:33
5469,1338,106.68,upi,network_timeout,0,0.596,0.738,1,2026-08-24 12:42:33
5470,1746,3173.29,upi,customer_abandonment,1,0.621,0.168,0,2026-06-10 12:42:33
5471,355,8094.11,wallet,authentication_failure,2,0.434,0.364,0,2026-08-03 12:42:33
5472,1805,4962.22,upi,repeated_failure,0,0.722,0.239,1,2026-08-07 12:42:33
5473,969,1761.21,upi,temporary_bank_failure,1,0.452,0.651,1,2026-07-10 12:42:33
5474,902,7135.19,card,network_timeout,3,0.474,0.45,0,2026-07-11 12:42:33
5475,1266,8104.54,card,customer_abandonment,3,0.823,0.089,0,2026-08-06 12:42:33
5476,912,6944.13,netbanking,repeated_failure,2,0.765,0.096,0,2026-07-22 12:42:33
5477,1171,7048.71,netbanking,insufficient_balance,0,0.931,0.622,0,2026-07-08 12:42:33
5478,522,2999.63,card,customer_abandonment,1,0.561,0.144,0,2026-06-16 12:42:33
5479,1122,2498.58,upi,insufficient_balance,1,0.319,0.298,0,2026-08-02 12:42:33
5480,1579,7029.8,upi,customer_abandonment,0,0.644,0.258,0,2026-07-23 12:42:33
5481,1760,8799.71,netbanking,temporary_bank_failure,3,0.907,0.673,1,2026-07-04 12:42:33
5482,1938,108.41,netbanking,customer_abandonment,1,0.855,0.262,0,2026-08-17 12:42:33
5483,1315,728.14,netbanking,customer_abandonment,3,0.963,0.145,0,2026-07-31 12:42:33
5484,51,8719.93,netbanking,repeated_failure,0,0.515,0.156,0,2026-07-22 12:42:33
5485,87,8492.29,card,authentication_failure,1,0.631,0.522,1,2026-07-13 12:42:33
5486,505,6650.11,wallet,temporary_bank_failure,0,0.814,0.876,1,2026-08-25 12:42:33
5487,1319,1001.29,wallet,network_timeout,3,0.714,0.546,0,2026-06-14 12:42:33
5488,878,4955.64,card,network_timeout,1,0.79,0.736,0,2026-05-30 12:42:33
5489,777,9945.19,upi,repeated_failure,3,0.469,0.02,1,2026-07-09 12:42:33
5490,638,5988.28,upi,customer_abandonment,0,0.342,0.137,0,2026-06-23 12:42:33
5491,107,7999.24,netbanking,insufficient_balance,0,0.633,0.503,1,2026-07-29 12:42:33
5492,468,8513.81,upi,network_timeout,1,0.893,0.777,1,2026-07-10 12:42:33
5493,1386,5160.62,netbanking,temporary_bank_failure,2,0.781,0.702,1,2026-06-18 12:42:33
5494,1270,1355.27,upi,network_timeout,2,0.597,0.579,1,2026-06-18 12:42:33
5495,401,9910.23,upi,repeated_failure,3,0.763,0.02,0,2026-07-26 12:42:33
5496,1569,7964.86,card,authentication_failure,1,0.681,0.542,1,2026-06-24 12:42:33
5497,1960,2382.33,netbanking,repeated_failure,3,0.736,0.02,0,2026-07-14 12:42:33
5498,1341,8924.59,wallet,insufficient_balance,0,0.956,0.632,0,2026-08-06 12:42:33
5499,239,4858.78,wallet,temporary_bank_failure,0,0.93,0.922,1,2026-08-24 12:42:33
5500,1178,8220.8,upi,repeated_failure,1,0.933,0.243,0,2026-06-04 12:42:33
5501,629,4987.15,card,customer_abandonment,3,0.961,0.144,0,2026-08-12 12:42:33
5502,537,761.28,upi,insufficient_balance,0,0.686,0.524,0,2026-06-16 12:42:33
5503,914,8228.1,wallet,insufficient_balance,1,0.564,0.396,0,2026-08-13 12:42:33
5504,1549,1561.9,card,temporary_bank_failure,2,0.399,0.55,0,2026-07-19 12:42:33
5505,1038,6535.33,upi,customer_abandonment,0,0.718,0.287,0,2026-06-24 12:42:33
5506,285,451.56,card,temporary_bank_failure,3,0.777,0.621,0,2026-08-03 12:42:33
5507,1860,6021.52,card,network_timeout,1,0.726,0.71,1,2026-07-18 12:42:33
5508,1773,6740.64,upi,temporary_bank_failure,1,0.558,0.693,1,2026-06-22 12:42:33
5509,343,7804.58,card,customer_abandonment,3,0.749,0.06,0,2026-07-12 12:42:33
5510,1425,2540.28,netbanking,authentication_failure,3,0.765,0.416,1,2026-08-03 12:42:33
5511,902,3990.22,upi,insufficient_balance,2,0.474,0.28,1,2026-07-22 12:42:33
5512,371,8928.19,wallet,authentication_failure,2,0.665,0.456,0,2026-08-01 12:42:33
5513,757,5554.9,netbanking,insufficient_balance,1,0.813,0.495,0,2026-07-03 12:42:33
5514,1794,7044.45,card,authentication_failure,2,0.625,0.44,0,2026-06-18 12:42:33
5515,769,1903.37,netbanking,authentication_failure,1,0.554,0.492,0,2026-07-11 12:42:33
5516,187,7065.71,netbanking,insufficient_balance,3,0.854,0.352,1,2026-07-06 12:42:33
5517,1520,8158.41,wallet,repeated_failure,0,0.682,0.223,0,2026-05-29 12:42:33
5518,541,6855.74,wallet,temporary_bank_failure,3,0.641,0.566,0,2026-07-07 12:42:33
5519,1447,7827.81,card,authentication_failure,3,0.702,0.391,1,2026-07-26 12:42:33
5520,709,7000.2,card,temporary_bank_failure,3,0.548,0.529,1,2026-06-19 12:42:33
5521,887,5068.02,upi,customer_abandonment,1,0.937,0.295,1,2026-06-12 12:42:33
5522,1717,1609.72,card,temporary_bank_failure,3,0.809,0.634,1,2026-05-28 12:42:33
5523,984,2219.47,netbanking,repeated_failure,0,0.681,0.222,0,2026-06-07 12:42:33
5524,1592,5931.37,card,authentication_failure,3,0.339,0.246,1,2026-07-22 12:42:33
5525,542,7344.57,wallet,repeated_failure,0,0.671,0.218,0,2026-06-18 12:42:33
5526,381,8798.05,upi,temporary_bank_failure,2,0.881,0.742,1,2026-07-16 12:42:33
5527,1166,9701.77,wallet,customer_abandonment,0,0.883,0.353,0,2026-07-04 12:42:33
5528,1840,8634.15,wallet,repeated_failure,1,0.66,0.134,0,2026-06-12 12:42:33
5529,1437,2436.36,upi,customer_abandonment,2,0.464,0.026,0,2026-06-04 12:42:33
5530,1973,2595.39,wallet,temporary_bank_failure,2,0.711,0.674,1,2026-06-18 12:42:33
5531,467,3327.92,upi,authentication_failure,2,0.842,0.527,1,2026-07-28 12:42:33
5532,259,1615.07,upi,repeated_failure,0,0.935,0.324,1,2026-08-22 12:42:33
5533,569,6111.86,card,repeated_failure,0,0.77,0.258,0,2026-07-04 12:42:33
5534,1840,2958.19,card,network_timeout,3,0.66,0.524,0,2026-07-28 12:42:33
5535,425,3006.03,netbanking,repeated_failure,2,0.797,0.109,0,2026-06-22 12:42:33
5536,1409,9319.44,wallet,repeated_failure,1,0.939,0.246,0,2026-06-19 12:42:33
5537,1619,3955.57,card,customer_abandonment,3,0.944,0.138,0,2026-07-24 12:42:33
5538,1160,5616.12,wallet,temporary_bank_failure,0,0.683,0.823,1,2026-07-28 12:42:33
5539,299,7990.93,card,customer_abandonment,1,0.853,0.261,0,2026-06-24 12:42:33
5540,1849,3344.13,card,network_timeout,2,0.87,0.688,0,2026-07-21 12:42:33
5541,1185,617.84,wallet,repeated_failure,2,0.511,0.02,0,2026-08-19 12:42:33
5542,1385,8045.33,card,temporary_bank_failure,0,0.878,0.901,1,2026-07-25 12:42:33
5543,1310,4687.63,wallet,temporary_bank_failure,0,0.697,0.829,1,2026-07-27 12:42:33
5544,1879,6176.61,card,authentication_failure,1,0.611,0.514,0,2026-06-21 12:42:33
5545,1274,297.02,upi,repeated_failure,2,0.972,0.179,0,2026-07-25 12:42:33
5546,1553,3920.7,card,authentication_failure,1,0.6,0.51,1,2026-07-05 12:42:33
5547,1428,9677.02,card,repeated_failure,3,0.624,0.02,0,2026-08-05 12:42:33
5548,1030,7771.07,card,customer_abandonment,0,0.702,0.281,0,2026-06-13 12:42:33
5549,1710,2863.82,card,authentication_failure,2,0.633,0.443,0,2026-06-28 12:42:33
5550,1267,7306.21,upi,repeated_failure,3,0.881,0.062,0,2026-07-18 12:42:33
5551,1793,2822.16,upi,customer_abandonment,2,0.886,0.194,0,2026-08-06 12:42:33
5552,210,2394.98,upi,insufficient_balance,3,0.895,0.368,0,2026-08-15 12:42:33
5553,1899,9389.03,netbanking,authentication_failure,2,0.648,0.449,1,2026-06-22 12:42:33
5554,1847,1429.31,netbanking,network_timeout,3,0.416,0.426,0,2026-08-10 12:42:33
5555,1438,8325.38,wallet,temporary_bank_failure,0,0.741,0.846,1,2026-07-24 12:42:33
5556,509,4966.45,upi,temporary_bank_failure,1,0.89,0.826,1,2026-06-20 12:42:33
5557,1451,9363.68,upi,repeated_failure,3,0.807,0.033,0,2026-06-22 12:42:33
5558,678,2710.27,card,repeated_failure,0,0.915,0.316,1,2026-08-20 12:42:33
5559,1657,2541.77,card,repeated_failure,1,0.846,0.208,0,2026-07-23 12:42:33
5560,962,8432.2,card,customer_abandonment,3,0.762,0.065,0,2026-06-26 12:42:33
5561,1398,6556.47,netbanking,repeated_failure,0,0.515,0.156,1,2026-07-21 12:42:33
5562,142,1850.41,wallet,network_timeout,3,0.599,0.5,0,2026-07-08 12:42:33
5563,185,2728.25,netbanking,authentication_failure,0,0.81,0.674,0,2026-07-09 12:42:33
5564,1664,3768.54,wallet,customer_abandonment,0,0.793,0.317,1,2026-08-15 12:42:33
5565,1132,7760.65,wallet,authentication_failure,3,0.716,0.396,0,2026-06-17 12:42:33
5566,160,2114.19,upi,network_timeout,3,0.395,0.418,1,2026-07-23 12:42:33
5567,343,3809.13,card,temporary_bank_failure,3,0.749,0.61,1,2026-06-22 12:42:33
5568,1095,5826.48,upi,customer_abandonment,1,0.589,0.156,0,2026-07-08 12:42:33
5569,610,2847.57,upi,authentication_failure,3,0.646,0.368,0,2026-06-17 12:42:33
5570,445,7531.36,upi,insufficient_balance,2,0.88,0.442,0,2026-07-26 12:42:33
5571,1155,7764.25,upi,repeated_failure,2,0.828,0.121,0,2026-07-14 12:42:33
5572,1981,679.46,netbanking,customer_abandonment,1,0.734,0.214,0,2026-05-28 12:42:33
5573,78,3103.25,card,authentication_failure,0,0.595,0.588,1,2026-07-04 12:42:33
5574,812,2163.69,card,repeated_failure,0,0.755,0.252,0,2026-08-15 12:42:33
5575,93,8384.36,wallet,customer_abandonment,3,0.597,0.02,0,2026-06-06 12:42:33
5576,1598,2242.73,wallet,network_timeout,1,0.759,0.724,1,2026-08-17 12:42:33
5577,1219,8543.07,netbanking,insufficient_balance,3,0.75,0.31,0,2026-07-05 12:42:33
5578,1063,354.27,wallet,repeated_failure,0,0.628,0.201,0,2026-08-24 12:42:33
5579,1507,6775.15,upi,network_timeout,2,0.659,0.604,1,2026-06-07 12:42:33
5580,1320,9003.41,upi,customer_abandonment,1,0.35,0.06,1,2026-07-19 12:42:33
5581,1991,9994.16,upi,authentication_failure,0,0.85,0.69,1,2026-07-25 12:42:33
5582,103,6928.85,upi,temporary_bank_failure,3,0.892,0.667,0,2026-07-19 12:42:33
5583,70,3934.06,netbanking,customer_abandonment,1,0.861,0.264,1,2026-06-14 12:42:33
5584,55,1782.51,netbanking,repeated_failure,1,0.755,0.172,0,2026-08-17 12:42:33
5585,727,1422.8,upi,authentication_failure,2,0.556,0.412,0,2026-07-11 12:42:33
5586,1799,2222.01,upi,insufficient_balance,2,0.911,0.454,0,2026-07-30 12:42:33
5587,1090,714.01,upi,customer_abandonment,2,0.69,0.116,0,2026-08-15 12:42:33
5588,1576,7793.63,wallet,temporary_bank_failure,1,0.613,0.715,0,2026-06-14 12:42:33
5589,380,9467.44,card,network_timeout,3,0.813,0.585,1,2026-08-16 12:42:33
5590,1441,268.8,card,repeated_failure,3,0.875,0.06,0,2026-06-25 12:42:33
5591,1973,2855.51,upi,authentication_failure,1,0.711,0.554,1,2026-06-03 12:42:33
5592,247,9870.54,card,customer_abandonment,1,0.89,0.276,1,2026-07-12 12:42:33
5593,1327,7330.5,upi,insufficient_balance,0,0.866,0.596,0,2026-06-24 12:42:33
5594,1276,8993.36,netbanking,network_timeout,3,0.794,0.578,1,2026-07-04 12:42:33
5595,1346,6624.34,wallet,temporary_bank_failure,0,0.742,0.847,1,2026-06-22 12:42:33
5596,1033,6671.66,upi,customer_abandonment,1,0.846,0.258,0,2026-07-14 12:42:33
5597,66,9823.99,netbanking,network_timeout,1,0.768,0.727,1,2026-06-03 12:42:33
5598,1978,5050.71,wallet,authentication_failure,3,0.503,0.311,0,2026-06-28 12:42:33
5599,941,6011.56,netbanking,repeated_failure,3,0.692,0.02,0,2026-07-21 12:42:33
5600,1009,7271.59,card,insufficient_balance,0,0.691,0.526,0,2026-08-13 12:42:33
5601,1974,2336.56,upi,repeated_failure,3,0.708,0.02,0,2026-08-10 12:42:33
5602,1029,1965.99,card,authentication_failure,2,0.533,0.403,1,2026-07-22 12:42:33
5603,543,3952.8,card,authentication_failure,3,0.795,0.428,1,2026-07-09 12:42:33
5604,565,7278.34,wallet,temporary_bank_failure,0,0.821,0.878,1,2026-07-24 12:42:33
5605,180,539.53,netbanking,temporary_bank_failure,1,0.836,0.804,1,2026-06-24 12:42:33
5606,1527,6545.74,upi,repeated_failure,1,0.899,0.23,0,2026-08-21 12:42:33
5607,850,5930.92,upi,repeated_failure,3,0.759,0.02,0,2026-07-30 12:42:33
5608,1519,1295.75,card,temporary_bank_failure,2,0.413,0.555,1,2026-06-25 12:42:33
5609,1877,5144.34,wallet,repeated_failure,3,0.838,0.045,0,2026-07-24 12:42:33
5610,683,349.07,wallet,customer_abandonment,2,0.87,0.188,0,2026-07-25 12:42:33
5611,1428,8740.45,wallet,authentication_failure,0,0.624,0.6,1,2026-08-09 12:42:33
5612,1728,285.39,upi,repeated_failure,0,0.617,0.197,0,2026-06-27 12:42:33
5613,29,5313.32,card,network_timeout,3,0.951,0.64,0,2026-08-20 12:42:33
5614,1782,2515.94,wallet,authentication_failure,0,0.658,0.613,1,2026-08-02 12:42:33
5615,1032,5635.83,wallet,network_timeout,0,0.479,0.692,1,2026-08-25 12:42:33
5616,515,8499.31,netbanking,temporary_bank_failure,2,0.967,0.777,1,2026-06-28 12:42:33
5617,438,1685.18,wallet,network_timeout,1,0.641,0.676,1,2026-08-08 12:42:33
5618,1041,8418.88,upi,insufficient_balance,3,0.334,0.144,1,2026-06-12 12:42:33
5619,1506,8039.37,netbanking,insufficient_balance,1,0.56,0.394,1,2026-08-21 12:42:33
5620,186,7765.48,upi,temporary_bank_failure,1,0.497,0.669,1,2026-06-13 12:42:33
5621,74,6051.43,card,network_timeout,3,0.444,0.438,0,2026-07-31 12:42:33
5622,49,9033.88,upi,insufficient_balance,1,0.726,0.46,0,2026-06-18 12:42:33
5623,1576,3258.04,wallet,customer_abandonment,2,0.613,0.085,0,2026-07-05 12:42:33
5624,329,5091.78,card,insufficient_balance,2,0.736,0.384,0,2026-06-16 12:42:33
5625,1943,4890.51,wallet,authentication_failure,3,0.602,0.351,1,2026-08-14 12:42:33
5626,333,1206.66,card,authentication_failure,3,0.911,0.474,0,2026-06-26 12:42:33
5627,907,8540.04,wallet,customer_abandonment,3,0.756,0.062,0,2026-08-18 12:42:33
5628,136,9753.1,netbanking,insufficient_balance,1,0.888,0.525,1,2026-07-03 12:42:33
5629,1437,1200.55,wallet,network_timeout,0,0.464,0.686,1,2026-06-07 12:42:33
5630,446,5506.02,wallet,repeated_failure,0,0.661,0.214,0,2026-08-07 12:42:33
5631,1937,5305.99,wallet,customer_abandonment,1,0.829,0.252,1,2026-07-30 12:42:33
5632,844,4176.6,netbanking,repeated_failure,0,0.568,0.177,0,2026-08-08 12:42:33
5633,1111,3453.84,wallet,repeated_failure,1,0.904,0.232,0,2026-06-16 12:42:33
5634,341,6295.7,netbanking,temporary_bank_failure,1,0.438,0.645,1,2026-08-09 12:42:33
5635,673,3591.18,netbanking,customer_abandonment,2,0.576,0.07,0,2026-07-02 12:42:33
5636,321,5703.55,wallet,temporary_bank_failure,1,0.945,0.848,1,2026-07-04 12:42:33
5637,1088,8895.1,netbanking,temporary_bank_failure,0,0.555,0.772,1,2026-08-17 12:42:33
5638,160,5970.85,card,repeated_failure,1,0.395,0.028,0,2026-08-11 12:42:33
5639,1799,1742.95,upi,customer_abandonment,0,0.911,0.364,0,2026-07-26 12:42:33
5640,1787,1572.89,wallet,authentication_failure,1,0.681,0.542,0,2026-08-16 12:42:33
5641,1181,7224.57,netbanking,authentication_failure,3,0.176,0.18,0,2026-05-31 12:42:33
5642,1147,3525.57,netbanking,temporary_bank_failure,3,0.822,0.639,1,2026-07-20 12:42:33
5643,1030,2428.59,card,temporary_bank_failure,0,0.702,0.831,1,2026-07-17 12:42:33
5644,681,7323.52,upi,insufficient_balance,2,0.661,0.354,0,2026-06-25 12:42:33
5645,806,6743.09,netbanking,temporary_bank_failure,2,0.789,0.706,1,2026-07-01 12:42:33
5646,1333,9513.02,card,insufficient_balance,0,0.693,0.527,0,2026-08-16 12:42:33
5647,1096,5372.08,card,customer_abandonment,1,0.618,0.167,0,2026-07-17 12:42:33
5648,1471,9764.95,card,network_timeout,0,0.747,0.799,1,2026-07-17 12:42:33
5649,332,7909.46,wallet,temporary_bank_failure,3,0.938,0.685,1,2026-08-16 12:42:33
5650,1180,8207.87,wallet,customer_abandonment,1,0.811,0.244,0,2026-08-08 12:42:33
5651,1092,6673.76,card,network_timeout,0,0.481,0.692,1,2026-06-16 12:42:33
5652,750,8017.86,wallet,network_timeout,0,0.946,0.878,1,2026-07-27 12:42:33
5653,300,2325.64,netbanking,repeated_failure,3,0.519,0.02,0,2026-05-28 12:42:33
5654,1054,3216.37,upi,authentication_failure,3,0.949,0.49,0,2026-07-23 12:42:33
5655,1932,6971.3,netbanking,network_timeout,3,0.77,0.568,1,2026-08-21 12:42:33
5656,845,2209.16,netbanking,network_timeout,2,0.995,0.738,1,2026-06-24 12:42:33
5657,111,6557.01,wallet,insufficient_balance,0,0.573,0.479,1,2026-07-14 12:42:33
5658,1329,4238.08,card,customer_abandonment,3,0.853,0.101,0,2026-08-22 12:42:33
5659,556,1001.76,card,temporary_bank_failure,1,0.609,0.714,0,2026-07-26 12:42:33
5660,916,7364.84,netbanking,insufficient_balance,3,0.927,0.381,1,2026-08-02 12:42:33
5661,807,3792.21,wallet,authentication_failure,2,0.929,0.562,1,2026-06-06 12:42:33
5662,241,5375.3,card,network_timeout,2,0.609,0.584,1,2026-07-02 12:42:33
5663,1739,766.2,wallet,temporary_bank_failure,0,0.827,0.881,1,2026-07-10 12:42:33
5664,1457,9039.36,netbanking,insufficient_balance,2,0.799,0.41,1,2026-08-01 12:42:33
5665,402,5855.3,wallet,network_timeout,0,0.581,0.732,1,2026-06-13 12:42:33
5666,428,6255.89,netbanking,network_timeout,0,0.987,0.895,1,2026-07-20 12:42:33
5667,1564,2162.28,wallet,customer_abandonment,1,0.637,0.175,0,2026-05-31 12:42:33
5668,1226,6492.71,upi,temporary_bank_failure,1,0.791,0.786,1,2026-06-15 12:42:33
5669,498,4238.71,netbanking,authentication_failure,2,0.481,0.382,1,2026-07-18 12:42:33
5670,1312,2527.27,upi,repeated_failure,0,0.828,0.281,1,2026-08-22 12:42:33
5671,1540,2526.44,upi,temporary_bank_failure,2,0.833,0.723,1,2026-07-25 12:42:33
5672,1449,3292.54,netbanking,customer_abandonment,3,0.738,0.055,1,2026-06-22 12:42:33
5673,510,1988.11,upi,temporary_bank_failure,3,0.577,0.541,1,2026-07-25 12:42:33
5674,1418,1796.03,upi,temporary_bank_failure,0,0.871,0.898,1,2026-08-02 12:42:33
5675,259,8265.09,netbanking,repeated_failure,2,0.935,0.164,1,2026-07-02 12:42:33
5676,150,1526.44,card,repeated_failure,2,0.878,0.141,0,2026-08-11 12:42:33
5677,948,372.11,upi,repeated_failure,2,0.525,0.02,0,2026-07-30 12:42:33
5678,1866,8160.95,wallet,authentication_failure,3,0.834,0.444,1,2026-06-29 12:42:33
5679,177,487.24,netbanking,customer_abandonment,2,0.795,0.158,0,2026-06-27 12:42:33
5680,1981,8227.38,upi,authentication_failure,1,0.734,0.564,1,2026-07-15 12:42:33
5681,1549,7031.68,card,customer_abandonment,1,0.399,0.08,0,2026-08-16 12:42:33
5682,1049,4429.65,netbanking,repeated_failure,2,0.777,0.101,0,2026-07-10 12:42:33
5683,183,7407.57,card,insufficient_balance,1,0.654,0.432,0,2026-08-03 12:42:33
5684,1456,1442.6,upi,repeated_failure,3,0.697,0.02,0,2026-07-16 12:42:33
5685,1700,2174.26,netbanking,repeated_failure,0,0.593,0.187,1,2026-07-27 12:42:33
5686,225,6454.42,card,repeated_failure,0,0.486,0.144,0,2026-05-29 12:42:33
5687,77,8153.78,card,repeated_failure,3,0.221,0.02,0,2026-07-03 12:42:33
5688,846,5092.21,upi,repeated_failure,1,0.877,0.221,0,2026-06-09 12:42:33
5689,693,5088.59,card,temporary_bank_failure,1,0.604,0.712,0,2026-06-05 12:42:33
5690,1247,6524.09,card,authentication_failure,1,0.619,0.518,0,2026-07-22 12:42:33
5691,1207,7342.97,card,temporary_bank_failure,0,0.47,0.738,0,2026-08-08 12:42:33
5692,234,4810.42,card,repeated_failure,0,0.816,0.276,0,2026-06-12 12:42:33
5693,1477,6452.28,upi,customer_abandonment,1,0.435,0.094,0,2026-06-21 12:42:33
5694,1379,2728.18,netbanking,insufficient_balance,1,0.816,0.496,1,2026-06-07 12:42:33
5695,1932,5270.45,netbanking,insufficient_balance,0,0.77,0.558,1,2026-08-05 12:42:33
5696,1070,7709.05,netbanking,insufficient_balance,0,0.681,0.522,0,2026-08-21 12:42:33
5697,269,7751.19,card,authentication_failure,1,0.782,0.583,1,2026-06-18 12:42:33
5698,800,8036.13,wallet,repeated_failure,2,0.685,0.064,0,2026-07-22 12:42:33
5699,211,9160.9,wallet,authentication_failure,1,0.665,0.536,1,2026-06-07 12:42:33
5700,1197,1019.34,netbanking,temporary_bank_failure,3,0.631,0.562,0,2026-07-04 12:42:33
5701,1402,2011.24,netbanking,repeated_failure,2,0.476,0.02,0,2026-06-01 12:42:33
5702,518,1377.39,card,repeated_failure,1,0.841,0.206,1,2026-07-01 12:42:33
5703,1734,970.48,wallet,insufficient_balance,0,0.735,0.544,0,2026-07-26 12:42:33
5704,102,9140.37,netbanking,insufficient_balance,2,0.741,0.386,0,2026-08-02 12:42:33
5705,1741,801.98,card,temporary_bank_failure,0,0.859,0.894,1,2026-08-24 12:42:33
5706,248,8282.68,card,network_timeout,3,0.695,0.538,1,2026-06-16 12:42:33
5707,1189,6183.14,upi,network_timeout,1,0.305,0.542,0,2026-07-16 12:42:33
5708,1569,1536.64,wallet,customer_abandonment,0,0.681,0.272,0,2026-08-18 12:42:33
5709,1271,3742.43,wallet,repeated_failure,0,0.686,0.224,1,2026-08-05 12:42:33
5710,1153,5189.23,upi,repeated_failure,2,0.778,0.101,0,2026-07-13 12:42:33
5711,1781,9380.66,wallet,network_timeout,0,0.639,0.756,1,2026-06-21 12:42:33
5712,465,2930.09,netbanking,customer_abandonment,0,0.416,0.166,0,2026-07-14 12:42:33
5713,136,3089.16,card,insufficient_balance,3,0.888,0.365,1,2026-07-31 12:42:33
5714,1864,3063.27,upi,repeated_failure,3,0.66,0.02,0,2026-07-22 12:42:33
5715,450,748.35,upi,repeated_failure,2,0.369,0.02,0,2026-08-18 12:42:33
5716,772,3165.83,upi,network_timeout,3,0.751,0.56,1,2026-06-14 12:42:33
5717,746,5800.88,wallet,repeated_failure,3,0.923,0.079,0,2026-08-08 12:42:33
5718,703,6363.0,upi,network_timeout,0,0.801,0.82,1,2026-07-03 12:42:33
5719,436,6916.98,wallet,customer_abandonment,1,0.888,0.275,0,2026-07-18 12:42:33
5720,1947,539.99,upi,repeated_failure,0,0.285,0.064,0,2026-07-05 12:42:33
5721,270,5962.57,wallet,authentication_failure,2,0.609,0.434,0,2026-06-15 12:42:33
5722,1969,9121.98,wallet,customer_abandonment,0,0.512,0.205,1,2026-07-16 12:42:33
5723,585,6051.11,wallet,authentication_failure,3,0.783,0.423,1,2026-07-07 12:42:33
5724,1383,9230.53,card,customer_abandonment,0,0.959,0.384,0,2026-07-18 12:42:33
5725,906,5273.1,wallet,customer_abandonment,1,0.878,0.271,0,2026-07-25 12:42:33
5726,600,9035.96,wallet,repeated_failure,0,0.606,0.192,0,2026-07-03 12:42:33
5727,608,4313.29,wallet,insufficient_balance,0,0.801,0.57,0,2026-07-24 12:42:33
5728,558,5711.98,card,authentication_failure,0,0.763,0.655,1,2026-06-08 12:42:33
5729,925,7264.83,wallet,repeated_failure,1,0.777,0.181,0,2026-08-14 12:42:33
5730,835,9458.38,upi,insufficient_balance,2,0.674,0.36,0,2026-06-07 12:42:33
5731,910,6741.53,upi,repeated_failure,2,0.869,0.138,0,2026-08-16 12:42:33
5732,430,8274.89,card,network_timeout,2,0.684,0.614,1,2026-07-05 12:42:33
5733,1234,2163.88,card,authentication_failure,3,0.599,0.35,0,2026-08-21 12:42:33
5734,130,8478.17,netbanking,customer_abandonment,2,0.467,0.027,0,2026-08-22 12:42:33
5735,1623,2694.5,netbanking,repeated_failure,0,0.908,0.313,1,2026-06-16 12:42:33
5736,1824,4097.29,card,customer_abandonment,0,0.743,0.297,0,2026-06-28 12:42:33
5737,599,7463.83,upi,repeated_failure,2,0.88,0.142,0,2026-07-12 12:42:33
5738,543,1943.22,wallet,customer_abandonment,0,0.795,0.318,0,2026-07-05 12:42:33
5739,564,5290.55,netbanking,network_timeout,1,0.827,0.751,1,2026-07-08 12:42:33
5740,1254,317.86,upi,authentication_failure,0,0.28,0.462,1,2026-08-04 12:42:33
5741,642,4894.83,wallet,repeated_failure,0,0.608,0.193,0,2026-06-14 12:42:33
5742,1095,8899.35,card,customer_abandonment,2,0.589,0.076,0,2026-06-05 12:42:33
5743,1607,7150.11,netbanking,temporary_bank_failure,0,0.889,0.906,0,2026-08-04 12:42:33
5744,479,4505.58,netbanking,temporary_bank_failure,3,0.763,0.615,1,2026-08-10 12:42:33
5745,887,2471.56,wallet,customer_abandonment,1,0.937,0.295,1,2026-07-02 12:42:33
5746,786,2340.0,upi,temporary_bank_failure,3,0.928,0.681,0,2026-06-28 12:42:33
5747,1073,3299.13,upi,network_timeout,2,0.549,0.56,1,2026-06-02 12:42:33
5748,978,5225.77,netbanking,insufficient_balance,3,0.596,0.248,0,2026-07-30 12:42:33
5749,1271,8433.43,netbanking,authentication_failure,1,0.686,0.544,1,2026-06-04 12:42:33
5750,1781,6944.92,wallet,repeated_failure,0,0.639,0.206,0,2026-08-16 12:42:33
5751,926,2367.36,upi,insufficient_balance,3,0.528,0.221,0,2026-06-04 12:42:33
5752,875,1217.32,wallet,network_timeout,3,0.679,0.532,0,2026-06-19 12:42:33
5753,475,767.4,netbanking,repeated_failure,1,0.601,0.11,0,2026-06-22 12:42:33
5754,624,1475.25,wallet,insufficient_balance,2,0.976,0.48,1,2026-05-29 12:42:33
5755,1119,9924.16,netbanking,insufficient_balance,2,0.621,0.338,0,2026-08-18 12:42:33
5756,896,6244.07,card,temporary_bank_failure,2,0.632,0.643,1,2026-07-14 12:42:33
5757,1212,3836.57,upi,repeated_failure,0,0.929,0.322,0,2026-07-31 12:42:33
5758,1664,1591.2,card,network_timeout,1,0.793,0.737,1,2026-07-07 12:42:33
5759,1546,927.34,upi,temporary_bank_failure,3,0.61,0.554,0,2026-06-25 12:42:33
5760,754,5107.88,card,customer_abandonment,3,0.891,0.116,1,2026-06-07 12:42:33
5761,1085,5148.55,card,authentication_failure,2,0.839,0.526,0,2026-06-03 12:42:33
5762,1317,4142.96,card,repeated_failure,0,0.862,0.295,0,2026-05-28 12:42:33
5763,500,3287.54,upi,network_timeout,2,0.585,0.574,1,2026-08-10 12:42:33
5764,7,7861.79,upi,repeated_failure,3,0.726,0.02,0,2026-08-23 12:42:33
5765,264,2638.33,wallet,insufficient_balance,0,0.773,0.559,1,2026-07-31 12:42:33
5766,1365,7311.37,card,temporary_bank_failure,2,0.76,0.694,0,2026-07-10 12:42:33
5767,1192,5257.14,wallet,network_timeout,0,0.788,0.815,1,2026-07-18 12:42:33
5768,530,2836.67,netbanking,authentication_failure,0,0.939,0.726,1,2026-08-12 12:42:33
5769,1044,8963.36,card,network_timeout,0,0.562,0.725,1,2026-07-01 12:42:33
5770,1844,7184.83,card,network_timeout,0,0.635,0.754,1,2026-08-16 12:42:33
5771,1417,2413.43,wallet,network_timeout,3,0.741,0.556,1,2026-08-21 12:42:33
5772,1287,9273.15,upi,authentication_failure,0,0.69,0.626,1,2026-07-05 12:42:33
5773,417,6157.33,card,customer_abandonment,2,0.698,0.119,1,2026-06-23 12:42:33
5774,793,8135.42,netbanking,temporary_bank_failure,2,0.218,0.477,1,2026-07-23 12:42:33
5775,362,5445.14,card,insufficient_balance,1,0.803,0.491,1,2026-07-13 12:42:33
5776,724,4964.59,card,network_timeout,3,0.967,0.647,1,2026-06-10 12:42:33
5777,1493,2778.11,upi,temporary_bank_failure,2,0.851,0.73,1,2026-08-06 12:42:33
5778,1764,1275.71,upi,repeated_failure,1,0.888,0.225,0,2026-07-28 12:42:33
5779,641,670.4,card,insufficient_balance,0,0.898,0.609,1,2026-08-22 12:42:33
5780,1612,713.8,upi,temporary_bank_failure,1,0.604,0.712,1,2026-06-08 12:42:33
5781,145,202.87,upi,temporary_bank_failure,3,0.729,0.602,0,2026-05-28 12:42:33
5782,1454,2003.93,wallet,insufficient_balance,0,0.786,0.564,1,2026-06-17 12:42:33
5783,1084,4714.84,upi,repeated_failure,1,0.792,0.187,1,2026-07-31 12:42:33
5784,1450,8666.1,netbanking,temporary_bank_failure,2,0.674,0.66,1,2026-08-16 12:42:33
5785,550,9275.01,card,network_timeout,1,0.744,0.718,1,2026-06-15 12:42:33
5786,447,4582.03,card,insufficient_balance,1,0.684,0.444,0,2026-06-27 12:42:33
5787,1381,2858.17,upi,customer_abandonment,1,0.392,0.077,0,2026-08-03 12:42:33
5788,1480,3221.26,card,customer_abandonment,2,0.461,0.024,0,2026-07-29 12:42:33
5789,1322,4796.53,wallet,authentication_failure,0,0.862,0.695,0,2026-06-08 12:42:33
5790,417,2497.95,netbanking,customer_abandonment,3,0.698,0.039,0,2026-08-21 12:42:33
5791,82,5182.73,card,repeated_failure,2,0.428,0.02,0,2026-08-13 12:42:33
5792,498,8369.21,netbanking,temporary_bank_failure,1,0.481,0.662,1,2026-08-24 12:42:33
5793,113,6689.07,upi,repeated_failure,2,0.958,0.173,0,2026-07-14 12:42:33
5794,1121,2843.71,wallet,temporary_bank_failure,3,0.813,0.635,1,2026-06-26 12:42:33
5795,82,6422.03,wallet,network_timeout,0,0.428,0.671,1,2026-06-05 12:42:33
5796,329,8325.37,wallet,temporary_bank_failure,3,0.736,0.604,1,2026-06-10 12:42:33
5797,125,8774.26,wallet,authentication_failure,2,0.94,0.566,1,2026-07-01 12:42:33
5798,382,278.44,netbanking,insufficient_balance,3,0.977,0.401,1,2026-06-26 12:42:33
5799,122,4338.97,netbanking,insufficient_balance,3,0.603,0.251,0,2026-06-11 12:42:33
5800,722,7395.39,netbanking,insufficient_balance,0,0.907,0.613,0,2026-07-29 12:42:33
5801,1498,6452.98,card,authentication_failure,0,0.551,0.57,0,2026-08-10 12:42:33
5802,702,8371.55,netbanking,temporary_bank_failure,3,0.644,0.568,0,2026-06-23 12:42:33
5803,1234,2181.1,upi,temporary_bank_failure,1,0.599,0.71,1,2026-06-19 12:42:33
5804,1715,4083.44,wallet,repeated_failure,0,0.857,0.293,0,2026-08-01 12:42:33
5805,579,4507.41,wallet,authentication_failure,1,0.512,0.475,1,2026-08-17 12:42:33
5806,408,3008.57,card,customer_abandonment,0,0.728,0.291,0,2026-08-12 12:42:33
5807,1844,4143.17,netbanking,network_timeout,0,0.635,0.754,1,2026-08-22 12:42:33
5808,1923,1665.68,card,authentication_failure,2,0.605,0.432,1,2026-06-04 12:42:33
5809,844,7781.89,upi,network_timeout,1,0.568,0.647,1,2026-06-21 12:42:33
5810,815,4828.74,netbanking,repeated_failure,0,0.928,0.321,0,2026-06-19 12:42:33
5811,235,1744.4,card,authentication_failure,1,0.616,0.516,1,2026-07-14 12:42:33
5812,227,5787.65,netbanking,temporary_bank_failure,3,0.23,0.402,0,2026-08-11 12:42:33
5813,1948,7213.39,card,authentication_failure,1,0.773,0.579,1,2026-06-10 12:42:33
5814,50,3414.93,wallet,repeated_failure,2,0.915,0.156,0,2026-07-09 12:42:33
5815,1270,3030.31,netbanking,insufficient_balance,3,0.597,0.249,0,2026-06-20 12:42:33
5816,1728,3834.02,card,authentication_failure,3,0.617,0.357,1,2026-07-31 12:42:33
5817,572,3094.97,upi,customer_abandonment,3,0.836,0.094,0,2026-05-28 12:42:33
5818,944,2454.64,card,insufficient_balance,3,0.634,0.264,0,2026-08-23 12:42:33
5819,135,9740.26,upi,network_timeout,1,0.61,0.664,1,2026-07-09 12:42:33
5820,1484,4252.74,upi,customer_abandonment,0,0.433,0.173,0,2026-06-29 12:42:33
5821,1348,3544.23,wallet,customer_abandonment,0,0.695,0.278,0,2026-06-15 12:42:33
5822,1127,5904.89,wallet,temporary_bank_failure,3,0.922,0.679,1,2026-08-02 12:42:33
5823,701,6573.53,upi,customer_abandonment,2,0.875,0.19,0,2026-08-16 12:42:33
5824,11,2788.11,netbanking,repeated_failure,3,0.772,0.02,0,2026-07-18 12:42:33
5825,1745,2316.06,upi,customer_abandonment,2,0.701,0.12,0,2026-08-10 12:42:33
5826,1475,8344.55,wallet,network_timeout,3,0.813,0.585,0,2026-07-15 12:42:33
5827,1920,5775.22,wallet,temporary_bank_failure,0,0.791,0.866,1,2026-08-14 12:42:33
5828,1916,951.58,wallet,temporary_bank_failure,0,0.95,0.93,1,2026-05-30 12:42:33
5829,1889,4744.35,card,network_timeout,1,0.754,0.722,1,2026-06-15 12:42:33
5830,13,2256.21,card,repeated_failure,2,0.788,0.105,0,2026-07-15 12:42:33
5831,1635,1827.12,wallet,network_timeout,0,0.627,0.751,1,2026-08-09 12:42:33
5832,1062,4628.8,card,network_timeout,0,0.877,0.851,0,2026-06-17 12:42:33
5833,85,1514.96,upi,customer_abandonment,2,0.861,0.184,1,2026-07-21 12:42:33
5834,1229,3015.18,wallet,network_timeout,3,0.796,0.578,1,2026-08-18 12:42:33
5835,795,8036.3,card,network_timeout,0,0.931,0.872,1,2026-07-31 12:42:33
5836,1412,718.16,card,network_timeout,0,0.822,0.829,1,2026-06-18 12:42:33
5837,608,7900.4,wallet,repeated_failure,0,0.801,0.27,1,2026-06-15 12:42:33
5838,1868,694.18,netbanking,temporary_bank_failure,0,0.456,0.732,1,2026-07-05 12:42:33
5839,1599,1778.77,upi,repeated_failure,1,0.806,0.192,0,2026-06-16 12:42:33
5840,1923,9511.22,card,repeated_failure,2,0.605,0.032,0,2026-07-24 12:42:33
5841,1231,2142.34,netbanking,repeated_failure,3,0.765,0.02,0,2026-06-09 12:42:33
5842,127,7795.26,wallet,authentication_failure,0,0.78,0.662,0,2026-06-13 12:42:33
5843,647,9087.3,upi,repeated_failure,2,0.712,0.075,0,2026-07-12 12:42:33
5844,183,4177.13,netbanking,insufficient_balance,1,0.654,0.432,0,2026-06-24 12:42:33
5845,438,5669.94,netbanking,network_timeout,2,0.641,0.596,1,2026-08-14 12:42:33
5846,1467,5078.15,wallet,insufficient_balance,3,0.823,0.339,0,2026-07-13 12:42:33
5847,322,6406.64,netbanking,repeated_failure,2,0.432,0.02,0,2026-07-20 12:42:33
5848,1710,4829.43,card,temporary_bank_failure,2,0.633,0.643,1,2026-08-18 12:42:33
5849,1178,8327.69,card,insufficient_balance,2,0.933,0.463,0,2026-06-11 12:42:33
5850,468,6725.44,upi,customer_abandonment,1,0.893,0.277,1,2026-06-19 12:42:33
5851,1565,3217.41,card,authentication_failure,0,0.862,0.695,1,2026-08-03 12:42:33
5852,835,7365.49,card,repeated_failure,1,0.674,0.14,0,2026-06-11 12:42:33
5853,765,2804.35,netbanking,authentication_failure,3,0.692,0.387,1,2026-08-19 12:42:33
5854,943,6400.42,wallet,authentication_failure,1,0.396,0.428,0,2026-07-16 12:42:33
5855,409,4716.59,netbanking,insufficient_balance,2,0.868,0.437,1,2026-07-30 12:42:33
5856,376,8359.29,wallet,insufficient_balance,0,0.673,0.519,0,2026-07-01 12:42:33
5857,212,1828.92,netbanking,customer_abandonment,3,0.701,0.04,0,2026-08-21 12:42:33
5858,1666,2089.52,netbanking,temporary_bank_failure,1,0.833,0.803,1,2026-06-03 12:42:33
5859,1481,8563.62,upi,repeated_failure,0,0.852,0.291,1,2026-07-22 12:42:33
5860,887,5474.35,upi,customer_abandonment,3,0.937,0.135,0,2026-08-15 12:42:33
5861,830,1253.62,upi,network_timeout,1,0.95,0.8,0,2026-08-10 12:42:33
5862,268,4857.54,wallet,authentication_failure,2,0.701,0.47,0,2026-06-04 12:42:33
5863,1096,861.85,netbanking,network_timeout,1,0.618,0.667,0,2026-07-03 12:42:33
5864,993,5233.1,wallet,network_timeout,1,0.463,0.605,1,2026-06-02 12:42:33
5865,69,8386.19,card,temporary_bank_failure,0,0.782,0.863,1,2026-06-14 12:42:33
5866,592,8279.86,wallet,network_timeout,0,0.866,0.846,0,2026-08-02 12:42:33
5867,1360,2912.11,wallet,repeated_failure,3,0.659,0.02,0,2026-08-25 12:42:33
5868,303,637.41,card,network_timeout,2,0.604,0.582,0,2026-07-31 12:42:33
5869,1015,2274.42,upi,repeated_failure,3,0.856,0.052,0,2026-08-24 12:42:33
5870,10,5308.57,card,network_timeout,2,0.813,0.665,0,2026-08-02 12:42:33
5871,784,3158.09,wallet,temporary_bank_failure,0,0.912,0.915,1,2026-07-08 12:42:33
5872,881,924.08,upi,insufficient_balance,2,0.249,0.19,1,2026-06-27 12:42:33
5873,368,3371.14,card,authentication_failure,3,0.607,0.353,0,2026-06-24 12:42:33
5874,1304,5813.58,upi,network_timeout,3,0.922,0.629,1,2026-06-09 12:42:33
5875,1783,6654.68,wallet,temporary_bank_failure,0,0.523,0.759,1,2026-08-06 12:42:33
5876,752,6787.35,netbanking,insufficient_balance,0,0.903,0.611,1,2026-05-31 12:42:33
5877,1862,3838.05,wallet,network_timeout,1,0.902,0.781,1,2026-07-23 12:42:33
5878,831,2159.56,netbanking,network_timeout,2,0.785,0.654,0,2026-07-30 12:42:33
5879,1466,651.63,card,network_timeout,1,0.702,0.701,0,2026-07-18 12:42:33
5880,1773,7279.13,netbanking,repeated_failure,3,0.558,0.02,0,2026-07-14 12:42:33
5881,725,3617.29,netbanking,temporary_bank_failure,0,0.534,0.764,1,2026-06-21 12:42:33
5882,633,6139.84,netbanking,temporary_bank_failure,0,0.647,0.809,1,2026-06-21 12:42:33
5883,538,2978.72,card,network_timeout,1,0.939,0.796,1,2026-06-16 12:42:33
5884,945,3683.49,card,temporary_bank_failure,1,0.407,0.633,1,2026-06-03 12:42:33
5885,1707,1523.53,upi,authentication_failure,2,0.795,0.508,0,2026-06-07 12:42:33
5886,1911,269.53,upi,insufficient_balance,0,0.889,0.606,1,2026-07-26 12:42:33
5887,319,2687.37,card,customer_abandonment,3,0.728,0.051,0,2026-07-31 12:42:33
5888,1554,7512.99,upi,insufficient_balance,0,0.896,0.608,1,2026-06-24 12:42:33
5889,1256,3074.66,upi,repeated_failure,0,0.681,0.222,0,2026-06-10 12:42:33
5890,607,997.04,netbanking,authentication_failure,0,0.519,0.558,1,2026-06-07 12:42:33
5891,1694,7981.25,card,customer_abandonment,1,0.717,0.207,0,2026-08-15 12:42:33
5892,792,1887.96,wallet,network_timeout,1,0.706,0.702,0,2026-08-07 12:42:33
5893,690,9152.16,netbanking,temporary_bank_failure,3,0.862,0.655,1,2026-07-10 12:42:33
5894,648,7271.71,netbanking,temporary_bank_failure,3,0.889,0.666,0,2026-06-27 12:42:33
5895,882,8491.56,card,authentication_failure,0,0.774,0.66,1,2026-06-29 12:42:33
5896,1207,4329.94,card,network_timeout,1,0.47,0.608,0,2026-08-01 12:42:33
5897,1991,3259.75,card,temporary_bank_failure,2,0.85,0.73,1,2026-06-24 12:42:33
5898,1613,1377.53,wallet,customer_abandonment,0,0.405,0.162,1,2026-08-22 12:42:33
5899,950,3664.19,card,authentication_failure,1,0.489,0.466,1,2026-08-04 12:42:33
5900,657,5685.38,card,authentication_failure,1,0.772,0.579,1,2026-06-29 12:42:33
5901,1461,4023.08,netbanking,repeated_failure,0,0.829,0.282,0,2026-05-31 12:42:33
5902,576,3116.09,wallet,customer_abandonment,1,0.914,0.286,0,2026-06-26 12:42:33
5903,1056,6620.97,upi,authentication_failure,3,0.905,0.472,0,2026-08-06 12:42:33
5904,1031,5689.18,wallet,authentication_failure,2,0.555,0.412,1,2026-07-28 12:42:33
5905,800,5672.02,wallet,customer_abandonment,3,0.685,0.034,0,2026-08-23 12:42:33
5906,39,7301.14,wallet,authentication_failure,1,0.548,0.489,0,2026-06-29 12:42:33
5907,1193,3419.34,card,insufficient_balance,2,0.558,0.313,1,2026-06-11 12:42:33
5908,1193,9164.68,wallet,repeated_failure,2,0.558,0.02,0,2026-08-03 12:42:33
5909,1226,5402.22,card,repeated_failure,3,0.791,0.026,0,2026-08-02 12:42:33
5910,1717,6548.45,card,insufficient_balance,1,0.809,0.494,1,2026-07-13 12:42:33
5911,873,948.4,card,repeated_failure,3,0.622,0.02,0,2026-06-15 12:42:33
5912,1232,6445.54,card,temporary_bank_failure,2,0.78,0.702,0,2026-08-20 12:42:33
5913,578,8774.41,netbanking,customer_abandonment,1,0.828,0.251,0,2026-07-28 12:42:33
5914,1496,6042.05,upi,repeated_failure,2,0.639,0.046,0,2026-06-11 12:42:33
5915,1684,6824.94,upi,network_timeout,0,0.492,0.697,0,2026-08-16 12:42:33
5916,809,7881.65,netbanking,customer_abandonment,3,0.846,0.098,0,2026-08-19 12:42:33
5917,328,2049.98,wallet,authentication_failure,2,0.683,0.463,0,2026-06-28 12:42:33
5918,1133,6818.38,card,temporary_bank_failure,1,0.797,0.789,1,2026-07-05 12:42:33
5919,176,6970.48,card,network_timeout,0,0.479,0.692,0,2026-07-04 12:42:33
5920,1791,5205.51,card,temporary_bank_failure,0,0.714,0.836,1,2026-06-05 12:42:33
5921,1784,4841.77,card,authentication_failure,3,0.63,0.362,0,2026-07-13 12:42:33
5922,1607,493.82,wallet,customer_abandonment,3,0.889,0.116,0,2026-05-31 12:42:33
5923,1354,1825.07,wallet,authentication_failure,1,0.73,0.562,1,2026-06-09 12:42:33
5924,1503,5368.03,wallet,repeated_failure,1,0.8,0.19,0,2026-07-17 12:42:33
5925,355,9341.02,card,network_timeout,2,0.434,0.514,0,2026-06-24 12:42:33
5926,129,2237.33,netbanking,authentication_failure,1,0.638,0.525,0,2026-06-22 12:42:33
5927,750,9314.41,wallet,network_timeout,3,0.946,0.638,1,2026-05-29 12:42:33
5928,1168,7124.1,upi,network_timeout,0,0.873,0.849,1,2026-06-12 12:42:33
5929,673,3139.72,card,repeated_failure,2,0.576,0.02,0,2026-06-06 12:42:33
5930,1267,4693.57,upi,repeated_failure,2,0.881,0.142,0,2026-07-01 12:42:33
5931,261,7921.76,upi,temporary_bank_failure,3,0.459,0.494,1,2026-08-25 12:42:33
5932,1740,7785.88,card,authentication_failure,1,0.674,0.54,0,2026-08-11 12:42:33
5933,620,6589.82,netbanking,network_timeout,2,0.996,0.738,1,2026-08-24 12:42:33
5934,709,6205.81,card,authentication_failure,2,0.548,0.409,0,2026-07-26 12:42:33
5935,1616,789.99,upi,repeated_failure,1,0.782,0.183,0,2026-08-14 12:42:33
5936,1394,3302.46,wallet,customer_abandonment,0,0.697,0.279,1,2026-07-31 12:42:33
5937,534,8174.43,wallet,customer_abandonment,2,0.645,0.098,0,2026-08-16 12:42:33
5938,1584,5918.91,upi,authentication_failure,3,0.675,0.38,0,2026-07-17 12:42:33
5939,203,6116.48,upi,repeated_failure,2,0.847,0.129,0,2026-05-30 12:42:33
5940,1989,9264.84,upi,insufficient_balance,2,0.814,0.416,0,2026-08-14 12:42:33
5941,867,9719.82,netbanking,temporary_bank_failure,2,0.926,0.76,1,2026-06-01 12:42:33
5942,1025,3712.71,wallet,network_timeout,2,0.684,0.614,1,2026-07-06 12:42:33
5943,1351,7634.6,wallet,insufficient_balance,2,0.936,0.464,0,2026-07-20 12:42:33
5944,1473,5383.12,netbanking,temporary_bank_failure,1,0.82,0.798,1,2026-07-28 12:42:33
5945,589,8869.4,card,network_timeout,3,0.833,0.593,0,2026-07-19 12:42:33
5946,592,3997.43,card,network_timeout,1,0.866,0.766,1,2026-06-26 12:42:33
5947,732,2194.68,card,temporary_bank_failure,3,0.938,0.685,1,2026-06-29 12:42:33
5948,600,6881.25,netbanking,customer_abandonment,3,0.606,0.02,0,2026-08-24 12:42:33
5949,285,520.44,upi,temporary_bank_failure,0,0.777,0.861,0,2026-06-05 12:42:33
5950,1373,656.38,wallet,insufficient_balance,0,0.848,0.589,0,2026-07-13 12:42:33
5951,1919,3004.14,wallet,insufficient_balance,0,0.915,0.616,1,2026-06-11 12:42:33
5952,1265,1812.39,upi,repeated_failure,2,0.815,0.116,1,2026-08-01 12:42:33
5953,1699,4620.99,wallet,temporary_bank_failure,3,0.618,0.557,0,2026-07-24 12:42:33
5954,309,1520.74,wallet,insufficient_balance,2,0.86,0.434,1,2026-06-10 12:42:33
5955,1111,7631.21,netbanking,network_timeout,2,0.904,0.702,0,2026-08-23 12:42:33
5956,734,3623.98,wallet,temporary_bank_failure,2,0.588,0.625,1,2026-06-24 12:42:33
5957,252,6757.85,card,insufficient_balance,1,0.931,0.542,0,2026-08-21 12:42:33
5958,1140,2194.07,wallet,temporary_bank_failure,2,0.821,0.718,0,2026-08-10 12:42:33
5959,1735,4699.94,upi,repeated_failure,2,0.523,0.02,0,2026-07-14 12:42:33
5960,1946,9707.07,upi,temporary_bank_failure,0,0.411,0.714,1,2026-08-20 12:42:33
5961,1734,2858.2,wallet,network_timeout,3,0.735,0.554,0,2026-07-25 12:42:33
5962,1749,8682.77,wallet,customer_abandonment,1,0.846,0.258,0,2026-06-16 12:42:33
5963,1550,4046.33,wallet,network_timeout,2,0.845,0.678,1,2026-07-14 12:42:33
5964,445,3638.02,wallet,repeated_failure,3,0.88,0.062,1,2026-08-16 12:42:33
5965,319,1329.96,wallet,insufficient_balance,0,0.728,0.541,0,2026-08-06 12:42:33
5966,298,4953.06,upi,customer_abandonment,3,0.901,0.12,0,2026-06-01 12:42:33
5967,1373,6008.29,card,repeated_failure,1,0.848,0.209,1,2026-07-23 12:42:33
5968,446,4733.09,netbanking,temporary_bank_failure,2,0.661,0.654,0,2026-07-06 12:42:33
5969,1937,2162.59,netbanking,repeated_failure,3,0.829,0.042,0,2026-05-30 12:42:33
5970,920,6559.94,netbanking,authentication_failure,2,0.883,0.543,1,2026-07-09 12:42:33
5971,1763,1619.54,wallet,temporary_bank_failure,1,0.949,0.85,1,2026-06-06 12:42:33
5972,1992,5932.54,wallet,insufficient_balance,1,0.6,0.41,0,2026-08-12 12:42:33
5973,1962,3868.47,wallet,network_timeout,1,0.885,0.774,0,2026-07-31 12:42:33
5974,1967,9479.93,card,temporary_bank_failure,2,0.767,0.697,1,2026-08-06 12:42:33
5975,1471,3732.88,netbanking,temporary_bank_failure,1,0.747,0.769,1,2026-07-27 12:42:33
5976,257,2944.86,upi,authentication_failure,2,0.912,0.555,1,2026-06-22 12:42:33
5977,636,2190.45,card,customer_abandonment,0,0.803,0.321,1,2026-08-18 12:42:33
5978,581,2721.9,netbanking,temporary_bank_failure,1,0.858,0.813,1,2026-08-06 12:42:33
5979,978,566.68,upi,network_timeout,2,0.596,0.578,0,2026-06-16 12:42:33
5980,1895,6371.54,card,customer_abandonment,1,0.863,0.265,1,2026-07-12 12:42:33
5981,792,3688.61,wallet,network_timeout,0,0.706,0.782,0,2026-06-07 12:42:33
5982,696,6867.15,wallet,authentication_failure,2,0.84,0.526,1,2026-08-17 12:42:33
5983,988,3327.31,upi,repeated_failure,2,0.779,0.102,0,2026-08-07 12:42:33
5984,130,690.86,card,temporary_bank_failure,3,0.467,0.497,0,2026-06-19 12:42:33
5985,1579,3643.88,upi,insufficient_balance,1,0.644,0.428,1,2026-06-02 12:42:33
5986,1642,4602.59,netbanking,network_timeout,3,0.656,0.522,1,2026-08-02 12:42:33
5987,906,1003.36,card,insufficient_balance,2,0.878,0.441,0,2026-08-23 12:42:33
5988,806,5053.68,upi,temporary_bank_failure,1,0.789,0.786,0,2026-07-08 12:42:33
5989,1963,5915.56,netbanking,network_timeout,1,0.843,0.757,1,2026-06-09 12:42:33
5990,409,2656.95,card,temporary_bank_failure,3,0.868,0.657,1,2026-07-23 12:42:33
5991,895,1585.39,netbanking,temporary_bank_failure,1,0.86,0.814,0,2026-06-03 12:42:33
5992,1032,6845.43,card,insufficient_balance,1,0.479,0.362,1,2026-07-11 12:42:33
5993,961,4276.81,wallet,network_timeout,1,0.912,0.785,1,2026-07-26 12:42:33
5994,1843,9652.25,netbanking,temporary_bank_failure,0,0.658,0.813,1,2026-06-17 12:42:33
5995,753,5312.86,card,customer_abandonment,0,0.86,0.344,1,2026-07-07 12:42:33
5996,1153,533.92,upi,repeated_failure,3,0.778,0.021,0,2026-07-16 12:42:33
5997,189,8445.32,card,temporary_bank_failure,3,0.779,0.622,1,2026-08-15 12:42:33
5998,948,5723.59,card,network_timeout,1,0.525,0.63,1,2026-07-03 12:42:33
5999,373,5296.91,card,insufficient_balance,1,0.888,0.525,0,2026-05-31 12:42:33
6000,1763,5500.85,card,network_timeout,1,0.949,0.8,1,2026-06-01 12:42:33
6001,365,229.45,netbanking,temporary_bank_failure,2,0.425,0.56,1,2026-05-31 12:42:33
6002,469,8157.64,netbanking,temporary_bank_failure,2,0.834,0.724,1,2026-08-25 12:42:33
6003,862,196.9,wallet,repeated_failure,0,0.955,0.332,1,2026-06-13 12:42:33
6004,1294,3675.52,card,network_timeout,1,0.594,0.658,1,2026-08-09 12:42:33
6005,1404,8552.25,upi,authentication_failure,0,0.753,0.651,0,2026-07-01 12:42:33
6006,772,3719.93,card,repeated_failure,0,0.751,0.25,0,2026-05-28 12:42:33
6007,1080,5125.72,netbanking,customer_abandonment,0,0.596,0.238,0,2026-07-02 12:42:33
6008,1395,6635.77,netbanking,temporary_bank_failure,2,0.754,0.692,1,2026-06-17 12:42:33
6009,1360,6648.57,card,authentication_failure,2,0.659,0.454,1,2026-08-08 12:42:33
6010,1718,3655.96,netbanking,authentication_failure,3,0.88,0.462,1,2026-07-21 12:42:33
6011,1533,8415.02,wallet,repeated_failure,3,0.91,0.074,0,2026-07-28 12:42:33
6012,176,1252.9,wallet,network_timeout,3,0.479,0.452,1,2026-07-10 12:42:33
6013,1662,2778.52,upi,authentication_failure,1,0.908,0.633,0,2026-07-31 12:42:33
6014,1301,5842.48,upi,network_timeout,1,0.861,0.764,1,2026-08-15 12:42:33
6015,998,4833.83,wallet,authentication_failure,0,0.756,0.652,1,2026-06-27 12:42:33
6016,1224,768.95,wallet,network_timeout,2,0.532,0.553,1,2026-07-25 12:42:33
6017,1813,8998.85,netbanking,temporary_bank_failure,0,0.64,0.806,0,2026-06-12 12:42:33
6018,1597,3000.13,wallet,insufficient_balance,3,0.72,0.298,0,2026-08-04 12:42:33
6019,1663,9035.87,upi,temporary_bank_failure,0,0.672,0.819,1,2026-07-29 12:42:33
6020,1625,5534.49,wallet,customer_abandonment,0,0.829,0.332,0,2026-08-03 12:42:33
6021,1724,3171.5,netbanking,temporary_bank_failure,0,0.637,0.805,1,2026-08-15 12:42:33
6022,963,824.08,wallet,temporary_bank_failure,2,0.577,0.621,0,2026-07-15 12:42:33
6023,883,4783.57,upi,repeated_failure,2,0.548,0.02,0,2026-06-12 12:42:33
6024,1130,9971.44,card,repeated_failure,0,0.729,0.242,0,2026-06-05 12:42:33
6025,336,6337.59,wallet,authentication_failure,3,0.634,0.364,0,2026-07-23 12:42:33
6026,1232,2936.46,netbanking,customer_abandonment,3,0.78,0.072,0,2026-08-06 12:42:33
6027,787,7931.8,wallet,customer_abandonment,0,0.889,0.356,1,2026-07-20 12:42:33
6028,1617,1509.25,netbanking,network_timeout,1,0.657,0.683,1,2026-08-18 12:42:33
6029,1568,9767.06,card,network_timeout,0,0.697,0.779,0,2026-06-20 12:42:33
6030,1123,6580.75,card,insufficient_balance,1,0.385,0.324,1,2026-06-24 12:42:33
6031,706,4457.69,netbanking,insufficient_balance,3,0.684,0.284,1,2026-06-15 12:42:33
6032,1296,5573.36,netbanking,customer_abandonment,3,0.946,0.138,0,2026-06-10 12:42:33
6033,1073,4308.16,upi,network_timeout,3,0.549,0.48,0,2026-08-25 12:42:33
6034,519,1754.75,wallet,customer_abandonment,2,0.684,0.114,0,2026-06-21 12:42:33
6035,1055,1215.27,card,temporary_bank_failure,1,0.94,0.846,1,2026-05-30 12:42:33
6036,1266,3276.01,wallet,temporary_bank_failure,3,0.823,0.639,1,2026-07-23 12:42:33
6037,1924,6944.3,upi,repeated_failure,1,0.824,0.2,1,2026-07-12 12:42:33
6038,1443,8204.56,wallet,authentication_failure,0,0.913,0.715,0,2026-07-03 12:42:33
6039,630,119.66,wallet,insufficient_balance,3,0.93,0.382,0,2026-07-09 12:42:33
6040,205,7863.29,upi,temporary_bank_failure,0,0.865,0.896,1,2026-07-24 12:42:33
6041,1059,3394.33,wallet,repeated_failure,0,0.746,0.248,0,2026-06-03 12:42:33
6042,1216,1148.19,wallet,repeated_failure,1,0.82,0.198,0,2026-08-16 12:42:33
6043,679,8081.15,upi,insufficient_balance,1,0.956,0.552,0,2026-06-27 12:42:33
6044,584,3674.12,upi,authentication_failure,3,0.944,0.488,1,2026-08-01 12:42:33
6045,932,7955.1,wallet,customer_abandonment,0,0.537,0.215,0,2026-07-21 12:42:33
6046,750,2732.97,card,repeated_failure,2,0.946,0.168,0,2026-08-21 12:42:33
6047,1089,4763.75,netbanking,authentication_failure,1,0.757,0.573,0,2026-08-09 12:42:33
6048,1919,2190.13,card,authentication_failure,3,0.915,0.476,0,2026-08-17 12:42:33
6049,246,6529.13,netbanking,repeated_failure,1,0.757,0.173,0,2026-05-30 12:42:33
6050,1911,5362.66,card,temporary_bank_failure,2,0.889,0.746,0,2026-08-15 12:42:33
6051,87,4996.05,wallet,insufficient_balance,3,0.631,0.262,1,2026-07-10 12:42:33
6052,1969,2945.25,upi,customer_abandonment,0,0.512,0.205,0,2026-06-01 12:42:33
6053,731,8192.69,netbanking,authentication_failure,2,0.736,0.484,1,2026-07-23 12:42:33
6054,987,5126.96,card,network_timeout,2,0.708,0.623,0,2026-06-02 12:42:33
6055,674,8290.91,card,temporary_bank_failure,3,0.464,0.496,1,2026-07-29 12:42:33
6056,688,9415.52,upi,temporary_bank_failure,1,0.657,0.733,1,2026-06-06 12:42:33
6057,1751,1310.73,upi,authentication_failure,0,0.929,0.722,0,2026-06-20 12:42:33
6058,1698,9885.28,card,temporary_bank_failure,1,0.322,0.599,1,2026-07-10 12:42:33
6059,1556,8142.49,wallet,temporary_bank_failure,1,0.704,0.752,1,2026-08-22 12:42:33
6060,139,5979.42,upi,authentication_failure,0,0.917,0.717,1,2026-06-26 12:42:33
6061,756,9251.17,wallet,customer_abandonment,1,0.81,0.244,0,2026-08-11 12:42:33
6062,1042,3481.42,wallet,repeated_failure,1,0.576,0.1,0,2026-06-27 12:42:33
6063,1647,7611.53,card,temporary_bank_failure,3,0.722,0.599,1,2026-06-29 12:42:33
6064,1155,836.23,netbanking,repeated_failure,1,0.828,0.201,0,2026-06-29 12:42:33
6065,124,8528.6,card,authentication_failure,1,0.73,0.562,0,2026-08-24 12:42:33
6066,502,6349.91,card,insufficient_balance,1,0.814,0.496,1,2026-07-22 12:42:33
6067,194,5533.58,upi,network_timeout,3,0.778,0.571,1,2026-08-18 12:42:33
6068,1541,9229.34,netbanking,customer_abandonment,0,0.737,0.295,0,2026-07-09 12:42:33
6069,1086,9097.05,card,repeated_failure,3,0.688,0.02,0,2026-07-01 12:42:33
6070,1099,6541.13,card,insufficient_balance,3,0.443,0.187,0,2026-07-26 12:42:33
6071,1421,1154.66,netbanking,customer_abandonment,2,0.952,0.221,0,2026-08-06 12:42:33
6072,247,9097.26,wallet,insufficient_balance,3,0.89,0.366,1,2026-07-04 12:42:33
6073,1885,1096.97,wallet,customer_abandonment,0,0.957,0.383,1,2026-06-06 12:42:33
6074,166,3950.14,card,insufficient_balance,2,0.725,0.38,1,2026-07-27 12:42:33
6075,932,8848.63,upi,temporary_bank_failure,1,0.537,0.685,1,2026-06-08 12:42:33
6076,1117,7055.29,wallet,repeated_failure,3,0.747,0.02,0,2026-06-14 12:42:33
6077,1558,5261.84,upi,temporary_bank_failure,2,0.969,0.778,0,2026-07-17 12:42:33
6078,1131,5517.78,wallet,network_timeout,2,0.863,0.685,1,2026-06-04 12:42:33
6079,171,2068.32,upi,customer_abandonment,1,0.922,0.289,0,2026-06-14 12:42:33
6080,1243,2592.58,wallet,repeated_failure,1,0.558,0.093,1,2026-06-08 12:42:33
6081,742,8141.27,upi,insufficient_balance,2,0.644,0.348,0,2026-07-13 12:42:33
6082,393,9148.75,card,insufficient_balance,3,0.742,0.307,1,2026-06-24 12:42:33
6083,177,5053.58,netbanking,authentication_failure,1,0.795,0.588,1,2026-06-22 12:42:33
6084,1780,4289.43,upi,repeated_failure,0,0.709,0.234,1,2026-07-03 12:42:33
6085,73,9889.7,upi,customer_abandonment,2,0.872,0.189,0,2026-08-11 12:42:33
6086,1455,2810.38,upi,temporary_bank_failure,0,0.922,0.919,1,2026-06-30 12:42:33
6087,177,8672.97,card,temporary_bank_failure,0,0.795,0.868,1,2026-07-29 12:42:33
6088,1678,3685.42,netbanking,repeated_failure,3,0.535,0.02,0,2026-06-24 12:42:33
6089,1450,8749.98,card,customer_abandonment,1,0.674,0.19,0,2026-06-27 12:42:33
6090,916,1927.88,netbanking,insufficient_balance,2,0.927,0.461,0,2026-06-12 12:42:33
6091,968,1429.35,card,authentication_failure,1,0.907,0.633,1,2026-08-20 12:42:33
6092,1044,6704.04,wallet,network_timeout,3,0.562,0.485,0,2026-08-20 12:42:33
6093,220,6199.53,upi,repeated_failure,1,0.86,0.214,0,2026-06-02 12:42:33
6094,1990,2546.51,upi,repeated_failure,3,0.621,0.02,0,2026-07-06 12:42:33
6095,1948,5932.91,wallet,authentication_failure,0,0.773,0.659,0,2026-07-10 12:42:33
6096,1655,6149.93,wallet,customer_abandonment,0,0.946,0.378,1,2026-06-21 12:42:33
6097,1395,8405.55,card,repeated_failure,0,0.754,0.252,0,2026-07-26 12:42:33
6098,358,7534.61,upi,authentication_failure,3,0.504,0.312,0,2026-06-02 12:42:33
6099,834,7371.32,netbanking,insufficient_balance,3,0.7,0.29,0,2026-07-19 12:42:33
6100,1596,5360.44,netbanking,network_timeout,3,0.764,0.566,0,2026-06-14 12:42:33
6101,943,5020.79,wallet,insufficient_balance,3,0.396,0.168,1,2026-07-09 12:42:33
6102,1417,8426.46,netbanking,repeated_failure,1,0.741,0.166,0,2026-06-14 12:42:33
6103,672,5760.54,card,network_timeout,1,0.463,0.605,1,2026-07-14 12:42:33
6104,691,9024.55,upi,customer_abandonment,3,0.932,0.133,0,2026-07-17 12:42:33
6105,25,9218.09,upi,network_timeout,2,0.409,0.504,1,2026-07-05 12:42:33
6106,881,8535.16,netbanking,authentication_failure,0,0.249,0.45,0,2026-06-02 12:42:33
6107,278,4202.16,netbanking,repeated_failure,2,0.661,0.054,0,2026-06-25 12:42:33
6108,218,6850.6,netbanking,authentication_failure,3,0.277,0.221,0,2026-07-23 12:42:33
6109,1900,8302.2,netbanking,authentication_failure,0,0.431,0.522,0,2026-05-29 12:42:33
6110,1066,277.74,netbanking,customer_abandonment,2,0.739,0.136,0,2026-07-21 12:42:33
6111,106,2960.73,card,repeated_failure,2,0.781,0.102,0,2026-08-06 12:42:33
6112,1876,798.81,upi,repeated_failure,2,0.821,0.118,0,2026-07-04 12:42:33
6113,1257,3184.8,upi,repeated_failure,1,0.891,0.226,0,2026-06-19 12:42:33
6114,1540,1182.08,netbanking,temporary_bank_failure,2,0.833,0.723,1,2026-06-06 12:42:33
6115,1767,2703.95,wallet,repeated_failure,3,0.896,0.068,0,2026-07-22 12:42:33
6116,978,769.59,netbanking,authentication_failure,1,0.596,0.508,0,2026-05-29 12:42:33
6117,34,1355.29,card,network_timeout,1,0.645,0.678,1,2026-06-01 12:42:33
6118,1070,9853.52,card,customer_abandonment,1,0.681,0.192,0,2026-07-19 12:42:33
6119,585,1133.33,netbanking,temporary_bank_failure,3,0.783,0.623,1,2026-08-20 12:42:33
6120,1776,5589.5,netbanking,customer_abandonment,3,0.941,0.136,0,2026-07-27 12:42:33
6121,1210,7370.67,netbanking,network_timeout,3,0.654,0.522,0,2026-06-22 12:42:33
6122,162,5058.66,netbanking,customer_abandonment,1,0.629,0.172,1,2026-08-13 12:42:33
6123,1791,2302.0,upi,repeated_failure,3,0.714,0.02,0,2026-07-08 12:42:33
6124,1118,4814.9,netbanking,repeated_failure,1,0.664,0.136,0,2026-07-17 12:42:33
6125,1038,6524.6,wallet,insufficient_balance,3,0.718,0.297,0,2026-06-29 12:42:33
6126,1539,1838.99,netbanking,customer_abandonment,2,0.826,0.17,1,2026-08-06 12:42:33
6127,214,6710.25,upi,repeated_failure,2,0.752,0.091,0,2026-07-08 12:42:33
6128,1947,7424.1,wallet,network_timeout,1,0.285,0.534,1,2026-05-31 12:42:33
6129,1454,7926.07,upi,authentication_failure,1,0.786,0.584,1,2026-08-25 12:42:33
6130,1346,7746.33,upi,authentication_failure,2,0.742,0.487,0,2026-06-02 12:42:33
6131,360,9264.82,card,customer_abandonment,3,0.835,0.094,0,2026-05-31 12:42:33
6132,1384,7837.13,card,authentication_failure,1,0.475,0.46,1,2026-08-17 12:42:33
6133,654,5294.92,upi,repeated_failure,3,0.956,0.092,0,2026-07-21 12:42:33
6134,1094,1537.63,netbanking,customer_abandonment,1,0.832,0.253,0,2026-06-16 12:42:33
6135,1533,3283.15,upi,authentication_failure,2,0.91,0.554,1,2026-07-19 12:42:33
6136,390,3612.75,upi,authentication_failure,3,0.762,0.415,1,2026-07-28 12:42:33
6137,119,9276.99,wallet,customer_abandonment,3,0.69,0.036,0,2026-08-21 12:42:33
6138,1982,9668.79,card,customer_abandonment,1,0.613,0.165,0,2026-08-06 12:42:33
6139,1686,838.64,upi,repeated_failure,1,0.887,0.225,0,2026-08-19 12:42:33
6140,157,6833.96,netbanking,temporary_bank_failure,2,0.816,0.716,1,2026-06-16 12:42:33
6141,199,8248.98,netbanking,temporary_bank_failure,1,0.78,0.782,1,2026-07-04 12:42:33
6142,1344,4711.48,wallet,authentication_failure,1,0.611,0.514,0,2026-06-18 12:42:33
6143,1299,1320.71,upi,customer_abandonment,2,0.738,0.135,1,2026-06-16 12:42:33
6144,79,7062.16,netbanking,authentication_failure,3,0.825,0.44,1,2026-06-10 12:42:33
6145,603,9648.54,card,repeated_failure,0,0.773,0.259,1,2026-07-20 12:42:33
6146,45,4129.01,card,temporary_bank_failure,2,0.695,0.668,0,2026-08-01 12:42:33
6147,1147,1429.69,card,temporary_bank_failure,1,0.822,0.799,1,2026-07-18 12:42:33
6148,1226,6771.53,netbanking,repeated_failure,1,0.791,0.186,0,2026-07-30 12:42:33
6149,1193,6812.99,card,temporary_bank_failure,3,0.558,0.533,1,2026-07-26 12:42:33
6150,848,3271.48,card,temporary_bank_failure,1,0.815,0.796,1,2026-07-06 12:42:33
6151,180,6360.73,card,repeated_failure,1,0.836,0.204,0,2026-07-11 12:42:33
6152,1744,1809.82,upi,repeated_failure,2,0.503,0.02,0,2026-08-22 12:42:33
6153,1009,5170.46,card,insufficient_balance,2,0.691,0.366,0,2026-08-21 12:42:33
6154,1379,8287.3,netbanking,network_timeout,0,0.816,0.826,1,2026-07-12 12:42:33
6155,1979,5117.2,netbanking,temporary_bank_failure,1,0.739,0.766,0,2026-06-10 12:42:33
6156,32,626.42,netbanking,insufficient_balance,2,0.819,0.418,0,2026-06-17 12:42:33
6157,1015,1696.28,card,repeated_failure,1,0.856,0.212,0,2026-06-11 12:42:33
6158,1860,7580.32,upi,authentication_failure,3,0.726,0.4,0,2026-06-08 12:42:33
6159,1385,5759.48,upi,network_timeout,0,0.878,0.851,1,2026-07-31 12:42:33
6160,1042,6559.39,card,network_timeout,0,0.576,0.73,1,2026-07-10 12:42:33
6161,1204,7619.76,card,repeated_failure,0,0.527,0.161,0,2026-07-21 12:42:33
6162,1692,5007.03,wallet,temporary_bank_failure,2,0.497,0.589,1,2026-07-13 12:42:33
6163,30,2731.87,wallet,insufficient_balance,2,0.896,0.448,0,2026-06-14 12:42:33
6164,1768,8415.79,netbanking,insufficient_balance,3,0.862,0.355,0,2026-06-19 12:42:33
6165,1331,1250.42,upi,customer_abandonment,0,0.975,0.39,0,2026-06-21 12:42:33
6166,1275,4032.98,upi,insufficient_balance,2,0.83,0.422,0,2026-08-13 12:42:33
6167,1061,914.21,card,repeated_failure,1,0.338,0.02,0,2026-06-27 12:42:33
6168,1937,4249.14,netbanking,authentication_failure,0,0.829,0.682,1,2026-08-21 12:42:33
6169,1981,840.34,wallet,network_timeout,2,0.734,0.634,0,2026-07-09 12:42:33
6170,1840,5998.36,wallet,authentication_failure,0,0.66,0.614,1,2026-08-05 12:42:33
6171,614,9399.17,wallet,customer_abandonment,0,0.422,0.169,0,2026-06-04 12:42:33
6172,160,815.43,upi,insufficient_balance,2,0.395,0.248,0,2026-07-04 12:42:33
6173,352,3313.71,netbanking,temporary_bank_failure,1,0.812,0.795,1,2026-08-19 12:42:33
6174,1882,831.53,wallet,temporary_bank_failure,0,0.851,0.89,1,2026-08-14 12:42:33
6175,1862,5868.16,netbanking,network_timeout,3,0.902,0.621,1,2026-07-03 12:42:33
6176,1522,2415.05,card,repeated_failure,0,0.898,0.309,1,2026-08-16 12:42:33
6177,23,2410.38,card,authentication_failure,3,0.859,0.454,0,2026-06-17 12:42:33
6178,1562,8518.76,netbanking,repeated_failure,0,0.71,0.234,0,2026-06-21 12:42:33
6179,1782,2250.66,wallet,authentication_failure,2,0.658,0.453,1,2026-07-21 12:42:33
6180,676,2202.94,wallet,insufficient_balance,1,0.934,0.544,0,2026-06-25 12:42:33
6181,556,7989.24,netbanking,network_timeout,0,0.609,0.744,1,2026-08-22 12:42:33
6182,885,3620.13,card,temporary_bank_failure,2,0.691,0.666,1,2026-07-12 12:42:33
6183,1644,7869.19,netbanking,insufficient_balance,0,0.676,0.52,0,2026-08-21 12:42:33
6184,757,7207.91,upi,network_timeout,2,0.813,0.665,1,2026-07-01 12:42:33
6185,78,8483.73,netbanking,repeated_failure,3,0.595,0.02,0,2026-07-28 12:42:33
6186,1515,8494.95,upi,temporary_bank_failure,3,0.932,0.683,1,2026-07-22 12:42:33
6187,888,1794.14,upi,network_timeout,3,0.575,0.49,0,2026-06-22 12:42:33
6188,230,8237.97,card,temporary_bank_failure,3,0.838,0.645,1,2026-06-19 12:42:33
6189,1045,5770.17,upi,authentication_failure,2,0.623,0.439,1,2026-06-12 12:42:33
6190,4,8514.4,card,customer_abandonment,0,0.801,0.32,0,2026-06-29 12:42:33
6191,1475,680.74,card,authentication_failure,3,0.813,0.435,0,2026-05-31 12:42:33
6192,2,612.5,netbanking,temporary_bank_failure,3,0.859,0.654,1,2026-08-06 12:42:33
6193,306,162.63,netbanking,network_timeout,2,0.877,0.691,1,2026-06-16 12:42:33
6194,1664,9438.35,card,temporary_bank_failure,3,0.793,0.627,1,2026-06-10 12:42:33
6195,1645,6428.7,upi,authentication_failure,3,0.797,0.429,0,2026-08-20 12:42:33
6196,646,6511.66,netbanking,insufficient_balance,0,0.692,0.527,0,2026-06-07 12:42:33
6197,1949,9548.37,netbanking,repeated_failure,3,0.808,0.033,0,2026-07-07 12:42:33
6198,801,604.47,wallet,insufficient_balance,1,0.575,0.4,1,2026-07-21 12:42:33
6199,587,9343.99,upi,insufficient_balance,1,0.52,0.378,1,2026-05-28 12:42:33
6200,480,9049.95,netbanking,customer_abandonment,0,0.504,0.202,0,2026-08-04 12:42:33
6201,1167,853.91,wallet,network_timeout,0,0.59,0.736,1,2026-07-23 12:42:33
6202,726,6834.94,netbanking,temporary_bank_failure,0,0.895,0.908,1,2026-06-16 12:42:33
6203,37,4978.35,wallet,insufficient_balance,3,0.822,0.339,1,2026-07-19 12:42:33
6204,814,1877.24,wallet,temporary_bank_failure,3,0.807,0.633,0,2026-06-24 12:42:33
6205,1648,4208.04,netbanking,repeated_failure,0,0.671,0.218,0,2026-06-17 12:42:33
6206,184,862.43,card,customer_abandonment,1,0.958,0.303,0,2026-08-19 12:42:33
6207,1986,5539.28,wallet,temporary_bank_failure,1,0.794,0.788,1,2026-07-13 12:42:33
6208,1666,6227.03,netbanking,insufficient_balance,1,0.833,0.503,0,2026-08-25 12:42:33
6209,741,9720.4,upi,repeated_failure,1,0.824,0.2,0,2026-07-04 12:42:33
6210,1030,6686.78,wallet,insufficient_balance,3,0.702,0.291,0,2026-07-23 12:42:33
6211,930,3037.8,wallet,insufficient_balance,0,0.413,0.415,0,2026-07-01 12:42:33
6212,1118,8166.21,netbanking,temporary_bank_failure,1,0.664,0.736,1,2026-06-07 12:42:33
6213,386,4644.26,upi,authentication_failure,2,0.783,0.503,0,2026-07-08 12:42:33
6214,52,605.28,wallet,customer_abandonment,1,0.841,0.256,0,2026-06-17 12:42:33
6215,270,5121.23,netbanking,temporary_bank_failure,3,0.609,0.554,0,2026-05-30 12:42:33
6216,1456,5375.8,upi,temporary_bank_failure,2,0.697,0.669,1,2026-06-13 12:42:33
6217,1500,1238.78,upi,network_timeout,3,0.932,0.633,1,2026-07-10 12:42:33
6218,1701,267.09,wallet,insufficient_balance,1,0.934,0.544,1,2026-06-01 12:42:33
6219,1348,5636.42,wallet,customer_abandonment,1,0.695,0.198,0,2026-08-06 12:42:33
6220,1325,5492.59,upi,repeated_failure,2,0.469,0.02,0,2026-08-16 12:42:33
6221,1844,3835.23,wallet,customer_abandonment,3,0.635,0.02,0,2026-07-08 12:42:33
6222,1632,1732.58,card,customer_abandonment,0,0.75,0.3,1,2026-06-28 12:42:33
6223,654,1012.41,upi,network_timeout,0,0.956,0.882,1,2026-08-08 12:42:33
6224,291,6490.1,netbanking,insufficient_balance,1,0.856,0.512,0,2026-07-17 12:42:33
6225,774,6749.86,netbanking,temporary_bank_failure,2,0.646,0.648,1,2026-08-02 12:42:33
6226,1914,6676.07,netbanking,repeated_failure,1,0.738,0.165,0,2026-07-06 12:42:33
6227,103,2213.84,card,authentication_failure,2,0.892,0.547,0,2026-07-19 12:42:33
6228,1293,4425.04,card,temporary_bank_failure,0,0.494,0.748,0,2026-08-25 12:42:33
6229,1092,6457.42,wallet,network_timeout,3,0.481,0.452,0,2026-07-25 12:42:33
6230,1969,2251.75,netbanking,network_timeout,1,0.512,0.625,1,2026-08-11 12:42:33
6231,1075,7036.46,upi,authentication_failure,0,0.688,0.625,0,2026-08-23 12:42:33
6232,1409,4972.78,netbanking,customer_abandonment,0,0.939,0.376,1,2026-07-08 12:42:33
6233,65,2262.99,wallet,temporary_bank_failure,2,0.803,0.711,1,2026-06-18 12:42:33
6234,1977,4604.39,card,authentication_failure,3,0.635,0.364,1,2026-06-14 12:42:33
6235,1084,6742.72,wallet,network_timeout,3,0.792,0.577,0,2026-07-07 12:42:33
6236,187,8182.42,netbanking,temporary_bank_failure,1,0.854,0.812,1,2026-07-17 12:42:33
6237,371,3549.65,wallet,repeated_failure,2,0.665,0.056,0,2026-08-19 12:42:33
6238,1536,9583.26,card,authentication_failure,2,0.847,0.529,1,2026-08-11 12:42:33
6239,533,7535.02,netbanking,repeated_failure,1,0.539,0.086,0,2026-08-06 12:42:33
6240,257,6695.39,card,temporary_bank_failure,1,0.912,0.835,1,2026-08-11 12:42:33
6241,596,4784.91,card,repeated_failure,1,0.812,0.195,0,2026-06-17 12:42:33
6242,1959,1011.96,upi,temporary_bank_failure,0,0.582,0.783,1,2026-07-11 12:42:33
6243,1158,8310.29,wallet,network_timeout,2,0.656,0.602,0,2026-06-19 12:42:33
6244,318,1312.11,wallet,repeated_failure,1,0.647,0.129,0,2026-06-09 12:42:33
6245,242,1403.56,netbanking,customer_abandonment,2,0.957,0.223,0,2026-08-09 12:42:33
6246,1108,8511.71,wallet,repeated_failure,0,0.931,0.322,0,2026-07-12 12:42:33
6247,1044,9578.41,card,insufficient_balance,1,0.562,0.395,1,2026-06-23 12:42:33
6248,1332,6279.4,netbanking,customer_abandonment,3,0.761,0.064,0,2026-06-27 12:42:33
6249,379,600.73,upi,network_timeout,0,0.569,0.728,1,2026-06-20 12:42:33
6250,291,1519.37,card,customer_abandonment,3,0.856,0.102,0,2026-05-29 12:42:33
6251,1292,8915.91,netbanking,repeated_failure,3,0.702,0.02,0,2026-07-07 12:42:33
6252,306,8935.57,wallet,insufficient_balance,2,0.877,0.441,0,2026-06-04 12:42:33
6253,1309,5061.41,card,authentication_failure,3,0.676,0.38,1,2026-08-12 12:42:33
6254,1076,9230.18,wallet,repeated_failure,2,0.758,0.093,0,2026-07-18 12:42:33
6255,348,3939.82,card,insufficient_balance,1,0.671,0.438,1,2026-07-25 12:42:33
6256,1460,1012.96,netbanking,customer_abandonment,1,0.959,0.304,0,2026-07-08 12:42:33
6257,29,170.0,upi,repeated_failure,3,0.951,0.09,0,2026-08-24 12:42:33
6258,1434,677.94,netbanking,temporary_bank_failure,3,0.433,0.483,1,2026-07-07 12:42:33
6259,725,3071.79,upi,repeated_failure,1,0.534,0.084,0,2026-06-19 12:42:33
6260,1330,7519.63,upi,authentication_failure,3,0.642,0.367,0,2026-08-01 12:42:33
6261,200,9107.62,netbanking,insufficient_balance,1,0.584,0.404,0,2026-06-30 12:42:33
6262,145,8164.16,netbanking,authentication_failure,2,0.729,0.482,1,2026-07-09 12:42:33
6263,526,5577.17,card,insufficient_balance,1,0.862,0.515,0,2026-07-02 12:42:33
6264,396,6724.99,card,temporary_bank_failure,3,0.699,0.59,1,2026-07-15 12:42:33
6265,1484,418.93,wallet,customer_abandonment,2,0.433,0.02,0,2026-07-23 12:42:33
6266,36,5850.24,card,network_timeout,3,0.632,0.513,0,2026-07-18 12:42:33
6267,1082,4918.55,wallet,network_timeout,0,0.813,0.825,1,2026-07-18 12:42:33
6268,1142,9320.11,upi,customer_abandonment,0,0.884,0.354,0,2026-08-24 12:42:33
6269,550,8178.17,netbanking,customer_abandonment,2,0.744,0.138,0,2026-06-27 12:42:33
6270,1175,5247.17,netbanking,temporary_bank_failure,2,0.635,0.644,1,2026-06-23 12:42:33
6271,1218,8849.97,card,insufficient_balance,3,0.887,0.365,0,2026-06-12 12:42:33
6272,1937,3341.6,upi,repeated_failure,1,0.829,0.202,0,2026-06-15 12:42:33
6273,1306,1259.85,wallet,network_timeout,2,0.833,0.673,1,2026-08-13 12:42:33
6274,631,1594.45,netbanking,temporary_bank_failure,0,0.642,0.807,1,2026-08-19 12:42:33
6275,273,2610.99,wallet,customer_abandonment,1,0.598,0.159,0,2026-08-20 12:42:33
6276,1438,609.32,upi,insufficient_balance,1,0.741,0.466,1,2026-08-04 12:42:33
6277,441,5684.08,upi,temporary_bank_failure,2,0.552,0.611,1,2026-08-15 12:42:33
6278,1226,1751.2,card,network_timeout,0,0.791,0.816,1,2026-07-27 12:42:33
6279,1574,989.21,card,authentication_failure,2,0.608,0.433,0,2026-06-14 12:42:33
6280,1082,1691.95,upi,authentication_failure,1,0.813,0.595,1,2026-06-20 12:42:33
6281,607,5798.75,card,network_timeout,2,0.519,0.548,0,2026-07-25 12:42:33
6282,1235,3159.27,wallet,customer_abandonment,3,0.548,0.02,0,2026-08-09 12:42:33
6283,1191,9601.73,netbanking,authentication_failure,0,0.626,0.6,1,2026-07-23 12:42:33
6284,1845,7106.48,upi,insufficient_balance,3,0.888,0.365,1,2026-08-22 12:42:33
6285,1776,4184.49,netbanking,repeated_failure,2,0.941,0.166,0,2026-07-05 12:42:33
6286,1184,9393.46,wallet,temporary_bank_failure,1,0.899,0.83,1,2026-08-14 12:42:33
6287,994,9536.02,netbanking,insufficient_balance,3,0.798,0.329,1,2026-06-05 12:42:33
6288,768,1715.36,upi,temporary_bank_failure,2,0.896,0.748,1,2026-05-30 12:42:33
6289,1421,690.26,card,customer_abandonment,0,0.952,0.381,0,2026-07-17 12:42:33
6290,1414,9584.06,upi,insufficient_balance,0,0.769,0.558,0,2026-05-31 12:42:33
6291,635,2297.77,wallet,authentication_failure,1,0.996,0.668,1,2026-06-06 12:42:33
6292,1132,1776.97,card,repeated_failure,1,0.716,0.156,1,2026-07-03 12:42:33
6293,1263,2579.85,wallet,insufficient_balance,2,0.914,0.456,0,2026-07-22 12:42:33
6294,1999,3142.87,netbanking,authentication_failure,0,0.704,0.632,1,2026-06-04 12:42:33
6295,5,150.47,upi,customer_abandonment,3,0.857,0.103,0,2026-07-14 12:42:33
6296,1985,1182.52,card,network_timeout,1,0.654,0.682,1,2026-08-04 12:42:33
6297,285,988.8,card,repeated_failure,3,0.777,0.021,0,2026-08-09 12:42:33
6298,1270,7709.81,wallet,customer_abandonment,3,0.597,0.02,0,2026-07-31 12:42:33
6299,1275,140.72,netbanking,repeated_failure,2,0.83,0.122,0,2026-08-24 12:42:33
6300,1783,5140.43,card,authentication_failure,1,0.523,0.479,1,2026-06-23 12:42:33
6301,1159,1791.78,upi,authentication_failure,1,0.614,0.516,0,2026-07-11 12:42:33
6302,1463,142.69,netbanking,authentication_failure,0,0.674,0.62,1,2026-06-01 12:42:33
6303,121,3131.87,card,temporary_bank_failure,0,0.228,0.641,0,2026-07-14 12:42:33
6304,1761,6230.51,wallet,customer_abandonment,3,0.819,0.088,0,2026-07-20 12:42:33
6305,294,9551.22,upi,temporary_bank_failure,0,0.693,0.827,1,2026-06-27 12:42:33
6306,1632,878.09,netbanking,customer_abandonment,3,0.75,0.06,0,2026-08-08 12:42:33
6307,843,7874.78,card,insufficient_balance,0,0.839,0.586,0,2026-06-20 12:42:33
6308,1473,3993.85,netbanking,authentication_failure,0,0.82,0.678,0,2026-06-06 12:42:33
6309,731,219.63,card,insufficient_balance,1,0.736,0.464,0,2026-07-12 12:42:33
6310,1061,1003.82,card,customer_abandonment,0,0.338,0.135,0,2026-08-22 12:42:33
6311,103,5558.51,netbanking,temporary_bank_failure,3,0.892,0.667,0,2026-07-20 12:42:33
6312,1720,2324.75,wallet,authentication_failure,0,0.674,0.62,0,2026-06-10 12:42:33
6313,1699,3072.3,upi,temporary_bank_failure,0,0.618,0.797,1,2026-05-28 12:42:33
6314,1399,6573.39,upi,authentication_failure,0,0.88,0.702,0,2026-07-30 12:42:33
6315,1540,8123.83,netbanking,authentication_failure,3,0.833,0.443,0,2026-07-18 12:42:33
6316,1948,1402.18,card,insufficient_balance,3,0.773,0.319,0,2026-07-15 12:42:33
6317,242,2835.76,netbanking,repeated_failure,2,0.957,0.173,0,2026-08-18 12:42:33
6318,121,100.67,wallet,repeated_failure,2,0.228,0.02,0,2026-08-02 12:42:33
6319,1770,5286.41,upi,repeated_failure,2,0.804,0.112,0,2026-08-18 12:42:33
6320,1706,3611.74,netbanking,repeated_failure,3,0.679,0.02,0,2026-06-16 12:42:33
6321,556,6828.65,wallet,temporary_bank_failure,0,0.609,0.794,0,2026-06-21 12:42:33
6322,1351,2258.69,card,customer_abandonment,2,0.936,0.214,0,2026-07-04 12:42:33
6323,1738,5135.22,card,network_timeout,0,0.823,0.829,1,2026-06-15 12:42:33
6324,855,5512.88,netbanking,temporary_bank_failure,2,0.847,0.729,1,2026-06-17 12:42:33
6325,554,8680.52,upi,network_timeout,1,0.77,0.728,1,2026-08-13 12:42:33
6326,1433,3563.71,card,repeated_failure,2,0.543,0.02,0,2026-07-12 12:42:33
6327,922,321.67,netbanking,insufficient_balance,2,0.491,0.286,0,2026-07-16 12:42:33
6328,328,5884.35,netbanking,network_timeout,2,0.683,0.613,1,2026-07-03 12:42:33
6329,1502,1293.62,upi,temporary_bank_failure,1,0.598,0.709,1,2026-08-13 12:42:33
6330,1149,6657.25,card,repeated_failure,3,0.714,0.02,0,2026-06-29 12:42:33
6331,1775,5397.65,wallet,authentication_failure,0,0.788,0.665,1,2026-06-03 12:42:33
6332,1165,2678.81,wallet,customer_abandonment,2,0.476,0.03,0,2026-06-30 12:42:33
6333,1823,9977.66,card,network_timeout,3,0.948,0.639,1,2026-06-05 12:42:33
6334,1335,5016.18,netbanking,temporary_bank_failure,1,0.774,0.78,1,2026-07-26 12:42:33
6335,1144,114.5,upi,customer_abandonment,0,0.702,0.281,0,2026-06-28 12:42:33
6336,420,1676.71,wallet,customer_abandonment,2,0.649,0.1,0,2026-07-14 12:42:33
6337,1398,7841.31,upi,insufficient_balance,1,0.515,0.376,1,2026-06-29 12:42:33
6338,514,5054.25,netbanking,repeated_failure,3,0.987,0.105,0,2026-07-01 12:42:33
6339,164,3413.97,card,customer_abandonment,0,0.744,0.298,0,2026-08-01 12:42:33
6340,899,7886.01,card,temporary_bank_failure,2,0.863,0.735,1,2026-07-02 12:42:33
6341,1018,8144.37,wallet,temporary_bank_failure,1,0.681,0.742,1,2026-07-07 12:42:33
6342,1284,7776.63,upi,network_timeout,3,0.708,0.543,1,2026-06-23 12:42:33
6343,1900,7713.1,card,insufficient_balance,3,0.431,0.182,0,2026-08-22 12:42:33
6344,1457,3718.53,netbanking,network_timeout,1,0.799,0.74,0,2026-06-17 12:42:33
6345,1633,7656.23,wallet,authentication_failure,0,0.682,0.623,1,2026-06-16 12:42:33
6346,1234,9046.87,wallet,repeated_failure,1,0.599,0.11,0,2026-07-13 12:42:33
6347,880,2560.15,upi,network_timeout,2,0.608,0.583,0,2026-08-12 12:42:33
6348,921,5153.46,netbanking,network_timeout,1,0.534,0.634,1,2026-08-06 12:42:33
6349,1870,5774.26,wallet,network_timeout,1,0.572,0.649,1,2026-07-16 12:42:33
6350,1876,5315.35,netbanking,customer_abandonment,0,0.821,0.328,0,2026-05-30 12:42:33
6351,79,6487.5,upi,insufficient_balance,3,0.825,0.34,0,2026-08-09 12:42:33
6352,368,2122.21,card,customer_abandonment,1,0.607,0.163,0,2026-05-29 12:42:33
6353,1030,5362.29,card,repeated_failure,2,0.702,0.071,0,2026-07-30 12:42:33
6354,403,8425.14,wallet,repeated_failure,3,0.763,0.02,0,2026-06-04 12:42:33
6355,145,4086.15,wallet,insufficient_balance,1,0.729,0.462,1,2026-08-12 12:42:33
6356,1037,3068.24,wallet,insufficient_balance,3,0.634,0.264,0,2026-06-26 12:42:33
6357,1553,9237.63,card,insufficient_balance,2,0.6,0.33,0,2026-08-10 12:42:33
6358,213,5322.78,card,temporary_bank_failure,2,0.633,0.643,1,2026-08-03 12:42:33
6359,1221,873.73,netbanking,temporary_bank_failure,2,0.693,0.667,1,2026-06-15 12:42:33
6360,1627,6834.51,netbanking,insufficient_balance,1,0.618,0.417,0,2026-06-19 12:42:33
6361,85,7274.58,card,network_timeout,3,0.861,0.604,1,2026-07-04 12:42:33
6362,750,1106.42,wallet,repeated_failure,3,0.946,0.088,0,2026-06-26 12:42:33
6363,425,576.56,wallet,customer_abandonment,3,0.797,0.079,0,2026-08-11 12:42:33
6364,1007,1974.62,card,network_timeout,3,0.491,0.456,1,2026-06-20 12:42:33
6365,1886,9169.23,card,customer_abandonment,1,0.604,0.162,0,2026-06-13 12:42:33
6366,1950,3797.54,upi,authentication_failure,3,0.985,0.504,0,2026-06-14 12:42:33
6367,1547,2924.47,netbanking,temporary_bank_failure,2,0.471,0.578,1,2026-06-14 12:42:33
6368,1746,1952.17,upi,insufficient_balance,1,0.621,0.418,1,2026-07-16 12:42:33
6369,1962,6571.74,netbanking,temporary_bank_failure,1,0.885,0.824,1,2026-07-29 12:42:33
6370,270,9292.86,upi,authentication_failure,1,0.609,0.514,1,2026-07-31 12:42:33
6371,498,7995.09,wallet,insufficient_balance,2,0.481,0.282,0,2026-08-06 12:42:33
6372,423,890.55,card,temporary_bank_failure,2,0.902,0.751,1,2026-08-10 12:42:33
6373,968,8974.58,netbanking,customer_abandonment,1,0.907,0.283,0,2026-08-11 12:42:33
6374,1797,3708.25,upi,customer_abandonment,2,0.46,0.024,0,2026-08-02 12:42:33
6375,1746,2988.02,netbanking,network_timeout,2,0.621,0.588,1,2026-07-21 12:42:33
6376,1685,9974.5,upi,repeated_failure,0,0.867,0.297,0,2026-06-28 12:42:33
6377,408,2822.06,card,repeated_failure,2,0.728,0.081,0,2026-08-24 12:42:33
6378,95,1865.0,wallet,network_timeout,1,0.469,0.608,0,2026-07-26 12:42:33
6379,1046,1347.58,wallet,insufficient_balance,2,0.948,0.469,1,2026-06-11 12:42:33
6380,1051,2790.61,wallet,temporary_bank_failure,1,0.376,0.62,1,2026-06-21 12:42:33
6381,1201,4557.73,upi,temporary_bank_failure,3,0.533,0.523,0,2026-08-07 12:42:33
6382,1919,8853.65,wallet,network_timeout,1,0.915,0.786,1,2026-07-16 12:42:33
6383,738,522.05,card,customer_abandonment,3,0.882,0.113,0,2026-06-19 12:42:33
6384,140,9121.21,wallet,insufficient_balance,1,0.481,0.362,0,2026-08-13 12:42:33
6385,1252,4927.32,upi,temporary_bank_failure,3,0.871,0.658,1,2026-07-16 12:42:33
6386,1562,9381.43,wallet,customer_abandonment,1,0.71,0.204,1,2026-06-14 12:42:33
6387,1537,4055.14,wallet,repeated_failure,0,0.671,0.218,0,2026-06-09 12:42:33
6388,232,193.89,card,insufficient_balance,3,0.737,0.305,1,2026-06-11 12:42:33
6389,219,8019.05,card,authentication_failure,0,0.794,0.668,1,2026-06-30 12:42:33
6390,1069,2968.28,card,repeated_failure,3,0.968,0.097,0,2026-06-08 12:42:33
6391,267,1688.98,netbanking,insufficient_balance,1,0.984,0.564,1,2026-06-02 12:42:33
6392,801,6801.43,netbanking,customer_abandonment,3,0.575,0.02,0,2026-06-16 12:42:33
6393,1149,4157.27,upi,authentication_failure,3,0.714,0.396,0,2026-08-12 12:42:33
6394,1004,3530.82,netbanking,insufficient_balance,0,0.546,0.468,0,2026-06-06 12:42:33
6395,1889,1503.67,card,repeated_failure,2,0.754,0.092,0,2026-07-27 12:42:33
6396,146,1629.43,upi,network_timeout,0,0.714,0.786,1,2026-07-26 12:42:33
6397,621,543.11,card,customer_abandonment,2,0.687,0.115,0,2026-06-29 12:42:33
6398,128,8966.92,wallet,network_timeout,3,0.796,0.578,0,2026-07-15 12:42:33
6399,1554,2383.94,card,authentication_failure,0,0.896,0.708,0,2026-07-09 12:42:33
6400,1284,436.9,card,authentication_failure,0,0.708,0.633,1,2026-07-01 12:42:33
6401,409,9538.16,wallet,authentication_failure,0,0.868,0.697,0,2026-06-02 12:42:33
6402,815,7397.86,upi,insufficient_balance,1,0.928,0.541,0,2026-07-15 12:42:33
6403,250,5566.15,netbanking,customer_abandonment,1,0.746,0.218,0,2026-07-03 12:42:33
6404,684,5526.73,card,network_timeout,2,0.559,0.564,1,2026-06-08 12:42:33
6405,855,9997.0,card,network_timeout,1,0.847,0.759,1,2026-07-28 12:42:33
6406,261,1670.79,netbanking,network_timeout,3,0.459,0.444,1,2026-07-28 12:42:33
6407,1878,2151.0,card,authentication_failure,3,0.832,0.443,0,2026-07-22 12:42:33
6408,1582,601.37,netbanking,temporary_bank_failure,3,0.417,0.477,0,2026-07-13 12:42:33
6409,219,1433.54,upi,repeated_failure,2,0.794,0.108,0,2026-06-02 12:42:33
6410,1065,6628.92,upi,authentication_failure,2,0.809,0.514,0,2026-07-04 12:42:33
6411,1255,8138.45,upi,network_timeout,2,0.951,0.72,1,2026-06-25 12:42:33
6412,1453,9011.38,upi,insufficient_balance,3,0.758,0.313,0,2026-08-24 12:42:33
6413,1543,7479.6,card,temporary_bank_failure,3,0.709,0.594,1,2026-07-04 12:42:33
6414,587,8428.58,card,insufficient_balance,3,0.52,0.218,1,2026-06-21 12:42:33
6415,1196,3745.79,netbanking,network_timeout,1,0.988,0.815,0,2026-08-24 12:42:33
6416,1719,8797.74,card,insufficient_balance,1,0.917,0.537,1,2026-07-31 12:42:33
6417,1364,9529.05,card,temporary_bank_failure,2,0.582,0.623,0,2026-08-11 12:42:33
6418,142,9224.35,card,temporary_bank_failure,2,0.599,0.63,1,2026-08-23 12:42:33
6419,302,3389.26,netbanking,network_timeout,3,0.842,0.597,1,2026-08-09 12:42:33
6420,1948,7008.78,netbanking,customer_abandonment,3,0.773,0.069,0,2026-07-24 12:42:33
6421,1210,958.53,netbanking,authentication_failure,0,0.654,0.612,1,2026-08-12 12:42:33
6422,466,3071.24,netbanking,customer_abandonment,1,0.501,0.12,0,2026-07-09 12:42:33
6423,103,3840.25,wallet,network_timeout,2,0.892,0.697,1,2026-07-18 12:42:33
6424,185,8529.33,wallet,repeated_failure,3,0.81,0.034,0,2026-06-02 12:42:33
6425,182,1074.15,wallet,network_timeout,3,0.906,0.622,1,2026-07-14 12:42:33
6426,1324,8093.26,netbanking,repeated_failure,1,0.641,0.126,0,2026-07-24 12:42:33
6427,614,9889.99,card,repeated_failure,1,0.422,0.039,0,2026-07-08 12:42:33
6428,1684,1454.98,netbanking,insufficient_balance,1,0.492,0.367,1,2026-08-22 12:42:33
6429,320,5282.9,wallet,temporary_bank_failure,1,0.829,0.802,1,2026-06-28 12:42:33
6430,280,219.0,upi,temporary_bank_failure,1,0.872,0.819,0,2026-08-14 12:42:33
6431,1228,1106.85,upi,repeated_failure,3,0.379,0.02,0,2026-08-04 12:42:33
6432,848,2431.26,card,authentication_failure,3,0.815,0.436,0,2026-07-19 12:42:33
6433,703,816.64,card,authentication_failure,0,0.801,0.67,0,2026-08-13 12:42:33
6434,194,314.72,netbanking,insufficient_balance,3,0.778,0.321,1,2026-07-31 12:42:33
6435,1123,5745.25,card,network_timeout,2,0.385,0.494,0,2026-06-05 12:42:33
6436,1422,2718.1,card,repeated_failure,3,0.639,0.02,0,2026-08-23 12:42:33
6437,610,5010.54,netbanking,temporary_bank_failure,0,0.646,0.808,0,2026-06-07 12:42:33
6438,691,4003.46,upi,insufficient_balance,1,0.932,0.543,0,2026-08-23 12:42:33
6439,1577,3998.24,card,customer_abandonment,1,0.79,0.236,0,2026-07-07 12:42:33
6440,1518,2037.24,wallet,temporary_bank_failure,1,0.649,0.73,0,2026-08-16 12:42:33
6441,1357,247.48,card,network_timeout,0,0.886,0.854,0,2026-06-29 12:42:33
6442,1780,7163.69,card,repeated_failure,0,0.709,0.234,0,2026-06-22 12:42:33
6443,1530,2108.83,wallet,temporary_bank_failure,3,0.934,0.684,1,2026-06-27 12:42:33
6444,1602,3250.91,netbanking,repeated_failure,2,0.771,0.098,0,2026-08-18 12:42:33
6445,773,7108.26,netbanking,repeated_failure,3,0.689,0.02,0,2026-07-31 12:42:33
6446,1128,9640.96,card,authentication_failure,0,0.786,0.664,1,2026-06-28 12:42:33
6447,896,3880.09,upi,customer_abandonment,0,0.632,0.253,1,2026-07-23 12:42:33
6448,868,2683.76,upi,customer_abandonment,0,0.887,0.355,1,2026-08-12 12:42:33
6449,1476,1382.38,netbanking,repeated_failure,0,0.741,0.246,0,2026-06-04 12:42:33
6450,218,7551.82,card,network_timeout,1,0.277,0.531,1,2026-05-31 12:42:33
6451,722,3838.75,wallet,insufficient_balance,0,0.907,0.613,0,2026-08-16 12:42:33
6452,699,5844.42,upi,temporary_bank_failure,3,0.358,0.453,0,2026-07-13 12:42:33
6453,497,6431.07,wallet,authentication_failure,3,0.636,0.364,0,2026-06-08 12:42:33
6454,341,805.53,upi,repeated_failure,0,0.438,0.125,0,2026-06-23 12:42:33
6455,1572,1400.37,netbanking,temporary_bank_failure,2,0.698,0.669,0,2026-08-20 12:42:33
6456,421,3187.34,upi,repeated_failure,2,0.702,0.071,0,2026-06-23 12:42:33
6457,690,6058.6,card,network_timeout,2,0.862,0.685,0,2026-08-16 12:42:33
6458,637,5221.56,upi,temporary_bank_failure,3,0.856,0.652,1,2026-07-30 12:42:33
6459,763,6185.9,card,insufficient_balance,2,0.62,0.338,1,2026-07-14 12:42:33
6460,1512,4865.87,wallet,network_timeout,2,0.765,0.646,0,2026-06-29 12:42:33
6461,39,9704.52,wallet,repeated_failure,0,0.548,0.169,0,2026-07-31 12:42:33
6462,463,6560.45,netbanking,temporary_bank_failure,1,0.91,0.834,1,2026-07-22 12:42:33
6463,1196,4629.82,upi,authentication_failure,2,0.988,0.585,1,2026-07-18 12:42:33
6464,457,1607.11,upi,insufficient_balance,3,0.844,0.348,0,2026-07-29 12:42:33
6465,1984,1011.28,upi,authentication_failure,2,0.547,0.409,0,2026-06-11 12:42:33
6466,258,1127.49,netbanking,temporary_bank_failure,3,0.49,0.506,0,2026-07-12 12:42:33
6467,1661,3698.55,card,temporary_bank_failure,3,0.868,0.657,1,2026-08-20 12:42:33
6468,1469,5241.26,upi,customer_abandonment,1,0.74,0.216,0,2026-07-30 12:42:33
6469,1848,8028.21,netbanking,repeated_failure,1,0.811,0.194,0,2026-07-06 12:42:33
6470,990,6398.38,card,temporary_bank_failure,2,0.867,0.737,0,2026-06-19 12:42:33
6471,1573,5611.88,card,network_timeout,2,0.746,0.638,1,2026-06-17 12:42:33
6472,1819,8786.27,netbanking,insufficient_balance,0,0.766,0.556,0,2026-06-28 12:42:33
6473,43,7173.15,netbanking,authentication_failure,1,0.692,0.547,0,2026-05-28 12:42:33
6474,1982,4460.29,card,network_timeout,0,0.613,0.745,1,2026-08-19 12:42:33
6475,37,7608.02,netbanking,network_timeout,0,0.822,0.829,1,2026-06-29 12:42:33
6476,959,9200.83,wallet,authentication_failure,3,0.645,0.368,1,2026-07-29 12:42:33
6477,601,6485.68,upi,insufficient_balance,2,0.778,0.401,0,2026-08-14 12:42:33
6478,695,9499.4,card,customer_abandonment,0,0.898,0.359,0,2026-07-03 12:42:33
6479,1302,6826.63,wallet,temporary_bank_failure,3,0.747,0.609,1,2026-07-08 12:42:33
6480,588,230.99,card,temporary_bank_failure,1,0.569,0.698,1,2026-08-14 12:42:33
6481,1284,5408.33,upi,insufficient_balance,3,0.708,0.293,0,2026-06-07 12:42:33
6482,1029,7282.23,netbanking,insufficient_balance,3,0.533,0.223,1,2026-07-04 12:42:33
6483,1799,7502.34,netbanking,insufficient_balance,3,0.911,0.374,1,2026-07-05 12:42:33
6484,790,1107.76,wallet,temporary_bank_failure,2,0.665,0.656,0,2026-08-04 12:42:33
6485,886,2068.6,netbanking,customer_abandonment,3,0.748,0.059,0,2026-05-28 12:42:33
6486,1788,3798.08,card,network_timeout,0,0.452,0.681,0,2026-08-20 12:42:33
6487,322,9546.01,upi,network_timeout,3,0.432,0.433,0,2026-08-19 12:42:33
6488,534,7815.44,upi,network_timeout,1,0.645,0.678,0,2026-05-29 12:42:33
6489,1941,514.41,card,temporary_bank_failure,1,0.837,0.805,1,2026-06-02 12:42:33
6490,1787,3990.98,wallet,temporary_bank_failure,2,0.681,0.662,1,2026-07-29 12:42:33
6491,651,5661.66,upi,repeated_failure,3,0.791,0.026,0,2026-08-04 12:42:33
6492,1230,1760.04,card,customer_abandonment,1,0.936,0.294,1,2026-05-30 12:42:33
6493,1859,9883.33,netbanking,authentication_failure,1,0.529,0.482,1,2026-08-03 12:42:33
6494,326,3410.35,card,insufficient_balance,3,0.784,0.324,0,2026-07-24 12:42:33
6495,921,5992.0,card,network_timeout,2,0.534,0.554,1,2026-07-22 12:42:33
6496,249,3051.5,netbanking,network_timeout,0,0.49,0.696,0,2026-07-10 12:42:33
6497,1484,3648.28,card,authentication_failure,1,0.433,0.443,1,2026-06-10 12:42:33
6498,721,5719.44,wallet,customer_abandonment,1,0.831,0.252,0,2026-08-12 12:42:33
6499,437,4890.58,wallet,insufficient_balance,2,0.798,0.409,0,2026-08-14 12:42:33
6500,1397,3870.04,upi,insufficient_balance,2,0.741,0.386,0,2026-08-20 12:42:33
6501,897,8502.12,wallet,insufficient_balance,0,0.89,0.606,1,2026-07-27 12:42:33
6502,1315,7151.86,netbanking,repeated_failure,3,0.963,0.095,0,2026-07-23 12:42:33
6503,927,5494.77,card,repeated_failure,2,0.521,0.02,0,2026-08-06 12:42:33
6504,689,9181.61,netbanking,authentication_failure,3,0.405,0.272,0,2026-06-23 12:42:33
6505,153,1626.73,upi,customer_abandonment,3,0.95,0.14,0,2026-08-20 12:42:33
6506,1371,2325.5,netbanking,network_timeout,3,0.962,0.645,1,2026-06-02 12:42:33
6507,1343,6782.61,netbanking,insufficient_balance,3,0.874,0.36,0,2026-05-28 12:42:33
6508,1372,9991.84,card,customer_abandonment,0,0.727,0.291,1,2026-07-01 12:42:33
6509,290,5482.73,netbanking,temporary_bank_failure,2,0.511,0.594,1,2026-05-31 12:42:33
6510,431,6628.39,card,authentication_failure,0,0.406,0.512,0,2026-06-14 12:42:33
6511,207,5096.37,netbanking,customer_abandonment,0,0.67,0.268,0,2026-05-30 12:42:33
6512,1637,1125.85,netbanking,customer_abandonment,3,0.964,0.146,0,2026-06-19 12:42:33
6513,1239,1121.48,upi,insufficient_balance,2,0.885,0.444,0,2026-06-09 12:42:33
6514,1479,3244.85,card,repeated_failure,0,0.626,0.2,0,2026-08-06 12:42:33
6515,1501,1968.12,netbanking,insufficient_balance,0,0.912,0.615,0,2026-08-12 12:42:33
6516,1177,1804.72,upi,temporary_bank_failure,3,0.72,0.598,1,2026-08-10 12:42:33
6517,626,7795.77,wallet,temporary_bank_failure,0,0.91,0.914,1,2026-07-13 12:42:33
6518,1167,6896.93,netbanking,customer_abandonment,0,0.59,0.236,0,2026-06-22 12:42:33
6519,1785,3122.77,netbanking,repeated_failure,3,0.4,0.02,0,2026-07-24 12:42:33
6520,171,7385.44,wallet,customer_abandonment,1,0.922,0.289,0,2026-07-09 12:42:33
6521,939,3091.18,card,authentication_failure,2,0.884,0.544,1,2026-06-27 12:42:33
6522,1921,4997.44,card,temporary_bank_failure,0,0.655,0.812,1,2026-06-02 12:42:33
6523,837,2244.66,card,network_timeout,0,0.476,0.69,1,2026-07-20 12:42:33
6524,682,9202.16,wallet,temporary_bank_failure,3,0.702,0.591,1,2026-07-21 12:42:33
6525,1858,4553.79,netbanking,temporary_bank_failure,2,0.778,0.701,1,2026-07-24 12:42:33
6526,437,4871.47,upi,insufficient_balance,0,0.798,0.569,0,2026-08-24 12:42:33
6527,622,3168.44,netbanking,insufficient_balance,3,0.728,0.301,1,2026-08-24 12:42:33
6528,1769,1161.79,upi,customer_abandonment,0,0.46,0.184,1,2026-07-20 12:42:33
6529,1234,1050.77,wallet,authentication_failure,3,0.599,0.35,1,2026-07-05 12:42:33
6530,823,2843.87,card,network_timeout,1,0.69,0.696,1,2026-08-20 12:42:33
6531,47,2985.49,wallet,authentication_failure,2,0.409,0.354,0,2026-06-29 12:42:33
6532,560,2310.9,wallet,temporary_bank_failure,1,0.469,0.658,1,2026-07-09 12:42:33
6533,1864,7656.99,wallet,network_timeout,0,0.66,0.764,1,2026-08-22 12:42:33
6534,1840,4666.53,netbanking,repeated_failure,1,0.66,0.134,1,2026-07-07 12:42:33
6535,1799,4089.6,netbanking,network_timeout,3,0.911,0.624,0,2026-07-21 12:42:33
6536,1555,6075.4,wallet,insufficient_balance,2,0.609,0.334,1,2026-06-09 12:42:33
6537,299,4828.87,card,temporary_bank_failure,1,0.853,0.811,1,2026-06-27 12:42:33
6538,1724,7753.7,card,network_timeout,3,0.637,0.515,0,2026-06-24 12:42:33
6539,1313,7342.82,card,insufficient_balance,0,0.749,0.55,1,2026-07-20 12:42:33
6540,1998,8481.27,upi,repeated_failure,3,0.814,0.036,0,2026-06-19 12:42:33
6541,1079,4089.86,card,temporary_bank_failure,3,0.789,0.626,1,2026-06-30 12:42:33
6542,1655,7829.39,card,customer_abandonment,2,0.946,0.218,0,2026-07-14 12:42:33
6543,869,5468.34,card,network_timeout,1,0.506,0.622,1,2026-05-31 12:42:33
6544,262,767.39,wallet,authentication_failure,2,0.526,0.4,0,2026-08-12 12:42:33
6545,1361,8337.45,netbanking,repeated_failure,0,0.438,0.125,0,2026-07-11 12:42:33
6546,1672,9464.85,wallet,insufficient_balance,3,0.749,0.31,0,2026-07-29 12:42:33
6547,888,1104.43,netbanking,customer_abandonment,3,0.575,0.02,0,2026-07-21 12:42:33
6548,441,8225.91,wallet,repeated_failure,2,0.552,0.02,0,2026-06-01 12:42:33
6549,1418,3845.09,card,temporary_bank_failure,2,0.871,0.738,1,2026-08-19 12:42:33
6550,1805,7721.34,wallet,authentication_failure,3,0.722,0.399,0,2026-08-03 12:42:33
6551,288,6853.33,upi,temporary_bank_failure,2,0.672,0.659,1,2026-06-09 12:42:33
6552,328,8408.91,upi,authentication_failure,1,0.683,0.543,0,2026-06-08 12:42:33
6553,1189,2814.18,netbanking,repeated_failure,3,0.305,0.02,0,2026-07-05 12:42:33
6554,1096,3978.51,wallet,temporary_bank_failure,2,0.618,0.637,1,2026-08-23 12:42:33
6555,201,666.2,card,insufficient_balance,1,0.84,0.506,0,2026-07-09 12:42:33
6556,963,1947.12,upi,repeated_failure,2,0.577,0.021,0,2026-05-31 12:42:33
6557,158,9042.88,wallet,customer_abandonment,2,0.545,0.058,1,2026-08-16 12:42:33
6558,796,7514.9,wallet,network_timeout,1,0.816,0.746,1,2026-07-10 12:42:33
6559,709,9089.63,netbanking,repeated_failure,3,0.548,0.02,0,2026-07-08 12:42:33
6560,334,3023.75,upi,authentication_failure,2,0.431,0.362,1,2026-07-25 12:42:33
6561,728,7730.9,upi,authentication_failure,3,0.767,0.417,0,2026-06-01 12:42:33
6562,896,8972.65,upi,temporary_bank_failure,1,0.632,0.723,0,2026-08-11 12:42:33
6563,1873,7647.02,upi,repeated_failure,1,0.244,0.02,0,2026-08-23 12:42:33
6564,1283,2649.77,card,authentication_failure,0,0.752,0.651,0,2026-07-27 12:42:33
6565,1342,8657.85,card,authentication_failure,2,0.796,0.508,0,2026-06-29 12:42:33
6566,59,1795.17,netbanking,repeated_failure,3,0.958,0.093,0,2026-08-03 12:42:33
6567,1452,4795.04,wallet,temporary_bank_failure,2,0.563,0.615,0,2026-08-23 12:42:33
6568,144,5481.55,card,repeated_failure,0,0.603,0.191,0,2026-07-22 12:42:33
6569,460,2243.2,card,network_timeout,3,0.457,0.443,0,2026-08-17 12:42:33
6570,1756,3861.36,upi,repeated_failure,1,0.579,0.102,0,2026-06-14 12:42:33
6571,218,8212.73,card,temporary_bank_failure,3,0.277,0.421,0,2026-06-06 12:42:33
6572,96,7069.89,upi,repeated_failure,3,0.884,0.064,0,2026-06-14 12:42:33
6573,278,4908.54,upi,temporary_bank_failure,2,0.661,0.654,1,2026-06-05 12:42:33
6574,1572,3074.97,wallet,insufficient_balance,0,0.698,0.529,1,2026-08-17 12:42:33
6575,624,9899.84,wallet,authentication_failure,2,0.976,0.58,1,2026-07-09 12:42:33
6576,188,3959.94,wallet,customer_abandonment,2,0.816,0.166,0,2026-08-20 12:42:33
6577,1341,4222.52,upi,repeated_failure,1,0.956,0.252,0,2026-06-16 12:42:33
6578,475,1181.72,wallet,repeated_failure,2,0.601,0.03,0,2026-08-11 12:42:33
6579,1698,8198.97,upi,network_timeout,2,0.322,0.469,1,2026-08-24 12:42:33
6580,1202,841.83,wallet,repeated_failure,3,0.826,0.04,1,2026-08-18 12:42:33
6581,295,1017.1,card,network_timeout,2,0.835,0.674,1,2026-07-18 12:42:33
6582,1409,6982.06,netbanking,customer_abandonment,3,0.939,0.136,0,2026-07-03 12:42:33
6583,1819,9553.72,wallet,temporary_bank_failure,0,0.766,0.856,0,2026-08-03 12:42:33
6584,576,7822.21,card,network_timeout,0,0.914,0.866,1,2026-06-26 12:42:33
6585,623,4795.05,card,temporary_bank_failure,2,0.899,0.75,1,2026-06-26 12:42:33
6586,1611,4585.47,wallet,temporary_bank_failure,1,0.615,0.716,1,2026-07-16 12:42:33
6587,1308,5048.33,upi,insufficient_balance,3,0.793,0.327,1,2026-08-17 12:42:33
6588,1885,545.05,wallet,insufficient_balance,2,0.957,0.473,1,2026-08-19 12:42:33
6589,259,6618.06,card,network_timeout,1,0.935,0.794,1,2026-07-01 12:42:33
6590,151,1346.86,upi,temporary_bank_failure,1,0.804,0.792,1,2026-06-25 12:42:33
6591,1770,1753.43,wallet,authentication_failure,1,0.804,0.592,1,2026-08-06 12:42:33
6592,692,3663.64,card,insufficient_balance,1,0.989,0.566,0,2026-06-23 12:42:33
6593,1896,101.44,wallet,repeated_failure,1,0.692,0.147,0,2026-06-13 12:42:33
6594,923,3861.81,card,authentication_failure,2,0.843,0.527,0,2026-07-12 12:42:33
6595,88,8899.06,netbanking,insufficient_balance,1,0.646,0.428,1,2026-07-27 12:42:33
6596,1925,2305.78,netbanking,customer_abandonment,0,0.854,0.342,0,2026-06-24 12:42:33
6597,1366,4311.3,card,insufficient_balance,1,0.748,0.469,0,2026-07-27 12:42:33
6598,560,9275.23,upi,authentication_failure,2,0.469,0.378,0,2026-07-23 12:42:33
6599,1884,488.31,wallet,insufficient_balance,1,0.66,0.434,0,2026-08-09 12:42:33
6600,1024,2396.11,netbanking,authentication_failure,0,0.922,0.719,1,2026-07-31 12:42:33
6601,646,619.38,wallet,temporary_bank_failure,1,0.692,0.747,1,2026-06-03 12:42:33
6602,248,4247.62,wallet,temporary_bank_failure,2,0.695,0.668,1,2026-08-19 12:42:33
6603,1494,4804.36,card,customer_abandonment,0,0.595,0.238,1,2026-07-27 12:42:33
6604,1105,9137.62,wallet,network_timeout,3,0.506,0.462,0,2026-08-22 12:42:33
6605,1725,6166.31,wallet,authentication_failure,0,0.785,0.664,1,2026-08-17 12:42:33
6606,1814,7413.24,upi,repeated_failure,0,0.89,0.306,0,2026-07-31 12:42:33
6607,1551,1129.51,card,authentication_failure,2,0.649,0.45,1,2026-08-01 12:42:33
6608,1065,1803.72,netbanking,network_timeout,0,0.809,0.824,1,2026-06-26 12:42:33
6609,1127,3652.07,netbanking,temporary_bank_failure,0,0.922,0.919,1,2026-06-02 12:42:33
6610,1389,2224.17,upi,customer_abandonment,2,0.84,0.176,0,2026-08-07 12:42:33
6611,1866,2127.77,netbanking,insufficient_balance,2,0.834,0.424,1,2026-06-21 12:42:33
6612,472,6864.86,netbanking,insufficient_balance,1,0.498,0.369,0,2026-07-22 12:42:33
6613,1534,7262.68,netbanking,customer_abandonment,0,0.695,0.278,0,2026-06-07 12:42:33
6614,1685,8066.58,wallet,repeated_failure,3,0.867,0.057,0,2026-08-18 12:42:33
6615,1737,4567.19,card,insufficient_balance,1,0.745,0.468,0,2026-08-05 12:42:33
6616,256,8513.39,netbanking,customer_abandonment,0,0.966,0.386,0,2026-07-20 12:42:33
6617,108,6924.18,card,authentication_failure,0,0.74,0.646,0,2026-07-15 12:42:33
6618,620,6274.12,upi,repeated_failure,2,0.996,0.188,0,2026-06-15 12:42:33
6619,996,1507.31,card,repeated_failure,3,0.471,0.02,0,2026-08-20 12:42:33
6620,534,5290.63,wallet,repeated_failure,2,0.645,0.048,0,2026-06-13 12:42:33
6621,225,872.49,wallet,network_timeout,0,0.486,0.694,1,2026-07-21 12:42:33
6622,1431,5504.6,card,temporary_bank_failure,3,0.729,0.602,0,2026-08-05 12:42:33
6623,905,4746.67,netbanking,temporary_bank_failure,1,0.965,0.856,1,2026-08-24 12:42:33
6624,972,2095.62,netbanking,customer_abandonment,3,0.883,0.113,0,2026-07-18 12:42:33
6625,1772,1500.33,wallet,repeated_failure,2,0.843,0.127,0,2026-08-11 12:42:33
6626,19,567.18,wallet,repeated_failure,2,0.803,0.111,0,2026-08-06 12:42:33
6627,1874,3556.7,netbanking,insufficient_balance,1,0.756,0.472,1,2026-06-11 12:42:33
6628,901,887.21,card,authentication_failure,3,0.887,0.465,0,2026-06-04 12:42:33
6629,486,5873.93,card,repeated_failure,2,0.728,0.081,0,2026-08-15 12:42:33
6630,689,2878.34,wallet,insufficient_balance,3,0.405,0.172,0,2026-06-07 12:42:33
6631,1730,2477.28,netbanking,temporary_bank_failure,3,0.797,0.629,1,2026-06-03 12:42:33
6632,1310,6549.44,wallet,authentication_failure,0,0.697,0.629,0,2026-06-30 12:42:33
6633,1753,3243.37,wallet,temporary_bank_failure,1,0.524,0.68,1,2026-06-06 12:42:33
6634,203,4596.77,upi,customer_abandonment,2,0.847,0.179,0,2026-06-23 12:42:33
6635,786,5567.64,netbanking,customer_abandonment,3,0.928,0.131,0,2026-06-15 12:42:33
6636,661,4844.92,upi,customer_abandonment,0,0.921,0.368,0,2026-07-04 12:42:33
6637,15,336.64,upi,temporary_bank_failure,0,0.374,0.7,1,2026-07-31 12:42:33
6638,1228,2603.4,netbanking,authentication_failure,1,0.379,0.422,1,2026-06-22 12:42:33
6639,1101,3876.56,wallet,temporary_bank_failure,3,0.738,0.605,1,2026-07-19 12:42:33
6640,1721,3556.42,upi,repeated_failure,2,0.854,0.132,0,2026-06-17 12:42:33
6641,477,5740.86,netbanking,customer_abandonment,0,0.905,0.362,0,2026-07-30 12:42:33
6642,860,6261.95,upi,network_timeout,3,0.839,0.596,1,2026-06-05 12:42:33
6643,152,3256.47,wallet,customer_abandonment,3,0.673,0.029,0,2026-06-30 12:42:33
6644,426,2566.0,wallet,repeated_failure,2,0.71,0.074,0,2026-06-29 12:42:33
6645,1077,2731.37,upi,temporary_bank_failure,2,0.411,0.554,0,2026-08-12 12:42:33
6646,1611,7880.82,wallet,authentication_failure,1,0.615,0.516,1,2026-06-14 12:42:33
6647,898,2985.14,upi,repeated_failure,1,0.727,0.161,0,2026-07-30 12:42:33
6648,1508,7645.99,netbanking,repeated_failure,1,0.577,0.101,0,2026-06-05 12:42:33
6649,1332,1935.65,netbanking,repeated_failure,3,0.761,0.02,0,2026-07-17 12:42:33
6650,580,4208.09,upi,network_timeout,0,0.832,0.833,1,2026-07-27 12:42:33
6651,1252,4748.22,upi,network_timeout,0,0.871,0.848,1,2026-08-24 12:42:33
6652,1026,4818.88,wallet,temporary_bank_failure,1,0.741,0.766,0,2026-07-16 12:42:33
6653,1221,378.71,wallet,repeated_failure,3,0.693,0.02,0,2026-05-29 12:42:33
6654,1355,2661.12,netbanking,temporary_bank_failure,2,0.78,0.702,0,2026-07-05 12:42:33
6655,538,3598.1,card,network_timeout,2,0.939,0.716,1,2026-08-14 12:42:33
6656,1778,8367.35,upi,repeated_failure,2,0.777,0.101,0,2026-07-31 12:42:33
6657,285,7022.1,upi,network_timeout,3,0.777,0.571,0,2026-06-12 12:42:33
6658,1061,2196.39,upi,repeated_failure,3,0.338,0.02,0,2026-07-30 12:42:33
6659,1233,982.26,netbanking,temporary_bank_failure,2,0.549,0.61,1,2026-07-27 12:42:33
6660,1503,6547.42,card,authentication_failure,3,0.8,0.43,1,2026-05-30 12:42:33
6661,1007,6826.38,upi,repeated_failure,1,0.491,0.066,0,2026-08-04 12:42:33
6662,210,4839.0,wallet,network_timeout,0,0.895,0.858,1,2026-06-04 12:42:33
6663,754,4649.72,netbanking,network_timeout,0,0.891,0.856,1,2026-08-25 12:42:33
6664,1822,533.27,wallet,network_timeout,1,0.707,0.703,0,2026-06-25 12:42:33
6665,525,2157.56,card,authentication_failure,3,0.963,0.495,1,2026-08-23 12:42:33
6666,616,5164.71,netbanking,repeated_failure,3,0.828,0.041,1,2026-07-02 12:42:33
6667,1174,6283.03,card,customer_abandonment,0,0.806,0.322,0,2026-08-15 12:42:33
6668,1636,9304.91,wallet,network_timeout,1,0.75,0.72,1,2026-07-27 12:42:33
6669,1458,9883.98,card,insufficient_balance,3,0.513,0.215,0,2026-07-06 12:42:33
6670,917,2871.16,upi,insufficient_balance,0,0.717,0.537,0,2026-07-08 12:42:33
6671,1736,8581.22,upi,customer_abandonment,3,0.437,0.02,0,2026-06-21 12:42:33
6672,1837,8256.93,wallet,network_timeout,0,0.786,0.814,1,2026-08-14 12:42:33
6673,13,662.83,wallet,repeated_failure,1,0.788,0.185,0,2026-08-13 12:42:33
6674,418,9347.98,wallet,authentication_failure,3,0.574,0.34,0,2026-07-31 12:42:33
6675,1604,2230.76,netbanking,customer_abandonment,3,0.911,0.124,0,2026-06-17 12:42:33
6676,1213,1297.95,netbanking,customer_abandonment,1,0.724,0.21,1,2026-06-17 12:42:33
6677,1375,1546.66,card,authentication_failure,1,0.695,0.548,0,2026-08-04 12:42:33
6678,1881,3793.32,wallet,authentication_failure,2,0.883,0.543,1,2026-07-17 12:42:33
6679,784,9545.77,upi,temporary_bank_failure,3,0.912,0.675,0,2026-06-21 12:42:33
6680,439,8953.34,netbanking,network_timeout,2,0.747,0.639,0,2026-07-06 12:42:33
6681,1042,2930.78,card,customer_abandonment,0,0.576,0.23,0,2026-06-18 12:42:33
6682,924,9373.98,wallet,temporary_bank_failure,1,0.96,0.854,1,2026-08-17 12:42:33
6683,1565,726.25,card,repeated_failure,1,0.862,0.215,1,2026-06-28 12:42:33
6684,215,6284.25,upi,insufficient_balance,3,0.673,0.279,0,2026-06-06 12:42:33
6685,1187,182.86,netbanking,temporary_bank_failure,3,0.377,0.461,1,2026-06-24 12:42:33
6686,541,2378.31,card,insufficient_balance,2,0.641,0.346,0,2026-06-30 12:42:33
6687,1746,4967.07,upi,insufficient_balance,3,0.621,0.258,0,2026-07-07 12:42:33
6688,1203,3610.92,card,network_timeout,1,0.546,0.638,1,2026-06-11 12:42:33
6689,974,5214.15,wallet,network_timeout,2,0.772,0.649,1,2026-06-23 12:42:33
6690,897,8835.44,card,customer_abandonment,3,0.89,0.116,0,2026-07-09 12:42:33
6691,716,383.86,netbanking,temporary_bank_failure,2,0.483,0.583,1,2026-05-31 12:42:33
6692,79,4401.61,wallet,temporary_bank_failure,2,0.825,0.72,1,2026-07-07 12:42:33
6693,1256,2117.37,netbanking,repeated_failure,2,0.681,0.062,0,2026-06-25 12:42:33
6694,1488,4045.47,card,customer_abandonment,1,0.783,0.233,0,2026-06-03 12:42:33
6695,1266,5593.98,wallet,customer_abandonment,3,0.823,0.089,0,2026-06-15 12:42:33
6696,771,3680.88,card,repeated_failure,1,0.635,0.124,0,2026-07-01 12:42:33
6697,1130,4041.91,card,customer_abandonment,0,0.729,0.292,0,2026-06-22 12:42:33
6698,1622,6595.06,wallet,temporary_bank_failure,0,0.884,0.904,1,2026-06-16 12:42:33
6699,829,2696.0,upi,temporary_bank_failure,2,0.835,0.724,1,2026-07-30 12:42:33
6700,1932,3397.41,upi,repeated_failure,2,0.77,0.098,0,2026-08-24 12:42:33
6701,102,6956.67,netbanking,temporary_bank_failure,1,0.741,0.766,1,2026-07-12 12:42:33
6702,1504,2183.29,netbanking,network_timeout,2,0.97,0.728,1,2026-06-05 12:42:33
6703,1108,5809.74,wallet,network_timeout,1,0.931,0.792,0,2026-07-07 12:42:33
6704,342,3516.13,netbanking,repeated_failure,3,0.861,0.054,0,2026-08-08 12:42:33
6705,991,9147.02,upi,network_timeout,3,0.914,0.626,0,2026-07-17 12:42:33
6706,574,9440.69,netbanking,authentication_failure,3,0.814,0.436,0,2026-06-16 12:42:33
6707,221,965.45,upi,network_timeout,2,0.743,0.637,0,2026-06-03 12:42:33
6708,354,9248.24,wallet,customer_abandonment,3,0.849,0.1,0,2026-07-01 12:42:33
6709,1897,8353.55,wallet,temporary_bank_failure,0,0.548,0.769,1,2026-08-19 12:42:33
6710,1083,849.6,card,temporary_bank_failure,2,0.227,0.481,0,2026-06-30 12:42:33
6711,1897,5092.03,wallet,customer_abandonment,1,0.548,0.139,0,2026-08-17 12:42:33
6712,1309,9480.01,upi,temporary_bank_failure,1,0.676,0.74,1,2026-07-18 12:42:33
6713,588,6449.11,upi,insufficient_balance,0,0.569,0.478,0,2026-07-15 12:42:33
6714,678,4114.71,netbanking,insufficient_balance,1,0.915,0.536,0,2026-08-01 12:42:33
6715,892,1285.75,upi,customer_abandonment,2,0.735,0.134,0,2026-07-15 12:42:33
6716,701,4671.16,wallet,customer_abandonment,2,0.875,0.19,0,2026-07-21 12:42:33
6717,1016,3054.74,card,network_timeout,3,0.611,0.504,1,2026-06-29 12:42:33
6718,1395,5587.26,netbanking,customer_abandonment,0,0.754,0.302,1,2026-06-05 12:42:33
6719,1453,4273.4,wallet,customer_abandonment,3,0.758,0.063,0,2026-08-12 12:42:33
6720,166,142.38,card,insufficient_balance,0,0.725,0.54,0,2026-06-13 12:42:33
6721,835,8511.88,netbanking,authentication_failure,1,0.674,0.54,1,2026-07-19 12:42:33
6722,882,388.13,card,temporary_bank_failure,2,0.774,0.7,1,2026-06-28 12:42:33
6723,612,3772.39,upi,network_timeout,3,0.604,0.502,0,2026-06-15 12:42:33
6724,541,8070.38,upi,repeated_failure,1,0.641,0.126,0,2026-07-26 12:42:33
6725,1689,852.41,card,authentication_failure,2,0.671,0.458,0,2026-08-20 12:42:33
6726,893,5163.88,netbanking,customer_abandonment,2,0.828,0.171,0,2026-06-24 12:42:33
6727,1240,2456.33,upi,repeated_failure,1,0.803,0.191,0,2026-06-28 12:42:33
6728,1033,3505.38,card,authentication_failure,1,0.846,0.608,1,2026-06-21 12:42:33
6729,1428,4710.75,netbanking,authentication_failure,3,0.624,0.36,1,2026-07-22 12:42:33
6730,130,1290.96,wallet,temporary_bank_failure,0,0.467,0.737,0,2026-07-30 12:42:33
6731,835,9461.38,wallet,temporary_bank_failure,3,0.674,0.58,0,2026-06-05 12:42:33
6732,51,8831.38,upi,temporary_bank_failure,0,0.515,0.756,1,2026-08-14 12:42:33
6733,1599,1195.39,card,network_timeout,0,0.806,0.822,0,2026-05-28 12:42:33
6734,1288,5646.78,card,authentication_failure,1,0.64,0.526,1,2026-06-08 12:42:33
6735,322,3499.37,card,repeated_failure,2,0.432,0.02,1,2026-07-08 12:42:33
6736,1763,4812.45,upi,network_timeout,1,0.949,0.8,1,2026-08-16 12:42:33
6737,841,1710.28,netbanking,temporary_bank_failure,0,0.622,0.799,1,2026-06-19 12:42:33
6738,369,6008.0,netbanking,repeated_failure,3,0.801,0.03,0,2026-06-17 12:42:33
6739,1015,6711.21,netbanking,repeated_failure,3,0.856,0.052,0,2026-07-20 12:42:33
6740,638,1902.85,upi,insufficient_balance,2,0.342,0.227,0,2026-06-29 12:42:33
6741,1144,5393.97,netbanking,customer_abandonment,2,0.702,0.121,0,2026-08-21 12:42:33
6742,1973,2549.51,wallet,customer_abandonment,2,0.711,0.124,1,2026-06-15 12:42:33
6743,1824,2628.35,upi,insufficient_balance,2,0.743,0.387,0,2026-06-20 12:42:33
6744,244,8511.62,upi,insufficient_balance,3,0.831,0.342,0,2026-08-13 12:42:33
6745,533,4649.43,wallet,insufficient_balance,3,0.539,0.226,0,2026-08-18 12:42:33
6746,1101,8247.36,upi,insufficient_balance,0,0.738,0.545,0,2026-08-16 12:42:33
6747,1468,9885.14,netbanking,customer_abandonment,0,0.623,0.249,1,2026-08-16 12:42:33
6748,1795,9346.67,upi,insufficient_balance,3,0.684,0.284,0,2026-06-02 12:42:33
6749,1594,3608.51,wallet,temporary_bank_failure,3,0.744,0.608,1,2026-08-18 12:42:33
6750,1406,7256.21,card,insufficient_balance,2,0.759,0.394,0,2026-06-04 12:42:33
6751,672,5522.31,card,customer_abandonment,3,0.463,0.02,0,2026-08-18 12:42:33
6752,1321,5318.3,netbanking,repeated_failure,1,0.489,0.066,0,2026-08-16 12:42:33
6753,1617,3434.5,netbanking,authentication_failure,3,0.657,0.373,0,2026-07-11 12:42:33
6754,1051,7189.24,wallet,insufficient_balance,1,0.376,0.32,0,2026-07-27 12:42:33
6755,492,6113.59,netbanking,temporary_bank_failure,2,0.471,0.578,0,2026-07-18 12:42:33
6756,1879,369.42,upi,insufficient_balance,0,0.611,0.494,0,2026-06-22 12:42:33
6757,1739,970.65,upi,temporary_bank_failure,0,0.827,0.881,1,2026-06-10 12:42:33
6758,1691,2155.03,card,network_timeout,1,0.878,0.771,1,2026-06-10 12:42:33
6759,1596,9074.25,wallet,repeated_failure,2,0.764,0.096,0,2026-07-06 12:42:33
6760,739,2511.29,upi,network_timeout,2,0.742,0.637,0,2026-06-23 12:42:33
6761,1633,6128.09,upi,network_timeout,1,0.682,0.693,0,2026-07-13 12:42:33
6762,914,6571.65,netbanking,customer_abandonment,3,0.564,0.02,0,2026-07-09 12:42:33
6763,1715,2212.7,wallet,network_timeout,3,0.857,0.603,1,2026-07-05 12:42:33
6764,1620,5081.01,card,repeated_failure,1,0.456,0.052,0,2026-08-03 12:42:33
6765,816,6932.69,wallet,temporary_bank_failure,0,0.666,0.816,1,2026-07-10 12:42:33
6766,1508,5707.8,wallet,temporary_bank_failure,1,0.577,0.701,1,2026-06-19 12:42:33
6767,1267,828.17,wallet,authentication_failure,1,0.881,0.622,1,2026-05-29 12:42:33
6768,1448,7280.12,wallet,temporary_bank_failure,2,0.657,0.653,1,2026-08-11 12:42:33
6769,17,3321.54,netbanking,temporary_bank_failure,2,0.547,0.609,1,2026-05-31 12:42:33
6770,165,2186.1,wallet,insufficient_balance,1,0.44,0.346,0,2026-08-03 12:42:33
6771,1684,4628.37,netbanking,repeated_failure,0,0.492,0.147,0,2026-06-28 12:42:33
6772,801,6504.13,wallet,network_timeout,3,0.575,0.49,1,2026-07-22 12:42:33
6773,297,1807.74,netbanking,customer_abandonment,2,0.891,0.196,1,2026-05-29 12:42:33
6774,706,4276.26,wallet,authentication_failure,0,0.684,0.624,0,2026-08-13 12:42:33
6775,824,2649.66,card,repeated_failure,3,0.884,0.064,0,2026-07-13 12:42:33
6776,174,5369.06,upi,authentication_failure,0,0.844,0.688,0,2026-06-20 12:42:33
6777,528,1465.16,card,temporary_bank_failure,3,0.933,0.683,0,2026-07-05 12:42:33
6778,304,5569.06,netbanking,customer_abandonment,0,0.782,0.313,0,2026-07-04 12:42:33
6779,50,6114.73,upi,customer_abandonment,1,0.915,0.286,0,2026-08-10 12:42:33
6780,1623,8416.98,upi,repeated_failure,3,0.908,0.073,0,2026-07-29 12:42:33
6781,1014,9984.01,upi,temporary_bank_failure,2,0.65,0.65,0,2026-07-14 12:42:33
6782,1966,6011.71,upi,temporary_bank_failure,0,0.667,0.817,1,2026-07-30 12:42:33
6783,893,3428.18,netbanking,insufficient_balance,1,0.828,0.501,0,2026-08-20 12:42:33
6784,1150,8168.31,wallet,network_timeout,2,0.696,0.618,0,2026-06-14 12:42:33
6785,1581,8179.34,upi,customer_abandonment,1,0.912,0.285,0,2026-06-24 12:42:33
6786,604,4113.35,upi,repeated_failure,0,0.707,0.233,0,2026-07-13 12:42:33
6787,180,5140.97,netbanking,temporary_bank_failure,0,0.836,0.884,1,2026-08-09 12:42:33
6788,1826,9313.77,wallet,network_timeout,1,0.653,0.681,0,2026-06-29 12:42:33
6789,1329,2165.82,upi,repeated_failure,3,0.853,0.051,0,2026-07-31 12:42:33
6790,518,5684.99,card,insufficient_balance,0,0.841,0.586,1,2026-08-01 12:42:33
6791,1584,5380.55,netbanking,repeated_failure,3,0.675,0.02,0,2026-06-14 12:42:33
6792,1350,9383.97,card,temporary_bank_failure,1,0.495,0.668,0,2026-07-12 12:42:33
6793,293,691.13,upi,customer_abandonment,1,0.746,0.218,1,2026-08-18 12:42:33
6794,901,257.1,upi,customer_abandonment,3,0.887,0.115,0,2026-08-23 12:42:33
6795,553,1638.04,netbanking,insufficient_balance,2,0.726,0.38,0,2026-07-23 12:42:33
6796,1402,5841.69,wallet,network_timeout,0,0.476,0.69,1,2026-07-31 12:42:33
6797,1788,7277.46,upi,repeated_failure,3,0.452,0.02,0,2026-07-19 12:42:33
6798,1906,9888.7,card,temporary_bank_failure,3,0.703,0.591,1,2026-08-02 12:42:33
6799,1179,4120.58,upi,insufficient_balance,2,0.719,0.378,1,2026-08-21 12:42:33
6800,523,6525.78,upi,network_timeout,1,0.679,0.692,0,2026-07-26 12:42:33
6801,1810,9916.45,card,authentication_failure,0,0.502,0.551,1,2026-07-19 12:42:33
6802,877,9184.5,wallet,insufficient_balance,3,0.858,0.353,1,2026-08-23 12:42:33
6803,1622,8118.73,wallet,customer_abandonment,1,0.884,0.274,1,2026-07-15 12:42:33
6804,1259,5971.73,card,authentication_failure,1,0.55,0.49,0,2026-06-27 12:42:33
6805,927,996.53,wallet,network_timeout,0,0.521,0.708,0,2026-07-12 12:42:33
6806,1998,3549.48,card,network_timeout,3,0.814,0.586,1,2026-08-14 12:42:33
6807,1560,2091.85,upi,temporary_bank_failure,2,0.86,0.734,1,2026-06-06 12:42:33
6808,995,9643.88,netbanking,customer_abandonment,3,0.411,0.02,0,2026-06-22 12:42:33
6809,1467,4079.72,card,insufficient_balance,0,0.823,0.579,1,2026-05-28 12:42:33
6810,1939,5649.87,card,customer_abandonment,3,0.698,0.039,0,2026-07-28 12:42:33
6811,230,2025.18,card,network_timeout,2,0.838,0.675,0,2026-08-25 12:42:33
6812,541,9154.78,wallet,authentication_failure,1,0.641,0.526,0,2026-08-17 12:42:33
6813,1491,4080.2,wallet,authentication_failure,0,0.498,0.549,0,2026-07-10 12:42:33
6814,520,7200.49,card,insufficient_balance,1,0.545,0.388,0,2026-07-30 12:42:33
6815,1421,605.46,upi,authentication_failure,3,0.952,0.491,0,2026-07-31 12:42:33
6816,1989,9540.11,netbanking,authentication_failure,0,0.814,0.676,0,2026-06-04 12:42:33
6817,1691,2673.27,wallet,insufficient_balance,1,0.878,0.521,0,2026-06-12 12:42:33
6818,930,9372.61,netbanking,insufficient_balance,1,0.413,0.335,0,2026-06-15 12:42:33
6819,1770,8882.79,upi,network_timeout,1,0.804,0.742,1,2026-06-18 12:42:33
6820,1223,5386.69,upi,repeated_failure,3,0.523,0.02,0,2026-08-10 12:42:33
6821,1662,3305.95,netbanking,repeated_failure,3,0.908,0.073,1,2026-07-02 12:42:33
6822,1414,1997.55,card,authentication_failure,1,0.769,0.578,1,2026-06-14 12:42:33
6823,753,633.29,wallet,authentication_failure,1,0.86,0.614,1,2026-06-15 12:42:33
6824,1418,5180.87,upi,repeated_failure,3,0.871,0.058,0,2026-07-21 12:42:33
6825,508,3038.65,upi,temporary_bank_failure,1,0.651,0.73,1,2026-06-20 12:42:33
6826,1855,2276.16,card,authentication_failure,3,0.719,0.398,1,2026-08-16 12:42:33
6827,108,4927.92,netbanking,repeated_failure,2,0.74,0.086,0,2026-06-05 12:42:33
6828,291,7354.76,card,authentication_failure,2,0.856,0.532,1,2026-08-15 12:42:33
6829,846,6656.11,wallet,temporary_bank_failure,3,0.877,0.661,1,2026-06-29 12:42:33
6830,629,795.29,wallet,network_timeout,1,0.961,0.804,1,2026-07-26 12:42:33
6831,1026,2183.4,card,authentication_failure,3,0.741,0.406,1,2026-07-11 12:42:33
6832,40,5598.96,card,authentication_failure,3,0.677,0.381,0,2026-08-23 12:42:33
6833,450,8788.93,wallet,authentication_failure,0,0.369,0.498,0,2026-07-14 12:42:33
6834,431,9963.55,wallet,network_timeout,2,0.406,0.502,1,2026-06-29 12:42:33
6835,1562,897.28,netbanking,insufficient_balance,1,0.71,0.454,1,2026-07-22 12:42:33
6836,1248,968.44,wallet,repeated_failure,3,0.798,0.029,0,2026-07-30 12:42:33
6837,599,3549.79,wallet,insufficient_balance,0,0.88,0.602,1,2026-07-25 12:42:33
6838,1590,7259.11,upi,insufficient_balance,2,0.527,0.301,0,2026-07-02 12:42:33
6839,1833,1694.27,upi,authentication_failure,2,0.808,0.513,1,2026-07-01 12:42:33
6840,34,4215.39,upi,temporary_bank_failure,3,0.645,0.568,1,2026-08-12 12:42:33
6841,1626,2378.02,wallet,insufficient_balance,3,0.916,0.376,0,2026-07-28 12:42:33
6842,534,2261.2,card,authentication_failure,2,0.645,0.448,1,2026-06-02 12:42:33
6843,250,4410.89,wallet,authentication_failure,1,0.746,0.568,1,2026-06-16 12:42:33
6844,1760,5337.44,upi,customer_abandonment,0,0.907,0.363,1,2026-07-31 12:42:33
6845,4,7873.48,card,customer_abandonment,1,0.801,0.24,0,2026-07-04 12:42:33
6846,1789,879.66,upi,temporary_bank_failure,3,0.949,0.69,1,2026-07-27 12:42:33
6847,1913,9929.03,card,insufficient_balance,1,0.719,0.458,0,2026-08-16 12:42:33
6848,1862,1205.25,upi,insufficient_balance,3,0.902,0.371,1,2026-06-13 12:42:33
6849,1744,5429.74,upi,authentication_failure,0,0.503,0.551,1,2026-06-13 12:42:33
6850,1064,1503.09,card,authentication_failure,2,0.692,0.467,0,2026-08-20 12:42:33
6851,1309,1190.16,upi,authentication_failure,0,0.676,0.62,0,2026-07-06 12:42:33
6852,1959,4685.47,upi,network_timeout,0,0.582,0.733,1,2026-08-22 12:42:33
6853,1799,1425.87,card,authentication_failure,0,0.911,0.714,1,2026-07-31 12:42:33
6854,1856,1075.91,wallet,insufficient_balance,1,0.739,0.466,1,2026-06-07 12:42:33
6855,1471,3596.15,wallet,authentication_failure,2,0.747,0.489,1,2026-08-20 12:42:33
6856,1818,5284.55,netbanking,customer_abandonment,0,0.843,0.337,1,2026-08-23 12:42:33
6857,445,3216.7,upi,temporary_bank_failure,0,0.88,0.902,1,2026-06-22 12:42:33
6858,1402,3689.12,upi,insufficient_balance,1,0.476,0.36,1,2026-08-22 12:42:33
6859,1123,755.07,card,network_timeout,2,0.385,0.494,1,2026-08-07 12:42:33
6860,1173,6448.14,upi,customer_abandonment,2,0.881,0.192,0,2026-08-24 12:42:33
6861,883,5189.44,wallet,authentication_failure,0,0.548,0.569,0,2026-08-17 12:42:33
6862,1303,9698.48,upi,repeated_failure,0,0.868,0.297,0,2026-06-15 12:42:33
6863,241,6342.81,upi,repeated_failure,0,0.609,0.194,0,2026-07-16 12:42:33
6864,318,9792.92,upi,customer_abandonment,1,0.647,0.179,1,2026-06-06 12:42:33
6865,1036,7020.51,netbanking,customer_abandonment,2,0.743,0.137,0,2026-07-06 12:42:33
6866,88,7115.12,card,customer_abandonment,1,0.646,0.178,0,2026-08-18 12:42:33
6867,978,2609.0,upi,authentication_failure,1,0.596,0.508,1,2026-07-29 12:42:33
6868,1445,4078.29,upi,temporary_bank_failure,1,0.847,0.809,0,2026-08-24 12:42:33
6869,1626,5325.96,card,temporary_bank_failure,2,0.916,0.756,1,2026-06-16 12:42:33
6870,530,2532.94,netbanking,repeated_failure,2,0.939,0.166,0,2026-07-03 12:42:33
6871,504,5086.72,wallet,temporary_bank_failure,1,0.981,0.862,1,2026-06-24 12:42:33
6872,1444,3531.89,wallet,network_timeout,1,0.384,0.574,1,2026-06-13 12:42:33
6873,1929,6415.56,card,temporary_bank_failure,1,0.742,0.767,1,2026-07-26 12:42:33
6874,1183,6572.96,upi,insufficient_balance,2,0.746,0.388,0,2026-07-05 12:42:33
6875,212,202.89,upi,authentication_failure,0,0.701,0.63,0,2026-08-09 12:42:33
6876,1384,6319.08,wallet,authentication_failure,1,0.475,0.46,1,2026-06-13 12:42:33
6877,920,7372.08,wallet,insufficient_balance,2,0.883,0.443,1,2026-08-22 12:42:33
6878,1769,3024.14,netbanking,customer_abandonment,0,0.46,0.184,0,2026-05-28 12:42:33
6879,182,6077.31,wallet,temporary_bank_failure,2,0.906,0.752,1,2026-07-12 12:42:33
6880,1009,5709.34,upi,network_timeout,2,0.691,0.616,0,2026-07-15 12:42:33
6881,1179,943.45,card,insufficient_balance,0,0.719,0.538,0,2026-06-21 12:42:33
6882,367,6234.35,netbanking,temporary_bank_failure,3,0.617,0.557,1,2026-06-07 12:42:33
6883,1447,4596.52,card,customer_abandonment,2,0.702,0.121,0,2026-08-19 12:42:33
6884,1093,5273.99,card,repeated_failure,2,0.878,0.141,0,2026-07-19 12:42:33
6885,603,898.0,upi,customer_abandonment,0,0.773,0.309,0,2026-07-16 12:42:33
6886,365,3620.18,upi,repeated_failure,1,0.425,0.04,0,2026-08-03 12:42:33
6887,686,1871.25,netbanking,network_timeout,2,0.569,0.568,1,2026-06-26 12:42:33
6888,1945,9488.9,wallet,insufficient_balance,2,0.66,0.354,0,2026-06-15 12:42:33
6889,490,1788.93,card,customer_abandonment,3,0.579,0.02,0,2026-06-23 12:42:33
6890,1238,2839.25,upi,insufficient_balance,0,0.916,0.616,0,2026-08-22 12:42:33
6891,467,4346.23,card,authentication_failure,1,0.842,0.607,1,2026-07-09 12:42:33
6892,521,7621.61,wallet,customer_abandonment,1,0.51,0.124,0,2026-08-22 12:42:33
6893,1504,5468.68,upi,network_timeout,3,0.97,0.648,1,2026-07-02 12:42:33
6894,366,4435.49,upi,network_timeout,0,0.562,0.725,1,2026-08-04 12:42:33
6895,1851,9333.9,netbanking,repeated_failure,1,0.777,0.181,1,2026-06-23 12:42:33
6896,1667,7262.5,wallet,authentication_failure,0,0.644,0.608,0,2026-08-07 12:42:33
6897,1359,2501.5,upi,network_timeout,1,0.687,0.695,1,2026-08-14 12:42:33
6898,1545,6181.26,upi,customer_abandonment,2,0.82,0.168,0,2026-06-23 12:42:33
6899,287,5330.87,upi,authentication_failure,3,0.827,0.441,0,2026-06-14 12:42:33
6900,501,3176.61,netbanking,temporary_bank_failure,0,0.8,0.87,1,2026-07-24 12:42:33
6901,22,1018.26,netbanking,authentication_failure,1,0.719,0.558,0,2026-07-11 12:42:33
6902,1068,9456.28,card,temporary_bank_failure,1,0.848,0.809,1,2026-08-17 12:42:33
6903,989,9345.78,netbanking,network_timeout,3,0.277,0.371,0,2026-07-11 12:42:33
6904,1534,7912.46,wallet,insufficient_balance,3,0.695,0.288,0,2026-06-16 12:42:33
6905,1231,1369.95,upi,network_timeout,2,0.765,0.646,1,2026-05-28 12:42:33
6906,1072,2423.81,netbanking,temporary_bank_failure,2,0.601,0.63,1,2026-06-06 12:42:33
6907,1963,3321.88,wallet,authentication_failure,1,0.843,0.607,0,2026-07-29 12:42:33
6908,1507,2917.01,netbanking,authentication_failure,1,0.659,0.534,0,2026-07-21 12:42:33
6909,236,5142.91,wallet,network_timeout,1,0.861,0.764,1,2026-07-21 12:42:33
6910,314,9636.01,netbanking,network_timeout,0,0.728,0.791,1,2026-08-17 12:42:33
6911,1383,9619.35,card,repeated_failure,0,0.959,0.334,1,2026-07-07 12:42:33
6912,594,8952.69,card,insufficient_balance,2,0.654,0.352,0,2026-06-14 12:42:33
6913,136,9901.55,upi,insufficient_balance,3,0.888,0.365,1,2026-06-21 12:42:33
6914,117,3590.95,wallet,authentication_failure,3,0.579,0.342,0,2026-08-02 12:42:33
6915,494,3801.77,wallet,customer_abandonment,1,0.804,0.242,1,2026-06-23 12:42:33
6916,243,166.69,netbanking,customer_abandonment,1,0.788,0.235,0,2026-08-21 12:42:33
6917,140,7245.36,card,network_timeout,2,0.481,0.532,1,2026-06-12 12:42:33
6918,898,4954.67,card,customer_abandonment,3,0.727,0.051,0,2026-06-04 12:42:33
6919,1674,7951.46,netbanking,authentication_failure,3,0.928,0.481,0,2026-06-01 12:42:33
6920,1205,133.29,netbanking,temporary_bank_failure,1,0.387,0.625,1,2026-08-22 12:42:33
6921,1928,5668.8,card,temporary_bank_failure,3,0.858,0.653,1,2026-05-28 12:42:33
6922,1757,2070.35,card,authentication_failure,0,0.497,0.549,1,2026-07-12 12:42:33
6923,1087,6760.28,upi,repeated_failure,2,0.683,0.063,0,2026-06-09 12:42:33
6924,8,4224.74,netbanking,authentication_failure,3,0.64,0.366,0,2026-06-04 12:42:33
6925,1770,777.63,netbanking,network_timeout,0,0.804,0.822,1,2026-07-12 12:42:33
6926,1926,1363.05,netbanking,repeated_failure,0,0.453,0.131,0,2026-08-09 12:42:33
6927,1510,4293.28,wallet,repeated_failure,2,0.874,0.14,0,2026-06-09 12:42:33
6928,870,1996.08,netbanking,customer_abandonment,2,0.839,0.176,0,2026-06-12 12:42:33
6929,668,3935.39,netbanking,repeated_failure,3,0.768,0.02,0,2026-08-01 12:42:33
6930,903,8076.27,upi,temporary_bank_failure,1,0.592,0.707,1,2026-08-04 12:42:33
6931,1347,3163.51,wallet,insufficient_balance,3,0.755,0.312,1,2026-08-01 12:42:33
6932,578,5938.57,card,insufficient_balance,0,0.828,0.581,0,2026-07-10 12:42:33
6933,886,6865.19,wallet,authentication_failure,2,0.748,0.489,0,2026-06-17 12:42:33
6934,387,390.79,netbanking,repeated_failure,0,0.889,0.306,0,2026-08-18 12:42:33
6935,1407,3192.64,netbanking,insufficient_balance,2,0.886,0.444,0,2026-06-19 12:42:33
6936,108,3754.79,upi,customer_abandonment,3,0.74,0.056,0,2026-08-10 12:42:33
6937,1775,2811.25,upi,repeated_failure,3,0.788,0.025,0,2026-07-29 12:42:33
6938,1169,8592.21,wallet,network_timeout,3,0.74,0.556,0,2026-06-25 12:42:33
6939,296,712.12,upi,customer_abandonment,3,0.707,0.043,0,2026-06-02 12:42:33
6940,1238,8384.62,netbanking,insufficient_balance,3,0.916,0.376,0,2026-07-16 12:42:33
6941,1970,7393.63,netbanking,network_timeout,1,0.788,0.735,0,2026-06-29 12:42:33
6942,456,766.62,netbanking,repeated_failure,1,0.717,0.157,0,2026-07-15 12:42:33
6943,1397,4280.73,netbanking,customer_abandonment,1,0.741,0.216,0,2026-06-20 12:42:33
6944,59,5519.83,wallet,authentication_failure,1,0.958,0.653,1,2026-07-25 12:42:33
6945,221,1688.94,card,customer_abandonment,1,0.743,0.217,1,2026-08-23 12:42:33
6946,1337,9248.8,card,insufficient_balance,3,0.964,0.396,0,2026-07-16 12:42:33
6947,1537,6803.67,card,insufficient_balance,2,0.671,0.358,0,2026-05-29 12:42:33
6948,669,4541.26,netbanking,authentication_failure,0,0.444,0.528,0,2026-08-23 12:42:33
6949,326,3650.34,upi,customer_abandonment,3,0.784,0.074,0,2026-06-02 12:42:33
6950,760,4291.05,netbanking,temporary_bank_failure,1,0.764,0.776,1,2026-06-29 12:42:33
6951,117,2673.15,upi,temporary_bank_failure,3,0.579,0.542,1,2026-06-25 12:42:33
6952,1811,1526.07,card,authentication_failure,2,0.868,0.537,0,2026-06-04 12:42:33
6953,1348,1724.69,card,customer_abandonment,0,0.695,0.278,0,2026-07-10 12:42:33
6954,1877,7858.69,netbanking,network_timeout,2,0.838,0.675,0,2026-08-18 12:42:33
6955,1061,1596.26,wallet,repeated_failure,1,0.338,0.02,0,2026-07-18 12:42:33
6956,64,6022.36,wallet,repeated_failure,3,0.752,0.02,0,2026-08-05 12:42:33
6957,221,9482.67,upi,temporary_bank_failure,0,0.743,0.847,1,2026-08-06 12:42:33
6958,573,9591.22,netbanking,network_timeout,0,0.756,0.802,1,2026-07-20 12:42:33
6959,272,6856.36,wallet,network_timeout,2,0.662,0.605,1,2026-08-09 12:42:33
6960,1577,4315.77,card,temporary_bank_failure,1,0.79,0.786,1,2026-06-27 12:42:33
6961,1968,2963.99,card,network_timeout,0,0.879,0.852,1,2026-05-30 12:42:33
6962,1990,5413.89,wallet,insufficient_balance,3,0.621,0.258,1,2026-06-03 12:42:33
6963,688,8160.67,wallet,temporary_bank_failure,1,0.657,0.733,1,2026-07-14 12:42:33
6964,265,9095.66,netbanking,repeated_failure,3,0.416,0.02,0,2026-08-01 12:42:33
6965,238,1811.75,upi,temporary_bank_failure,3,0.532,0.523,0,2026-05-31 12:42:33
6966,200,3874.62,wallet,customer_abandonment,3,0.584,0.02,0,2026-08-02 12:42:33
6967,1387,1904.06,upi,repeated_failure,3,0.893,0.067,0,2026-06-02 12:42:33
6968,1787,1571.17,card,insufficient_balance,0,0.681,0.522,1,2026-07-04 12:42:33
6969,451,6706.49,card,authentication_failure,1,0.657,0.533,0,2026-07-28 12:42:33
6970,972,8045.73,upi,network_timeout,0,0.883,0.853,1,2026-08-23 12:42:33
6971,1814,7281.56,netbanking,repeated_failure,0,0.89,0.306,0,2026-07-12 12:42:33
6972,1221,9573.47,wallet,temporary_bank_failure,2,0.693,0.667,1,2026-07-18 12:42:33
6973,92,9540.62,wallet,authentication_failure,1,0.747,0.569,0,2026-07-30 12:42:33
6974,309,2193.34,netbanking,temporary_bank_failure,1,0.86,0.814,0,2026-07-09 12:42:33
6975,1795,9318.27,card,customer_abandonment,1,0.684,0.194,1,2026-08-14 12:42:33
6976,218,9473.69,wallet,customer_abandonment,2,0.277,0.02,0,2026-06-21 12:42:33
6977,801,5488.88,wallet,repeated_failure,2,0.575,0.02,0,2026-06-21 12:42:33
6978,1323,7526.47,wallet,authentication_failure,1,0.707,0.553,1,2026-08-24 12:42:33
6979,364,8925.69,upi,insufficient_balance,2,0.926,0.46,0,2026-07-27 12:42:33
6980,496,5078.8,netbanking,repeated_failure,3,0.763,0.02,0,2026-08-16 12:42:33
6981,917,1588.4,netbanking,authentication_failure,1,0.717,0.557,0,2026-05-31 12:42:33
6982,960,129.71,upi,repeated_failure,0,0.505,0.152,0,2026-08-24 12:42:33
6983,1867,6287.09,card,authentication_failure,1,0.928,0.641,1,2026-06-24 12:42:33
6984,634,2414.49,netbanking,insufficient_balance,0,0.897,0.609,0,2026-08-05 12:42:33
6985,404,1525.6,upi,insufficient_balance,3,0.95,0.39,1,2026-06-24 12:42:33
6986,312,3070.2,card,repeated_failure,2,0.497,0.02,0,2026-07-29 12:42:33
6987,1678,5317.18,wallet,network_timeout,0,0.535,0.714,1,2026-06-14 12:42:33
6988,492,4131.87,upi,repeated_failure,1,0.471,0.058,0,2026-06-22 12:42:33
6989,188,1212.44,upi,network_timeout,1,0.816,0.746,1,2026-05-29 12:42:33
6990,482,1749.88,card,authentication_failure,2,0.681,0.462,0,2026-08-04 12:42:33
6991,1218,100.97,upi,temporary_bank_failure,1,0.887,0.825,1,2026-07-12 12:42:33
6992,1188,6681.51,netbanking,insufficient_balance,1,0.618,0.417,1,2026-06-08 12:42:33
6993,1343,1316.75,card,network_timeout,3,0.874,0.61,1,2026-07-22 12:42:33
6994,1595,4274.59,upi,temporary_bank_failure,2,0.96,0.774,1,2026-08-20 12:42:33
6995,1734,2039.87,netbanking,insufficient_balance,0,0.735,0.544,1,2026-08-23 12:42:33
6996,161,7340.42,netbanking,insufficient_balance,3,0.809,0.334,0,2026-08-16 12:42:33
6997,790,7536.36,netbanking,repeated_failure,0,0.665,0.216,1,2026-07-20 12:42:33
6998,1479,6799.57,netbanking,authentication_failure,0,0.626,0.6,1,2026-06-04 12:42:33
6999,849,7559.64,wallet,temporary_bank_failure,0,0.557,0.773,1,2026-07-04 12:42:33
7000,1530,3964.0,card,authentication_failure,2,0.934,0.564,1,2026-07-21 12:42:33
7001,588,8735.82,netbanking,insufficient_balance,0,0.569,0.478,0,2026-06-19 12:42:33
7002,624,9588.45,card,authentication_failure,1,0.976,0.66,1,2026-06-28 12:42:33
7003,1070,3915.37,wallet,network_timeout,0,0.681,0.772,0,2026-06-21 12:42:33
7004,483,3673.88,wallet,customer_abandonment,2,0.606,0.082,1,2026-06-02 12:42:33
7005,617,2296.84,upi,temporary_bank_failure,2,0.978,0.781,1,2026-06-04 12:42:33
7006,251,831.86,wallet,repeated_failure,3,0.8,0.03,0,2026-08-14 12:42:33
7007,1099,8158.87,card,network_timeout,0,0.443,0.677,1,2026-08-16 12:42:33
7008,1013,8286.55,netbanking,repeated_failure,0,0.577,0.181,1,2026-08-14 12:42:33
7009,1055,9753.89,upi,repeated_failure,0,0.94,0.326,0,2026-08-21 12:42:33
7010,1584,2470.22,wallet,repeated_failure,0,0.675,0.22,0,2026-06-05 12:42:33
7011,1784,333.13,wallet,insufficient_balance,3,0.63,0.262,0,2026-06-17 12:42:33
7012,1314,828.91,upi,insufficient_balance,2,0.708,0.373,1,2026-08-13 12:42:33
7013,853,185.52,upi,authentication_failure,3,0.638,0.365,0,2026-07-25 12:42:33
7014,1925,2487.26,netbanking,network_timeout,0,0.854,0.842,1,2026-07-09 12:42:33
7015,1963,7129.33,card,customer_abandonment,0,0.843,0.337,0,2026-08-17 12:42:33
7016,1137,2866.75,upi,network_timeout,1,0.833,0.753,1,2026-08-12 12:42:33
7017,35,1449.77,card,insufficient_balance,1,0.541,0.386,1,2026-08-13 12:42:33
7018,267,6375.34,card,network_timeout,0,0.984,0.894,1,2026-08-09 12:42:33
7019,1213,7191.01,upi,insufficient_balance,2,0.724,0.38,0,2026-07-27 12:42:33
7020,1899,5896.09,card,insufficient_balance,1,0.648,0.429,0,2026-05-31 12:42:33
7021,605,2988.92,card,authentication_failure,0,0.676,0.62,0,2026-08-03 12:42:33
7022,1152,3720.76,card,customer_abandonment,2,0.806,0.162,0,2026-07-03 12:42:33
7023,586,6517.64,netbanking,insufficient_balance,1,0.547,0.389,0,2026-06-08 12:42:33
7024,758,462.63,wallet,network_timeout,3,0.623,0.509,0,2026-06-09 12:42:33
7025,1594,6787.78,wallet,insufficient_balance,0,0.744,0.548,1,2026-06-11 12:42:33
7026,682,369.36,upi,customer_abandonment,2,0.702,0.121,0,2026-06-13 12:42:33
7027,11,1304.57,netbanking,authentication_failure,0,0.772,0.659,1,2026-07-08 12:42:33
7028,435,7139.53,card,network_timeout,2,0.774,0.65,1,2026-07-13 12:42:33
7029,1050,8267.47,card,network_timeout,3,0.746,0.558,0,2026-08-03 12:42:33
7030,1640,5656.74,upi,repeated_failure,3,0.813,0.035,0,2026-07-08 12:42:33
7031,1452,9106.66,wallet,temporary_bank_failure,2,0.563,0.615,0,2026-07-02 12:42:33
7032,327,4183.33,upi,insufficient_balance,0,0.987,0.645,1,2026-07-08 12:42:33
7033,1529,6663.29,wallet,authentication_failure,2,0.79,0.506,0,2026-08-14 12:42:33
7034,1331,1156.45,netbanking,repeated_failure,3,0.975,0.1,1,2026-07-07 12:42:33
7035,1071,8903.38,card,authentication_failure,2,0.793,0.507,1,2026-08-23 12:42:33
7036,1772,778.0,upi,temporary_bank_failure,1,0.843,0.807,0,2026-06-22 12:42:33
7037,743,1268.4,netbanking,temporary_bank_failure,1,0.889,0.826,1,2026-08-17 12:42:33
7038,1658,2347.69,card,temporary_bank_failure,1,0.162,0.535,1,2026-07-10 12:42:33
7039,1536,222.47,upi,repeated_failure,1,0.847,0.209,1,2026-08-25 12:42:33
7040,1915,8600.74,card,insufficient_balance,1,0.553,0.391,1,2026-08-13 12:42:33
7041,1805,2612.67,wallet,insufficient_balance,1,0.722,0.459,0,2026-06-18 12:42:33
7042,1316,8765.16,upi,authentication_failure,2,0.685,0.464,0,2026-07-29 12:42:33
7043,599,9705.35,upi,insufficient_balance,2,0.88,0.442,0,2026-07-25 12:42:33
7044,540,517.07,netbanking,network_timeout,3,0.585,0.494,1,2026-08-23 12:42:33
7045,130,4108.82,upi,insufficient_balance,3,0.467,0.197,0,2026-06-11 12:42:33
7046,982,1624.65,wallet,repeated_failure,3,0.789,0.026,0,2026-05-31 12:42:33
7047,614,7666.72,upi,temporary_bank_failure,2,0.422,0.559,1,2026-06-05 12:42:33
7048,104,7794.68,wallet,temporary_bank_failure,1,0.74,0.766,1,2026-08-04 12:42:33
7049,1355,2290.49,card,network_timeout,0,0.78,0.812,1,2026-08-17 12:42:33
7050,658,1927.86,netbanking,network_timeout,1,0.682,0.693,0,2026-08-02 12:42:33
7051,498,4812.23,wallet,repeated_failure,3,0.481,0.02,0,2026-07-27 12:42:33
7052,1167,1681.3,upi,customer_abandonment,2,0.59,0.076,0,2026-06-03 12:42:33
7053,35,8536.29,upi,network_timeout,3,0.541,0.476,0,2026-08-09 12:42:33
7054,18,1974.63,wallet,customer_abandonment,3,0.86,0.104,0,2026-07-20 12:42:33
7055,379,8606.31,card,insufficient_balance,3,0.569,0.238,0,2026-06-11 12:42:33
7056,1428,6300.24,card,insufficient_balance,1,0.624,0.42,0,2026-06-16 12:42:33
7057,1323,7478.16,netbanking,customer_abandonment,2,0.707,0.123,0,2026-06-03 12:42:33
7058,724,9759.36,wallet,insufficient_balance,0,0.967,0.637,1,2026-05-28 12:42:33
7059,290,6557.29,wallet,insufficient_balance,1,0.511,0.374,1,2026-07-07 12:42:33
7060,1502,9090.91,upi,network_timeout,1,0.598,0.659,1,2026-08-20 12:42:33
7061,354,4888.35,netbanking,network_timeout,1,0.849,0.76,1,2026-06-28 12:42:33
7062,167,711.84,upi,customer_abandonment,3,0.531,0.02,0,2026-08-07 12:42:33
7063,1501,6592.34,card,customer_abandonment,3,0.912,0.125,0,2026-08-08 12:42:33
7064,1401,568.16,wallet,insufficient_balance,3,0.794,0.328,0,2026-06-10 12:42:33
7065,26,8032.64,card,repeated_failure,0,0.798,0.269,0,2026-07-06 12:42:33
7066,1155,8498.55,wallet,insufficient_balance,3,0.828,0.341,0,2026-06-09 12:42:33
7067,1964,7985.3,wallet,network_timeout,3,0.696,0.538,1,2026-06-27 12:42:33
7068,199,4219.75,netbanking,customer_abandonment,3,0.78,0.072,0,2026-08-03 12:42:33
7069,105,4052.36,card,insufficient_balance,2,0.53,0.302,1,2026-08-18 12:42:33
7070,907,4848.19,netbanking,insufficient_balance,1,0.756,0.472,1,2026-07-29 12:42:33
7071,1969,7257.54,upi,customer_abandonment,0,0.512,0.205,0,2026-05-29 12:42:33
7072,1154,6299.22,card,authentication_failure,3,0.839,0.446,0,2026-06-14 12:42:33
7073,471,7423.72,wallet,network_timeout,0,0.82,0.828,1,2026-07-15 12:42:33
7074,826,9538.54,wallet,repeated_failure,3,0.762,0.02,0,2026-06-03 12:42:33
7075,1163,3764.48,card,repeated_failure,2,0.451,0.02,0,2026-05-29 12:42:33
7076,113,2848.42,wallet,authentication_failure,0,0.958,0.733,0,2026-05-31 12:42:33
7077,1245,2899.53,upi,repeated_failure,1,0.735,0.164,0,2026-07-09 12:42:33
7078,134,240.87,netbanking,network_timeout,2,0.843,0.677,1,2026-06-26 12:42:33
7079,1889,5617.25,upi,authentication_failure,2,0.754,0.492,0,2026-07-17 12:42:33
7080,1811,7721.05,wallet,insufficient_balance,0,0.868,0.597,1,2026-06-29 12:42:33
7081,927,8385.73,netbanking,customer_abandonment,1,0.521,0.128,0,2026-07-21 12:42:33
7082,695,7059.07,card,authentication_failure,2,0.898,0.549,1,2026-08-14 12:42:33
7083,62,7335.94,netbanking,insufficient_balance,3,0.588,0.245,0,2026-06-10 12:42:33
7084,1938,6857.95,upi,customer_abandonment,1,0.855,0.262,0,2026-07-22 12:42:33
7085,1161,9269.65,upi,customer_abandonment,0,0.831,0.332,0,2026-07-30 12:42:33
7086,344,4537.32,netbanking,temporary_bank_failure,3,0.353,0.451,0,2026-08-18 12:42:33
7087,997,4382.62,netbanking,customer_abandonment,3,0.641,0.02,0,2026-08-22 12:42:33
7088,296,5811.26,upi,authentication_failure,2,0.707,0.473,0,2026-07-07 12:42:33
7089,693,3749.85,upi,network_timeout,3,0.604,0.502,0,2026-06-26 12:42:33
7090,1105,6905.35,card,insufficient_balance,3,0.506,0.212,0,2026-06-03 12:42:33
7091,1974,9439.17,netbanking,insufficient_balance,1,0.708,0.453,0,2026-08-18 12:42:33
7092,819,9701.74,wallet,customer_abandonment,1,0.645,0.178,0,2026-08-14 12:42:33
7093,280,7358.15,card,customer_abandonment,0,0.872,0.349,0,2026-06-29 12:42:33
7094,805,1073.71,upi,authentication_failure,0,0.532,0.563,1,2026-08-03 12:42:33
7095,1254,5599.12,wallet,temporary_bank_failure,0,0.28,0.662,0,2026-07-19 12:42:33
7096,1256,2221.41,wallet,authentication_failure,0,0.681,0.622,0,2026-08-06 12:42:33
7097,366,2707.61,wallet,temporary_bank_failure,2,0.562,0.615,1,2026-06-04 12:42:33
7098,1557,9444.65,netbanking,network_timeout,0,0.481,0.692,1,2026-06-02 12:42:33
7099,1616,8516.35,upi,network_timeout,3,0.782,0.573,1,2026-06-26 12:42:33
7100,283,7614.95,wallet,customer_abandonment,0,0.609,0.244,1,2026-07-19 12:42:33
7101,1829,7809.75,upi,authentication_failure,1,0.804,0.592,1,2026-06-21 12:42:33
7102,1969,1330.88,upi,insufficient_balance,2,0.512,0.295,1,2026-08-19 12:42:33
7103,1530,8448.23,card,customer_abandonment,3,0.934,0.134,0,2026-07-01 12:42:33
7104,252,5453.15,wallet,network_timeout,3,0.931,0.632,1,2026-08-11 12:42:33
7105,1912,8302.74,upi,repeated_failure,0,0.833,0.283,0,2026-06-26 12:42:33
7106,861,4942.12,upi,network_timeout,0,0.506,0.702,1,2026-06-17 12:42:33
7107,1348,2462.75,netbanking,network_timeout,0,0.695,0.778,1,2026-07-10 12:42:33
7108,489,1383.0,wallet,customer_abandonment,1,0.956,0.302,0,2026-07-09 12:42:33
7109,133,3389.52,netbanking,customer_abandonment,2,0.787,0.155,0,2026-07-25 12:42:33
7110,989,7945.72,card,insufficient_balance,2,0.277,0.201,0,2026-08-07 12:42:33
7111,1824,654.3,netbanking,customer_abandonment,2,0.743,0.137,1,2026-06-03 12:42:33
7112,1519,9239.84,wallet,network_timeout,1,0.413,0.585,0,2026-06-01 12:42:33
7113,935,9071.36,netbanking,network_timeout,1,0.545,0.638,1,2026-06-15 12:42:33
7114,107,5331.64,upi,customer_abandonment,1,0.633,0.173,0,2026-08-14 12:42:33
7115,1347,6606.05,upi,network_timeout,1,0.755,0.722,1,2026-07-03 12:42:33
7116,74,2662.49,card,authentication_failure,1,0.444,0.448,0,2026-06-28 12:42:33
7117,1698,407.84,wallet,insufficient_balance,1,0.322,0.299,1,2026-06-03 12:42:33
7118,996,2245.35,upi,insufficient_balance,2,0.471,0.278,0,2026-07-02 12:42:33
7119,266,2915.95,netbanking,repeated_failure,0,0.842,0.287,1,2026-08-13 12:42:33
7120,865,2294.46,wallet,authentication_failure,0,0.775,0.66,1,2026-08-13 12:42:33
7121,157,7856.61,upi,insufficient_balance,1,0.816,0.496,1,2026-06-12 12:42:33
7122,952,398.46,netbanking,customer_abandonment,2,0.876,0.19,0,2026-07-22 12:42:33
7123,689,9121.69,card,repeated_failure,0,0.405,0.112,0,2026-06-03 12:42:33
7124,1942,1611.36,wallet,authentication_failure,2,0.394,0.348,0,2026-07-02 12:42:33
7125,103,6388.45,netbanking,authentication_failure,1,0.892,0.627,1,2026-07-09 12:42:33
7126,1134,4973.26,netbanking,authentication_failure,0,0.706,0.632,1,2026-06-15 12:42:33
7127,1745,8740.96,upi,network_timeout,0,0.701,0.78,1,2026-08-02 12:42:33
7128,1566,5046.39,netbanking,insufficient_balance,0,0.511,0.454,1,2026-07-04 12:42:33
7129,708,6159.43,card,customer_abandonment,1,0.895,0.278,0,2026-05-28 12:42:33
7130,684,6465.52,netbanking,repeated_failure,3,0.559,0.02,0,2026-06-02 12:42:33
7131,1758,9360.15,wallet,temporary_bank_failure,0,0.648,0.809,1,2026-08-18 12:42:33
7132,670,7215.22,netbanking,temporary_bank_failure,3,0.729,0.602,0,2026-08-20 12:42:33
7133,298,8271.58,netbanking,customer_abandonment,3,0.901,0.12,0,2026-06-28 12:42:33
7134,1931,972.99,netbanking,customer_abandonment,0,0.75,0.3,0,2026-07-27 12:42:33
7135,999,6702.35,card,authentication_failure,0,0.658,0.613,1,2026-07-28 12:42:33
7136,830,9352.24,netbanking,authentication_failure,3,0.95,0.49,0,2026-08-10 12:42:33
7137,835,2472.9,netbanking,customer_abandonment,2,0.674,0.11,0,2026-07-07 12:42:33
7138,782,3905.07,netbanking,repeated_failure,2,0.74,0.086,0,2026-06-07 12:42:33
7139,1373,899.27,upi,repeated_failure,0,0.848,0.289,1,2026-06-23 12:42:33
7140,1632,1878.18,wallet,network_timeout,2,0.75,0.64,0,2026-07-05 12:42:33
7141,1349,7722.09,upi,repeated_failure,2,0.517,0.02,0,2026-07-10 12:42:33
7142,967,671.34,wallet,temporary_bank_failure,3,0.847,0.649,1,2026-07-12 12:42:33
7143,1944,5866.41,card,temporary_bank_failure,1,0.901,0.83,1,2026-07-04 12:42:33
7144,884,3888.12,card,customer_abandonment,2,0.875,0.19,1,2026-06-28 12:42:33
7145,115,7092.72,card,network_timeout,1,0.774,0.73,1,2026-08-11 12:42:33
7146,792,4624.73,wallet,network_timeout,2,0.706,0.622,1,2026-08-10 12:42:33
7147,1640,4458.64,wallet,insufficient_balance,1,0.813,0.495,0,2026-07-27 12:42:33
7148,1184,2565.93,netbanking,customer_abandonment,3,0.899,0.12,0,2026-08-25 12:42:33
7149,708,2129.29,upi,temporary_bank_failure,1,0.895,0.828,1,2026-08-13 12:42:33
7150,423,6343.24,netbanking,authentication_failure,3,0.902,0.471,1,2026-08-08 12:42:33
7151,119,7095.66,wallet,network_timeout,2,0.69,0.616,0,2026-07-12 12:42:33
7152,787,6952.47,card,authentication_failure,0,0.889,0.706,1,2026-06-09 12:42:33
7153,1815,8651.06,upi,temporary_bank_failure,3,0.864,0.656,1,2026-06-18 12:42:33
7154,1715,4174.93,wallet,customer_abandonment,3,0.857,0.103,0,2026-06-17 12:42:33
7155,1446,224.33,wallet,repeated_failure,2,0.764,0.096,0,2026-07-07 12:42:33
7156,1822,6798.89,card,insufficient_balance,3,0.707,0.293,1,2026-08-15 12:42:33
7157,1372,1771.77,wallet,network_timeout,1,0.727,0.711,0,2026-08-08 12:42:33
7158,1283,7489.76,upi,network_timeout,1,0.752,0.721,1,2026-06-17 12:42:33
7159,401,7407.18,wallet,temporary_bank_failure,0,0.763,0.855,1,2026-06-01 12:42:33
7160,1872,9296.88,netbanking,insufficient_balance,0,0.657,0.513,0,2026-07-06 12:42:33
7161,914,1892.64,netbanking,temporary_bank_failure,0,0.564,0.776,1,2026-06-13 12:42:33
7162,1653,5839.1,netbanking,customer_abandonment,0,0.485,0.194,0,2026-08-05 12:42:33
7163,1002,6646.15,netbanking,authentication_failure,3,0.698,0.389,1,2026-05-28 12:42:33
7164,651,6652.59,netbanking,temporary_bank_failure,0,0.791,0.866,0,2026-06-22 12:42:33
7165,1993,639.39,wallet,repeated_failure,2,0.803,0.111,1,2026-07-21 12:42:33
7166,182,8533.79,upi,repeated_failure,0,0.906,0.312,0,2026-06-29 12:42:33
7167,63,2051.61,netbanking,authentication_failure,2,0.843,0.527,0,2026-06-25 12:42:33
7168,1240,7572.1,netbanking,customer_abandonment,1,0.803,0.241,1,2026-07-06 12:42:33
7169,1278,154.43,upi,authentication_failure,1,0.791,0.586,1,2026-07-09 12:42:33
7170,1932,7029.9,netbanking,network_timeout,0,0.77,0.808,0,2026-06-12 12:42:33
7171,120,6474.33,card,customer_abandonment,2,0.338,0.02,0,2026-06-25 12:42:33
7172,1969,3438.39,wallet,network_timeout,1,0.512,0.625,0,2026-07-28 12:42:33
7173,631,7229.59,wallet,repeated_failure,1,0.642,0.127,0,2026-06-30 12:42:33
7174,1411,3864.74,upi,authentication_failure,1,0.88,0.622,1,2026-06-05 12:42:33
7175,1964,4713.15,upi,customer_abandonment,2,0.696,0.118,0,2026-07-13 12:42:33
7176,951,1842.17,netbanking,authentication_failure,2,0.554,0.412,0,2026-08-21 12:42:33
7177,1194,1440.91,wallet,temporary_bank_failure,2,0.488,0.585,1,2026-08-24 12:42:33
7178,915,2802.3,upi,temporary_bank_failure,2,0.692,0.667,1,2026-07-30 12:42:33
7179,623,9904.39,wallet,network_timeout,1,0.899,0.78,1,2026-08-02 12:42:33
7180,1948,1055.85,upi,temporary_bank_failure,1,0.773,0.779,1,2026-06-10 12:42:33
7181,1446,2031.57,upi,network_timeout,3,0.764,0.566,1,2026-08-15 12:42:33
7182,1259,2008.96,upi,network_timeout,1,0.55,0.64,1,2026-06-23 12:42:33
7183,653,7508.17,wallet,repeated_failure,3,0.946,0.088,0,2026-08-25 12:42:33
7184,1574,7310.52,card,insufficient_balance,0,0.608,0.493,1,2026-06-30 12:42:33
7185,98,4647.83,netbanking,repeated_failure,2,0.749,0.09,0,2026-08-03 12:42:33
7186,968,7396.84,upi,temporary_bank_failure,2,0.907,0.753,0,2026-06-24 12:42:33
7187,228,4689.86,card,customer_abandonment,1,0.886,0.274,0,2026-06-28 12:42:33
7188,463,8715.31,upi,temporary_bank_failure,1,0.91,0.834,1,2026-07-13 12:42:33
7189,44,5459.03,netbanking,customer_abandonment,0,0.891,0.356,0,2026-06-02 12:42:33
7190,1607,697.07,netbanking,insufficient_balance,3,0.889,0.366,0,2026-06-20 12:42:33
7191,1325,8576.1,wallet,temporary_bank_failure,1,0.469,0.658,0,2026-06-07 12:42:33
7192,1264,8278.26,wallet,authentication_failure,1,0.853,0.611,0,2026-06-08 12:42:33
7193,138,7375.19,upi,repeated_failure,3,0.642,0.02,0,2026-06-17 12:42:33
7194,207,3834.12,card,customer_abandonment,2,0.67,0.108,0,2026-06-09 12:42:33
7195,438,7386.52,upi,customer_abandonment,1,0.641,0.176,1,2026-07-27 12:42:33
7196,1388,8542.76,upi,temporary_bank_failure,0,0.749,0.85,1,2026-08-05 12:42:33
7197,623,6348.71,upi,authentication_failure,1,0.899,0.63,0,2026-07-18 12:42:33
7198,590,5037.81,wallet,repeated_failure,2,0.609,0.034,0,2026-06-16 12:42:33
7199,600,9159.95,card,authentication_failure,3,0.606,0.352,0,2026-06-27 12:42:33
7200,727,8819.21,netbanking,temporary_bank_failure,1,0.556,0.692,1,2026-06-16 12:42:33
7201,710,9945.67,upi,network_timeout,0,0.336,0.634,1,2026-06-02 12:42:33
7202,715,7920.65,upi,customer_abandonment,0,0.609,0.244,0,2026-06-30 12:42:33
7203,994,3144.67,wallet,network_timeout,2,0.798,0.659,1,2026-08-02 12:42:33
7204,511,3041.08,card,authentication_failure,1,0.897,0.629,1,2026-08-17 12:42:33
7205,626,7959.42,wallet,temporary_bank_failure,1,0.91,0.834,1,2026-08-07 12:42:33
7206,9,2911.13,upi,temporary_bank_failure,1,0.785,0.784,1,2026-07-12 12:42:33
7207,1173,4842.66,upi,customer_abandonment,3,0.881,0.112,0,2026-07-25 12:42:33
7208,188,2817.74,card,repeated_failure,0,0.816,0.276,0,2026-07-05 12:42:33
7209,1180,5066.91,wallet,repeated_failure,2,0.811,0.114,0,2026-06-24 12:42:33
7210,1811,9724.56,wallet,temporary_bank_failure,0,0.868,0.897,1,2026-07-22 12:42:33
7211,77,6502.6,upi,insufficient_balance,0,0.221,0.338,0,2026-06-05 12:42:33
7212,69,3260.23,netbanking,authentication_failure,1,0.782,0.583,0,2026-08-11 12:42:33
7213,1838,9470.51,netbanking,network_timeout,3,0.903,0.621,0,2026-08-06 12:42:33
7214,768,8082.42,upi,repeated_failure,0,0.896,0.308,0,2026-06-08 12:42:33
7215,1550,942.08,upi,customer_abandonment,0,0.845,0.338,0,2026-05-28 12:42:33
7216,1018,3794.42,netbanking,temporary_bank_failure,0,0.681,0.822,1,2026-07-17 12:42:33
7217,1039,556.24,card,repeated_failure,1,0.796,0.188,1,2026-07-06 12:42:33
7218,4,6965.69,card,temporary_bank_failure,1,0.801,0.79,1,2026-06-10 12:42:33
7219,849,2519.52,netbanking,insufficient_balance,0,0.557,0.473,0,2026-06-22 12:42:33
7220,307,2199.19,netbanking,repeated_failure,0,0.787,0.265,1,2026-07-13 12:42:33
7221,1087,837.26,card,customer_abandonment,2,0.683,0.113,0,2026-08-24 12:42:33
7222,73,9136.65,wallet,network_timeout,3,0.872,0.609,1,2026-08-04 12:42:33
7223,1505,2085.2,wallet,insufficient_balance,3,0.827,0.341,1,2026-07-29 12:42:33
7224,121,2183.29,upi,network_timeout,2,0.228,0.431,0,2026-08-03 12:42:33
7225,1705,5267.1,wallet,insufficient_balance,2,0.768,0.397,0,2026-08-25 12:42:33
7226,1144,1432.8,wallet,repeated_failure,1,0.702,0.151,0,2026-06-01 12:42:33
7227,1349,849.68,wallet,temporary_bank_failure,1,0.517,0.677,0,2026-06-28 12:42:33
7228,940,5925.4,upi,customer_abandonment,0,0.72,0.288,1,2026-08-06 12:42:33
7229,997,4446.5,wallet,temporary_bank_failure,0,0.641,0.806,1,2026-07-07 12:42:33
7230,1296,8973.0,wallet,authentication_failure,1,0.946,0.648,1,2026-06-07 12:42:33
7231,1310,3608.65,upi,temporary_bank_failure,1,0.697,0.749,1,2026-06-01 12:42:33
7232,1592,2735.21,netbanking,network_timeout,3,0.339,0.396,1,2026-08-09 12:42:33
7233,1528,2178.68,wallet,network_timeout,3,0.296,0.378,1,2026-06-09 12:42:33
7234,823,7764.0,wallet,temporary_bank_failure,1,0.69,0.746,1,2026-08-16 12:42:33
7235,1019,9398.3,wallet,temporary_bank_failure,2,0.879,0.742,0,2026-08-13 12:42:33
7236,953,5505.12,netbanking,network_timeout,1,0.889,0.776,1,2026-07-30 12:42:33
7237,1368,1110.35,upi,insufficient_balance,2,0.886,0.444,1,2026-05-28 12:42:33
7238,1618,7743.63,wallet,customer_abandonment,1,0.696,0.198,0,2026-06-17 12:42:33
7239,596,7120.64,wallet,repeated_failure,3,0.812,0.035,0,2026-08-04 12:42:33
7240,1342,562.09,upi,insufficient_balance,2,0.796,0.408,0,2026-06-19 12:42:33
7241,262,5354.12,netbanking,insufficient_balance,2,0.526,0.3,1,2026-06-15 12:42:33
7242,1356,4862.89,upi,repeated_failure,3,0.601,0.02,0,2026-06-24 12:42:33
7243,1270,5347.23,card,authentication_failure,0,0.597,0.589,1,2026-07-02 12:42:33
7244,285,8891.24,upi,customer_abandonment,1,0.777,0.231,0,2026-08-23 12:42:33
7245,665,9407.34,wallet,customer_abandonment,2,0.701,0.12,0,2026-08-16 12:42:33
7246,969,5614.67,card,insufficient_balance,1,0.452,0.351,0,2026-07-13 12:42:33
7247,1705,3851.33,wallet,authentication_failure,0,0.768,0.657,1,2026-06-10 12:42:33
7248,119,4913.11,card,repeated_failure,3,0.69,0.02,0,2026-08-16 12:42:33
7249,1833,5235.2,upi,network_timeout,2,0.808,0.663,1,2026-07-11 12:42:33
7250,198,1074.76,wallet,temporary_bank_failure,0,0.668,0.817,1,2026-08-01 12:42:33
7251,525,6492.65,upi,repeated_failure,3,0.963,0.095,0,2026-08-23 12:42:33
7252,1261,9900.07,card,insufficient_balance,2,0.69,0.366,1,2026-06-20 12:42:33
7253,775,8295.15,wallet,network_timeout,3,0.85,0.6,1,2026-06-06 12:42:33
7254,374,506.11,wallet,network_timeout,1,0.938,0.795,0,2026-07-10 12:42:33
7255,1910,6556.61,card,temporary_bank_failure,2,0.912,0.755,0,2026-08-09 12:42:33
7256,1910,4242.55,netbanking,repeated_failure,2,0.912,0.155,0,2026-08-10 12:42:33
7257,741,7219.97,upi,authentication_failure,2,0.824,0.52,0,2026-06-30 12:42:33
7258,412,4920.64,wallet,customer_abandonment,2,0.849,0.18,0,2026-08-11 12:42:33
7259,437,4949.85,upi,insufficient_balance,0,0.798,0.569,1,2026-08-18 12:42:33
7260,187,5308.62,upi,network_timeout,3,0.854,0.602,0,2026-06-25 12:42:33
7261,1510,5557.37,netbanking,insufficient_balance,3,0.874,0.36,1,2026-08-18 12:42:33
7262,1419,2660.3,wallet,authentication_failure,2,0.618,0.437,0,2026-08-24 12:42:33
7263,1763,7340.61,wallet,network_timeout,2,0.949,0.72,1,2026-08-13 12:42:33
7264,1878,8719.36,card,insufficient_balance,3,0.832,0.343,0,2026-06-18 12:42:33
7265,908,4646.71,upi,insufficient_balance,2,0.625,0.34,0,2026-08-11 12:42:33
7266,1520,6614.26,upi,repeated_failure,2,0.682,0.063,0,2026-07-09 12:42:33
7267,1090,6427.81,card,temporary_bank_failure,0,0.69,0.826,0,2026-08-20 12:42:33
7268,939,7024.95,wallet,network_timeout,1,0.884,0.774,1,2026-08-02 12:42:33
7269,443,104.06,upi,insufficient_balance,0,0.765,0.556,0,2026-07-18 12:42:33
7270,1234,5512.02,upi,authentication_failure,0,0.599,0.59,1,2026-05-30 12:42:33
7271,824,1572.07,netbanking,temporary_bank_failure,2,0.884,0.744,0,2026-06-12 12:42:33
7272,765,7290.73,card,temporary_bank_failure,2,0.692,0.667,1,2026-07-21 12:42:33
7273,575,9103.32,netbanking,repeated_failure,3,0.814,0.036,0,2026-06-08 12:42:33
7274,1441,6748.58,upi,insufficient_balance,3,0.875,0.36,0,2026-08-09 12:42:33
7275,1225,7736.17,card,customer_abandonment,2,0.78,0.152,0,2026-06-28 12:42:33
7276,1507,4111.27,card,authentication_failure,2,0.659,0.454,1,2026-07-11 12:42:33
7277,194,5755.71,upi,temporary_bank_failure,2,0.778,0.701,1,2026-08-21 12:42:33
7278,1537,6614.07,wallet,repeated_failure,1,0.671,0.138,0,2026-06-29 12:42:33
7279,1237,604.8,card,temporary_bank_failure,2,0.591,0.626,1,2026-07-23 12:42:33
7280,1654,857.98,netbanking,temporary_bank_failure,1,0.795,0.788,1,2026-07-20 12:42:33
7281,1978,9056.18,wallet,temporary_bank_failure,0,0.503,0.751,0,2026-07-12 12:42:33
7282,1824,5304.87,card,customer_abandonment,2,0.743,0.137,0,2026-06-22 12:42:33
7283,1703,4525.36,card,authentication_failure,1,0.728,0.561,1,2026-07-30 12:42:33
7284,1885,9403.59,card,network_timeout,0,0.957,0.883,1,2026-08-09 12:42:33
7285,1225,5351.24,upi,insufficient_balance,2,0.78,0.402,1,2026-08-16 12:42:33
7286,855,3206.98,netbanking,customer_abandonment,2,0.847,0.179,0,2026-06-29 12:42:33
7287,1283,5170.25,wallet,insufficient_balance,1,0.752,0.471,0,2026-07-12 12:42:33
7288,1421,2295.27,netbanking,repeated_failure,0,0.952,0.331,0,2026-06-19 12:42:33
7289,1962,2726.36,wallet,network_timeout,1,0.885,0.774,1,2026-06-05 12:42:33
7290,466,5125.89,wallet,repeated_failure,0,0.501,0.15,1,2026-07-08 12:42:33
7291,1808,3154.07,netbanking,temporary_bank_failure,0,0.906,0.912,1,2026-08-18 12:42:33
7292,110,3019.06,upi,insufficient_balance,1,0.726,0.46,0,2026-06-15 12:42:33
7293,862,9232.17,card,repeated_failure,2,0.955,0.172,1,2026-06-06 12:42:33
7294,1481,393.67,netbanking,insufficient_balance,3,0.852,0.351,1,2026-08-24 12:42:33
7295,261,2627.12,wallet,temporary_bank_failure,1,0.459,0.654,1,2026-08-02 12:42:33
7296,794,4785.0,wallet,customer_abandonment,2,0.918,0.207,0,2026-06-26 12:42:33
7297,1342,6690.91,upi,network_timeout,0,0.796,0.818,1,2026-06-13 12:42:33
7298,1458,3023.72,netbanking,insufficient_balance,3,0.513,0.215,0,2026-06-24 12:42:33
7299,1898,993.0,card,temporary_bank_failure,1,0.939,0.846,0,2026-08-14 12:42:33
7300,485,3173.73,netbanking,customer_abandonment,2,0.808,0.163,1,2026-06-22 12:42:33
7301,285,879.43,upi,insufficient_balance,0,0.777,0.561,0,2026-06-14 12:42:33
7302,575,6001.75,upi,customer_abandonment,0,0.814,0.326,0,2026-06-16 12:42:33
7303,1791,9398.6,netbanking,authentication_failure,2,0.714,0.476,1,2026-07-26 12:42:33
7304,1523,1822.28,wallet,authentication_failure,3,0.784,0.424,1,2026-08-25 12:42:33
7305,1666,3404.68,upi,customer_abandonment,0,0.833,0.333,0,2026-08-24 12:42:33
7306,1816,1889.33,card,customer_abandonment,3,0.734,0.054,0,2026-05-29 12:42:33
7307,1002,5767.41,netbanking,authentication_failure,2,0.698,0.469,0,2026-05-31 12:42:33
7308,1731,9817.99,card,temporary_bank_failure,3,0.683,0.583,0,2026-06-25 12:42:33
7309,1725,1550.6,netbanking,customer_abandonment,2,0.785,0.154,0,2026-06-24 12:42:33
7310,1989,1381.38,netbanking,authentication_failure,3,0.814,0.436,1,2026-08-05 12:42:33
7311,1054,2275.56,netbanking,repeated_failure,3,0.949,0.09,0,2026-08-20 12:42:33
7312,1919,1750.0,card,customer_abandonment,3,0.915,0.126,0,2026-07-22 12:42:33
7313,816,3341.67,card,insufficient_balance,2,0.666,0.356,1,2026-07-26 12:42:33
7314,357,4901.4,netbanking,repeated_failure,3,0.568,0.02,0,2026-06-23 12:42:33
7315,900,2187.89,card,customer_abandonment,1,0.706,0.202,0,2026-06-10 12:42:33
7316,1441,5243.16,netbanking,repeated_failure,2,0.875,0.14,0,2026-07-31 12:42:33
7317,1331,8038.0,upi,repeated_failure,3,0.975,0.1,0,2026-07-31 12:42:33
7318,120,3040.14,wallet,temporary_bank_failure,2,0.338,0.525,1,2026-08-18 12:42:33
7319,1975,3474.14,wallet,customer_abandonment,0,0.906,0.362,0,2026-08-06 12:42:33
7320,1529,7648.64,upi,network_timeout,3,0.79,0.576,1,2026-05-30 12:42:33
7321,1183,1341.61,netbanking,authentication_failure,2,0.746,0.488,1,2026-08-20 12:42:33
7322,495,886.33,upi,authentication_failure,2,0.411,0.354,0,2026-07-19 12:42:33
7323,357,918.98,upi,insufficient_balance,2,0.568,0.317,0,2026-07-11 12:42:33
7324,238,7728.28,wallet,authentication_failure,3,0.532,0.323,1,2026-06-11 12:42:33
7325,1541,465.48,upi,insufficient_balance,3,0.737,0.305,1,2026-08-03 12:42:33
7326,177,5059.63,card,network_timeout,1,0.795,0.738,1,2026-06-10 12:42:33
7327,1103,3225.94,netbanking,insufficient_balance,1,0.928,0.541,1,2026-06-27 12:42:33
7328,776,7484.57,card,temporary_bank_failure,3,0.89,0.666,1,2026-07-20 12:42:33
7329,1883,4097.43,wallet,customer_abandonment,2,0.452,0.021,0,2026-08-10 12:42:33
7330,1818,2165.81,netbanking,repeated_failure,2,0.843,0.127,0,2026-06-29 12:42:33
7331,689,6882.71,wallet,temporary_bank_failure,0,0.405,0.712,0,2026-06-28 12:42:33
7332,1493,8539.23,wallet,network_timeout,3,0.851,0.6,1,2026-06-16 12:42:33
7333,652,7010.11,netbanking,temporary_bank_failure,1,0.842,0.807,0,2026-07-08 12:42:33
7334,1239,2409.69,card,temporary_bank_failure,2,0.885,0.744,1,2026-08-22 12:42:33
7335,846,506.01,netbanking,customer_abandonment,2,0.877,0.191,0,2026-07-23 12:42:33
7336,599,1291.74,upi,authentication_failure,1,0.88,0.622,1,2026-08-02 12:42:33
7337,280,361.75,netbanking,authentication_failure,3,0.872,0.459,1,2026-07-17 12:42:33
7338,1500,3011.54,card,temporary_bank_failure,2,0.932,0.763,1,2026-06-25 12:42:33
7339,341,9745.81,card,customer_abandonment,0,0.438,0.175,0,2026-07-10 12:42:33
7340,368,9488.38,card,customer_abandonment,0,0.607,0.243,0,2026-06-29 12:42:33
7341,836,7809.64,upi,authentication_failure,0,0.587,0.585,1,2026-07-01 12:42:33
7342,418,6634.66,upi,insufficient_balance,1,0.574,0.4,0,2026-06-26 12:42:33
7343,1751,5440.98,upi,insufficient_balance,1,0.929,0.542,1,2026-06-30 12:42:33
7344,547,6039.59,card,repeated_failure,0,0.682,0.223,0,2026-08-11 12:42:33
7345,1694,6221.32,wallet,customer_abandonment,1,0.717,0.207,0,2026-07-15 12:42:33
7346,229,417.76,wallet,customer_abandonment,1,0.783,0.233,1,2026-06-29 12:42:33
7347,499,9813.95,upi,customer_abandonment,0,0.924,0.37,0,2026-08-18 12:42:33
7348,524,6143.59,wallet,repeated_failure,0,0.391,0.106,0,2026-07-30 12:42:33
7349,1666,6705.97,netbanking,temporary_bank_failure,2,0.833,0.723,1,2026-08-21 12:42:33
7350,303,169.4,wallet,network_timeout,3,0.604,0.502,0,2026-08-12 12:42:33
7351,1956,5695.95,upi,authentication_failure,3,0.503,0.311,0,2026-08-14 12:42:33
7352,337,1423.16,card,authentication_failure,3,0.908,0.473,0,2026-08-17 12:42:33
7353,887,9769.1,wallet,authentication_failure,3,0.937,0.485,1,2026-08-03 12:42:33
7354,1726,238.24,wallet,network_timeout,1,0.5,0.62,0,2026-08-17 12:42:33
7355,1269,529.06,upi,network_timeout,1,0.385,0.574,0,2026-07-15 12:42:33
7356,899,5998.52,upi,authentication_failure,0,0.863,0.695,1,2026-07-14 12:42:33
7357,475,6785.15,card,authentication_failure,2,0.601,0.43,1,2026-06-25 12:42:33
7358,529,1807.39,card,insufficient_balance,0,0.572,0.479,1,2026-07-27 12:42:33
7359,490,9704.8,upi,network_timeout,3,0.579,0.492,0,2026-08-07 12:42:33
7360,545,8620.26,wallet,authentication_failure,2,0.698,0.469,0,2026-08-02 12:42:33
7361,1251,9989.77,card,authentication_failure,0,0.605,0.592,1,2026-07-28 12:42:33
7362,1225,9116.37,netbanking,temporary_bank_failure,2,0.78,0.702,0,2026-06-06 12:42:33
7363,431,3882.92,card,repeated_failure,0,0.406,0.112,0,2026-07-07 12:42:33
7364,1289,2035.93,netbanking,network_timeout,0,0.625,0.75,1,2026-06-29 12:42:33
7365,262,8125.01,upi,repeated_failure,0,0.526,0.16,0,2026-07-05 12:42:33
7366,490,5950.1,card,temporary_bank_failure,3,0.579,0.542,1,2026-08-18 12:42:33
7367,1550,4242.21,card,temporary_bank_failure,1,0.845,0.808,1,2026-05-31 12:42:33
7368,1769,2143.63,upi,temporary_bank_failure,1,0.46,0.654,1,2026-08-03 12:42:33
7369,172,6105.74,card,repeated_failure,2,0.384,0.02,0,2026-06-19 12:42:33
7370,1493,8390.04,upi,customer_abandonment,2,0.851,0.18,0,2026-08-21 12:42:33
7371,278,3653.93,upi,insufficient_balance,3,0.661,0.274,1,2026-08-10 12:42:33
7372,1141,9049.53,card,authentication_failure,1,0.928,0.641,1,2026-08-22 12:42:33
7373,821,8456.4,wallet,insufficient_balance,1,0.604,0.412,1,2026-07-23 12:42:33
7374,1822,8695.19,wallet,repeated_failure,3,0.707,0.02,0,2026-06-30 12:42:33
7375,1189,8598.29,card,repeated_failure,2,0.305,0.02,0,2026-07-15 12:42:33
7376,779,5153.31,upi,authentication_failure,1,0.527,0.481,0,2026-06-11 12:42:33
7377,887,9128.07,upi,customer_abandonment,0,0.937,0.375,0,2026-05-28 12:42:33
7378,1802,3147.52,card,repeated_failure,2,0.782,0.103,0,2026-08-08 12:42:33
7379,415,8477.7,wallet,authentication_failure,2,0.474,0.38,1,2026-08-22 12:42:33
7380,819,7303.82,upi,repeated_failure,1,0.645,0.128,0,2026-06-13 12:42:33
7381,142,6405.53,netbanking,network_timeout,1,0.599,0.66,0,2026-07-04 12:42:33
7382,911,3680.44,netbanking,insufficient_balance,2,0.993,0.487,1,2026-06-10 12:42:33
7383,95,8031.96,card,customer_abandonment,3,0.469,0.02,0,2026-06-27 12:42:33
7384,687,3889.19,card,temporary_bank_failure,3,0.513,0.515,1,2026-08-19 12:42:33
7385,495,249.52,netbanking,authentication_failure,2,0.411,0.354,0,2026-07-01 12:42:33
7386,199,101.78,netbanking,authentication_failure,3,0.78,0.422,0,2026-08-08 12:42:33
7387,719,9623.78,wallet,authentication_failure,1,0.785,0.584,1,2026-07-04 12:42:33
7388,1811,6063.1,card,customer_abandonment,1,0.868,0.267,0,2026-07-08 12:42:33
7389,602,4005.78,netbanking,repeated_failure,0,0.814,0.276,1,2026-07-13 12:42:33
7390,1627,4496.23,card,authentication_failure,0,0.618,0.597,0,2026-06-02 12:42:33
7391,954,2985.98,wallet,authentication_failure,3,0.72,0.398,0,2026-08-15 12:42:33
7392,1435,5687.0,card,repeated_failure,1,0.706,0.152,0,2026-08-08 12:42:33
7393,1909,4666.41,netbanking,temporary_bank_failure,3,0.825,0.64,0,2026-08-19 12:42:33
7394,270,9873.29,upi,insufficient_balance,0,0.609,0.494,1,2026-08-04 12:42:33
7395,2,967.85,wallet,customer_abandonment,2,0.859,0.184,0,2026-07-05 12:42:33
7396,17,7550.03,upi,customer_abandonment,3,0.547,0.02,0,2026-06-02 12:42:33
7397,858,8568.29,wallet,repeated_failure,2,0.832,0.123,0,2026-07-17 12:42:33
7398,1250,4394.47,card,customer_abandonment,1,0.572,0.149,1,2026-08-08 12:42:33
7399,1739,1774.84,card,network_timeout,3,0.827,0.591,1,2026-07-19 12:42:33
7400,865,7086.09,netbanking,temporary_bank_failure,3,0.775,0.62,1,2026-07-18 12:42:33
7401,436,5207.56,upi,insufficient_balance,1,0.888,0.525,1,2026-06-10 12:42:33
7402,1830,8887.01,upi,customer_abandonment,2,0.512,0.045,0,2026-08-10 12:42:33
7403,1588,5074.65,upi,authentication_failure,0,0.888,0.705,1,2026-07-30 12:42:33
7404,1538,7260.11,netbanking,network_timeout,2,0.433,0.513,1,2026-08-20 12:42:33
7405,1446,8972.05,wallet,repeated_failure,3,0.764,0.02,0,2026-07-22 12:42:33
7406,1082,8142.81,card,customer_abandonment,3,0.813,0.085,0,2026-06-30 12:42:33
7407,1193,8466.51,upi,authentication_failure,3,0.558,0.333,0,2026-06-14 12:42:33
7408,805,9384.94,netbanking,customer_abandonment,0,0.532,0.213,1,2026-07-25 12:42:33
7409,355,3577.38,wallet,customer_abandonment,3,0.434,0.02,0,2026-06-08 12:42:33
7410,326,3070.27,wallet,customer_abandonment,1,0.784,0.234,0,2026-06-04 12:42:33
7411,650,1470.41,card,customer_abandonment,1,0.632,0.173,1,2026-08-20 12:42:33
7412,414,9821.01,netbanking,repeated_failure,3,0.512,0.02,0,2026-08-25 12:42:33
7413,1997,365.62,wallet,repeated_failure,0,0.642,0.207,0,2026-08-03 12:42:33
7414,1108,3597.62,wallet,customer_abandonment,0,0.931,0.372,0,2026-07-19 12:42:33
7415,1968,9683.27,upi,customer_abandonment,0,0.879,0.352,0,2026-08-25 12:42:33
7416,1028,5521.96,upi,authentication_failure,0,0.864,0.696,1,2026-07-26 12:42:33
7417,1944,3582.54,netbanking,insufficient_balance,0,0.901,0.61,1,2026-08-15 12:42:33
7418,1560,7729.43,upi,customer_abandonment,2,0.86,0.184,0,2026-07-28 12:42:33
7419,406,3225.47,card,temporary_bank_failure,0,0.469,0.738,0,2026-08-03 12:42:33
7420,197,8750.33,upi,customer_abandonment,0,0.937,0.375,1,2026-08-12 12:42:33
7421,785,2707.46,card,network_timeout,1,0.666,0.686,0,2026-07-16 12:42:33
7422,548,5646.83,upi,customer_abandonment,0,0.8,0.32,1,2026-08-23 12:42:33
7423,1524,5616.34,card,customer_abandonment,2,0.458,0.023,0,2026-06-28 12:42:33
7424,1275,8740.66,wallet,customer_abandonment,2,0.83,0.172,1,2026-06-20 12:42:33
7425,1559,6001.73,upi,repeated_failure,3,0.467,0.02,0,2026-07-06 12:42:33
7426,3,5797.73,wallet,repeated_failure,1,0.766,0.176,0,2026-07-23 12:42:33
7427,1002,850.32,wallet,authentication_failure,2,0.698,0.469,1,2026-06-05 12:42:33
7428,1299,9458.47,card,authentication_failure,3,0.738,0.405,0,2026-06-15 12:42:33
7429,217,3351.9,card,temporary_bank_failure,3,0.943,0.687,0,2026-07-29 12:42:33
7430,1057,9650.48,wallet,customer_abandonment,1,0.835,0.254,0,2026-06-10 12:42:33
7431,1512,4834.88,card,network_timeout,1,0.765,0.726,1,2026-07-31 12:42:33
7432,1179,3337.77,card,temporary_bank_failure,1,0.719,0.758,1,2026-08-21 12:42:33
7433,641,393.94,upi,insufficient_balance,2,0.898,0.449,1,2026-08-14 12:42:33
7434,1039,3950.88,wallet,network_timeout,0,0.796,0.818,1,2026-08-03 12:42:33
7435,1357,4553.65,card,network_timeout,2,0.886,0.694,1,2026-06-25 12:42:33
7436,1682,5173.44,wallet,temporary_bank_failure,1,0.888,0.825,1,2026-08-04 12:42:33
7437,1405,8745.6,upi,insufficient_balance,1,0.173,0.239,1,2026-07-07 12:42:33
7438,782,4023.41,card,customer_abandonment,2,0.74,0.136,0,2026-07-02 12:42:33
7439,1749,570.82,wallet,customer_abandonment,2,0.846,0.178,0,2026-06-04 12:42:33
7440,1632,4597.54,netbanking,network_timeout,0,0.75,0.8,1,2026-08-06 12:42:33
7441,1376,5795.38,upi,repeated_failure,1,0.82,0.198,0,2026-06-08 12:42:33
7442,1004,8977.11,card,repeated_failure,0,0.546,0.168,1,2026-08-16 12:42:33
7443,1580,1999.15,card,insufficient_balance,1,0.558,0.393,0,2026-08-11 12:42:33
7444,1428,5983.18,wallet,customer_abandonment,1,0.624,0.17,0,2026-07-01 12:42:33
7445,220,3983.93,wallet,network_timeout,0,0.86,0.844,1,2026-07-25 12:42:33
7446,1019,2321.58,netbanking,repeated_failure,3,0.879,0.062,1,2026-06-15 12:42:33
7447,1235,9802.12,netbanking,customer_abandonment,2,0.548,0.059,0,2026-08-24 12:42:33
7448,1269,7393.17,upi,insufficient_balance,2,0.385,0.244,0,2026-08-14 12:42:33
7449,1917,911.06,upi,insufficient_balance,3,0.858,0.353,1,2026-08-02 12:42:33
7450,835,9445.09,card,repeated_failure,0,0.674,0.22,0,2026-06-29 12:42:33
7451,196,4829.36,upi,customer_abandonment,2,0.402,0.02,0,2026-07-15 12:42:33
7452,1086,4261.69,netbanking,authentication_failure,1,0.688,0.545,1,2026-07-24 12:42:33
7453,284,9194.62,card,temporary_bank_failure,2,0.859,0.734,1,2026-05-29 12:42:33
7454,1699,2191.02,upi,network_timeout,0,0.618,0.747,1,2026-08-16 12:42:33
7455,1232,8655.84,netbanking,temporary_bank_failure,0,0.78,0.862,0,2026-07-31 12:42:33
7456,738,8495.3,wallet,insufficient_balance,2,0.882,0.443,1,2026-07-26 12:42:33
7457,943,1868.65,wallet,authentication_failure,0,0.396,0.508,0,2026-06-30 12:42:33
7458,1139,2633.1,upi,insufficient_balance,1,0.663,0.435,0,2026-08-04 12:42:33
7459,992,8927.38,upi,repeated_failure,2,0.833,0.123,0,2026-06-08 12:42:33
7460,1899,4809.53,upi,insufficient_balance,1,0.648,0.429,0,2026-07-21 12:42:33
7461,1582,2708.42,card,repeated_failure,2,0.417,0.02,0,2026-06-11 12:42:33
7462,1682,8576.68,wallet,authentication_failure,3,0.888,0.465,0,2026-08-11 12:42:33
7463,384,7164.76,card,authentication_failure,3,0.778,0.421,1,2026-07-22 12:42:33
7464,914,8208.85,wallet,insufficient_balance,3,0.564,0.236,0,2026-07-12 12:42:33
7465,1044,7853.28,wallet,authentication_failure,1,0.562,0.495,1,2026-07-05 12:42:33
7466,1662,2523.57,upi,temporary_bank_failure,2,0.908,0.753,1,2026-07-09 12:42:33
7467,1378,2361.01,card,repeated_failure,0,0.87,0.298,0,2026-06-04 12:42:33
7468,1465,672.37,card,network_timeout,0,0.865,0.846,1,2026-08-07 12:42:33
7469,1519,2544.46,upi,insufficient_balance,3,0.413,0.175,0,2026-07-14 12:42:33
7470,151,3812.11,upi,insufficient_balance,2,0.804,0.412,1,2026-08-25 12:42:33
7471,1524,2436.04,card,network_timeout,0,0.458,0.683,1,2026-07-12 12:42:33
7472,593,2120.51,card,customer_abandonment,2,0.466,0.026,0,2026-07-26 12:42:33
7473,853,3222.69,card,repeated_failure,1,0.638,0.125,0,2026-06-15 12:42:33
7474,1903,5230.29,upi,repeated_failure,3,0.28,0.02,0,2026-06-03 12:42:33
7475,1499,5110.85,upi,network_timeout,3,0.952,0.641,1,2026-05-31 12:42:33
7476,325,4303.65,netbanking,customer_abandonment,0,0.874,0.35,1,2026-06-23 12:42:33
7477,1800,5384.29,wallet,repeated_failure,0,0.782,0.263,0,2026-07-02 12:42:33
7478,861,2107.71,netbanking,network_timeout,0,0.506,0.702,0,2026-06-15 12:42:33
7479,1407,9783.66,netbanking,customer_abandonment,1,0.886,0.274,1,2026-07-27 12:42:33
7480,715,4512.11,card,network_timeout,2,0.609,0.584,0,2026-08-25 12:42:33
7481,271,368.63,wallet,network_timeout,2,0.639,0.596,1,2026-06-01 12:42:33
7482,539,9892.4,upi,authentication_failure,1,0.92,0.638,0,2026-07-11 12:42:33
7483,52,3175.74,upi,repeated_failure,2,0.841,0.126,0,2026-07-15 12:42:33
7484,1720,3221.09,wallet,customer_abandonment,0,0.674,0.27,0,2026-08-07 12:42:33
7485,1233,4977.49,netbanking,insufficient_balance,2,0.549,0.31,0,2026-07-29 12:42:33
7486,952,5014.08,card,network_timeout,2,0.876,0.69,1,2026-06-26 12:42:33
7487,233,4499.22,wallet,repeated_failure,0,0.864,0.296,0,2026-08-09 12:42:33
7488,944,8959.28,card,network_timeout,3,0.634,0.514,0,2026-07-23 12:42:33
7489,301,6038.01,netbanking,temporary_bank_failure,2,0.865,0.736,1,2026-07-01 12:42:33
7490,1466,7395.96,netbanking,customer_abandonment,2,0.702,0.121,0,2026-06-14 12:42:33
7491,1473,4848.6,netbanking,insufficient_balance,1,0.82,0.498,0,2026-07-21 12:42:33
7492,248,5499.31,wallet,network_timeout,0,0.695,0.778,1,2026-07-13 12:42:33
7493,1412,7929.06,netbanking,repeated_failure,2,0.822,0.119,0,2026-06-25 12:42:33
7494,1792,7127.97,netbanking,authentication_failure,3,0.795,0.428,1,2026-06-05 12:42:33
7495,7,7035.07,wallet,authentication_failure,3,0.726,0.4,0,2026-07-09 12:42:33
7496,1093,5160.01,upi,temporary_bank_failure,0,0.878,0.901,1,2026-06-14 12:42:33
7497,719,3169.14,upi,customer_abandonment,0,0.785,0.314,0,2026-06-06 12:42:33
7498,101,2133.8,wallet,insufficient_balance,0,0.725,0.54,1,2026-06-19 12:42:33
7499,1748,379.24,card,authentication_failure,0,0.637,0.605,1,2026-06-07 12:42:33
7500,97,418.09,wallet,insufficient_balance,0,0.773,0.559,1,2026-08-14 12:42:33
7501,1428,2254.06,wallet,repeated_failure,1,0.624,0.12,0,2026-07-19 12:42:33
7502,131,8096.43,upi,network_timeout,1,0.607,0.663,1,2026-06-19 12:42:33
7503,1598,749.46,netbanking,authentication_failure,3,0.759,0.414,0,2026-08-18 12:42:33
7504,409,7580.35,upi,temporary_bank_failure,1,0.868,0.817,0,2026-08-23 12:42:33
7505,9,6459.54,upi,network_timeout,0,0.785,0.814,1,2026-06-25 12:42:33
7506,116,2428.18,netbanking,customer_abandonment,1,0.875,0.27,0,2026-08-11 12:42:33
7507,1049,7377.91,wallet,temporary_bank_failure,3,0.777,0.621,1,2026-07-04 12:42:33
7508,798,5776.29,upi,temporary_bank_failure,3,0.53,0.522,1,2026-08-24 12:42:33
7509,187,4069.46,wallet,customer_abandonment,1,0.854,0.262,0,2026-06-12 12:42:33
7510,1761,2516.65,netbanking,authentication_failure,1,0.819,0.598,1,2026-06-22 12:42:33
7511,468,3731.6,card,temporary_bank_failure,3,0.893,0.667,1,2026-06-15 12:42:33
7512,861,2878.85,wallet,repeated_failure,2,0.506,0.02,0,2026-06-15 12:42:33
7513,196,5692.96,card,repeated_failure,1,0.402,0.031,0,2026-08-10 12:42:33
7514,1421,2513.29,wallet,network_timeout,1,0.952,0.801,0,2026-08-09 12:42:33
7515,1729,5987.84,card,network_timeout,1,0.802,0.741,0,2026-08-03 12:42:33
7516,214,6575.21,wallet,temporary_bank_failure,1,0.752,0.771,0,2026-06-01 12:42:33
7517,1298,6576.68,upi,authentication_failure,1,0.649,0.53,0,2026-07-24 12:42:33
7518,688,424.27,wallet,customer_abandonment,3,0.657,0.023,0,2026-08-18 12:42:33
7519,55,7667.41,wallet,repeated_failure,0,0.755,0.252,0,2026-06-22 12:42:33
7520,1995,6981.41,netbanking,network_timeout,3,0.852,0.601,0,2026-06-07 12:42:33
7521,1926,1514.06,wallet,temporary_bank_failure,3,0.453,0.491,1,2026-07-31 12:42:33
7522,1362,3975.44,wallet,customer_abandonment,1,0.507,0.123,0,2026-06-26 12:42:33
7523,1560,8438.1,card,repeated_failure,3,0.86,0.054,0,2026-08-23 12:42:33
7524,264,2832.01,netbanking,network_timeout,0,0.773,0.809,1,2026-08-08 12:42:33
7525,1128,6892.83,upi,insufficient_balance,0,0.786,0.564,1,2026-07-12 12:42:33
7526,964,5156.24,card,network_timeout,1,0.948,0.799,1,2026-08-06 12:42:33
7527,1703,4263.83,wallet,temporary_bank_failure,0,0.728,0.841,0,2026-08-06 12:42:33
7528,762,9316.01,netbanking,temporary_bank_failure,3,0.529,0.522,1,2026-08-24 12:42:33
7529,387,9420.18,card,repeated_failure,2,0.889,0.146,1,2026-06-29 12:42:33
7530,1726,480.49,upi,authentication_failure,0,0.5,0.55,1,2026-06-03 12:42:33
7531,1393,979.11,wallet,temporary_bank_failure,3,0.835,0.644,1,2026-06-28 12:42:33
7532,300,913.6,upi,authentication_failure,3,0.519,0.318,0,2026-06-25 12:42:33
7533,879,2521.76,upi,repeated_failure,1,0.597,0.109,1,2026-08-13 12:42:33
7534,324,6029.81,netbanking,authentication_failure,1,0.71,0.554,1,2026-06-02 12:42:33
7535,372,825.96,wallet,authentication_failure,3,0.924,0.48,0,2026-08-16 12:42:33
7536,15,4803.54,card,customer_abandonment,1,0.374,0.07,0,2026-06-09 12:42:33
7537,229,7864.05,upi,temporary_bank_failure,0,0.783,0.863,1,2026-06-24 12:42:33
7538,432,1777.63,card,temporary_bank_failure,2,0.798,0.709,0,2026-07-27 12:42:33
7539,1078,2047.78,card,customer_abandonment,3,0.686,0.034,0,2026-05-30 12:42:33
7540,725,4667.32,upi,repeated_failure,3,0.534,0.02,0,2026-08-16 12:42:33
7541,965,1920.46,card,temporary_bank_failure,1,0.519,0.678,1,2026-06-27 12:42:33
7542,608,6000.5,netbanking,customer_abandonment,3,0.801,0.08,0,2026-08-06 12:42:33
7543,179,564.34,upi,temporary_bank_failure,0,0.46,0.734,1,2026-07-09 12:42:33
7544,850,3607.31,card,network_timeout,0,0.759,0.804,0,2026-05-31 12:42:33
7545,1606,7224.63,upi,authentication_failure,1,0.542,0.487,0,2026-06-01 12:42:33
7546,983,9033.83,wallet,customer_abandonment,2,0.637,0.095,0,2026-06-25 12:42:33
7547,1881,5674.48,upi,authentication_failure,3,0.883,0.463,0,2026-07-14 12:42:33
7548,1134,7854.55,upi,insufficient_balance,0,0.706,0.532,1,2026-08-08 12:42:33
7549,602,975.13,card,network_timeout,0,0.814,0.826,0,2026-08-03 12:42:33
7550,1191,2588.06,card,network_timeout,0,0.626,0.75,0,2026-07-21 12:42:33
7551,1201,863.93,card,authentication_failure,1,0.533,0.483,1,2026-07-11 12:42:33
7552,1854,6791.87,netbanking,customer_abandonment,1,0.638,0.175,0,2026-07-13 12:42:33
7553,258,4292.4,wallet,authentication_failure,1,0.49,0.466,1,2026-06-06 12:42:33
7554,195,218.77,wallet,repeated_failure,2,0.94,0.166,0,2026-07-04 12:42:33
7555,308,7491.52,card,network_timeout,2,0.518,0.547,1,2026-07-12 12:42:33
7556,1877,3068.14,upi,insufficient_balance,0,0.838,0.585,1,2026-07-28 12:42:33
7557,111,7613.69,wallet,network_timeout,0,0.573,0.729,1,2026-07-25 12:42:33
7558,669,607.21,netbanking,insufficient_balance,2,0.444,0.268,0,2026-08-11 12:42:33
7559,1199,9666.63,upi,repeated_failure,2,0.775,0.1,0,2026-08-21 12:42:33
7560,566,3080.63,netbanking,temporary_bank_failure,3,0.744,0.608,1,2026-06-08 12:42:33
7561,1492,7535.16,card,temporary_bank_failure,0,0.762,0.855,1,2026-08-19 12:42:33
7562,1459,8033.55,netbanking,customer_abandonment,2,0.432,0.02,0,2026-06-04 12:42:33
7563,907,7527.38,card,temporary_bank_failure,3,0.756,0.612,0,2026-06-09 12:42:33
7564,418,2153.19,netbanking,customer_abandonment,0,0.574,0.23,0,2026-07-14 12:42:33
7565,210,3321.16,upi,temporary_bank_failure,3,0.895,0.668,0,2026-08-08 12:42:33
7566,1727,8777.35,netbanking,customer_abandonment,0,0.915,0.366,0,2026-06-03 12:42:33
7567,1979,9379.2,upi,temporary_bank_failure,3,0.739,0.606,0,2026-07-05 12:42:33
7568,1355,6229.06,card,customer_abandonment,1,0.78,0.232,0,2026-07-05 12:42:33
7569,1486,2379.26,upi,insufficient_balance,3,0.592,0.247,0,2026-08-13 12:42:33
7570,1529,1740.17,netbanking,insufficient_balance,3,0.79,0.326,1,2026-07-18 12:42:33
7571,1275,5362.39,card,insufficient_balance,3,0.83,0.342,1,2026-06-25 12:42:33
7572,417,185.5,wallet,insufficient_balance,2,0.698,0.369,0,2026-06-13 12:42:33
7573,991,752.38,wallet,customer_abandonment,1,0.914,0.286,0,2026-07-29 12:42:33
7574,1131,2711.91,wallet,customer_abandonment,1,0.863,0.265,0,2026-07-08 12:42:33
7575,128,4242.83,wallet,insufficient_balance,2,0.796,0.408,0,2026-06-21 12:42:33
7576,314,3726.11,netbanking,authentication_failure,0,0.728,0.641,0,2026-08-09 12:42:33
7577,1394,8666.19,upi,insufficient_balance,3,0.697,0.289,0,2026-06-26 12:42:33
7578,444,3976.73,upi,temporary_bank_failure,0,0.483,0.743,1,2026-06-26 12:42:33
7579,1045,9384.89,card,insufficient_balance,3,0.623,0.259,0,2026-07-03 12:42:33
7580,1102,771.2,wallet,temporary_bank_failure,3,0.808,0.633,1,2026-05-28 12:42:33
7581,1981,619.84,card,network_timeout,2,0.734,0.634,1,2026-08-12 12:42:33
7582,92,8888.69,upi,authentication_failure,3,0.747,0.409,0,2026-07-31 12:42:33
7583,153,9949.45,wallet,customer_abandonment,2,0.95,0.22,0,2026-08-02 12:42:33
7584,12,1836.27,netbanking,temporary_bank_failure,2,0.953,0.771,0,2026-06-16 12:42:33
7585,1403,6528.0,netbanking,repeated_failure,3,0.933,0.083,0,2026-06-19 12:42:33
7586,277,5600.41,card,temporary_bank_failure,0,0.787,0.865,0,2026-05-30 12:42:33
7587,1162,648.82,upi,repeated_failure,0,0.657,0.213,0,2026-08-05 12:42:33
7588,1878,6130.56,netbanking,authentication_failure,2,0.832,0.523,1,2026-06-04 12:42:33
7589,1360,1095.27,netbanking,authentication_failure,3,0.659,0.374,0,2026-07-31 12:42:33
7590,1898,6638.27,wallet,insufficient_balance,1,0.939,0.546,0,2026-06-21 12:42:33
7591,68,9185.33,netbanking,authentication_failure,3,0.416,0.276,1,2026-07-07 12:42:33
7592,20,6379.51,wallet,repeated_failure,2,0.658,0.053,1,2026-06-09 12:42:33
7593,1353,9632.12,netbanking,network_timeout,3,0.799,0.58,1,2026-07-22 12:42:33
7594,1138,2388.85,wallet,insufficient_balance,0,0.329,0.382,0,2026-06-18 12:42:33
7595,370,6389.75,netbanking,authentication_failure,0,0.46,0.534,1,2026-08-02 12:42:33
7596,1616,3652.45,upi,insufficient_balance,0,0.782,0.563,1,2026-06-25 12:42:33
7597,1691,3070.5,upi,customer_abandonment,0,0.878,0.351,0,2026-06-14 12:42:33
7598,311,6920.61,wallet,network_timeout,0,0.7,0.78,1,2026-06-18 12:42:33
7599,1500,5366.03,netbanking,insufficient_balance,0,0.932,0.623,1,2026-07-21 12:42:33
7600,1275,5244.25,wallet,network_timeout,3,0.83,0.592,0,2026-06-13 12:42:33
7601,349,5884.21,netbanking,network_timeout,0,0.665,0.766,1,2026-06-20 12:42:33
7602,1188,7618.85,upi,customer_abandonment,3,0.618,0.02,0,2026-07-25 12:42:33
7603,1016,989.64,wallet,network_timeout,0,0.611,0.744,1,2026-06-19 12:42:33
7604,1752,5945.71,upi,network_timeout,3,0.698,0.539,1,2026-07-02 12:42:33
7605,951,3555.31,upi,insufficient_balance,3,0.554,0.232,0,2026-08-04 12:42:33
7606,581,591.17,card,repeated_failure,3,0.858,0.053,0,2026-07-26 12:42:33
7607,309,8698.61,upi,customer_abandonment,0,0.86,0.344,0,2026-07-30 12:42:33
7608,72,5784.44,wallet,insufficient_balance,1,0.527,0.381,0,2026-08-17 12:42:33
7609,1088,6663.36,netbanking,network_timeout,0,0.555,0.722,1,2026-08-09 12:42:33
7610,290,559.41,wallet,authentication_failure,0,0.511,0.554,0,2026-08-05 12:42:33
7611,357,4951.49,upi,repeated_failure,1,0.568,0.097,0,2026-08-15 12:42:33
7612,1872,5903.09,upi,repeated_failure,1,0.657,0.133,0,2026-08-05 12:42:33
7613,185,3568.34,netbanking,insufficient_balance,2,0.81,0.414,1,2026-05-31 12:42:33
7614,1860,1147.34,wallet,repeated_failure,0,0.726,0.24,0,2026-07-07 12:42:33
7615,1053,6639.19,wallet,repeated_failure,1,0.806,0.192,0,2026-06-03 12:42:33
7616,1712,1353.5,upi,authentication_failure,0,0.657,0.613,0,2026-06-01 12:42:33
7617,177,8373.92,upi,authentication_failure,0,0.795,0.668,1,2026-05-29 12:42:33
7618,88,5174.22,wallet,repeated_failure,2,0.646,0.048,0,2026-06-02 12:42:33
7619,136,2411.95,wallet,customer_abandonment,1,0.888,0.275,0,2026-07-06 12:42:33
7620,1621,7817.4,card,network_timeout,2,0.641,0.596,1,2026-05-28 12:42:33
7621,132,2691.5,wallet,authentication_failure,2,0.536,0.404,0,2026-06-05 12:42:33
7622,282,6470.01,wallet,network_timeout,2,0.635,0.594,0,2026-08-13 12:42:33
7623,666,4930.03,netbanking,authentication_failure,2,0.857,0.533,0,2026-08-25 12:42:33
7624,1504,9200.03,upi,network_timeout,3,0.97,0.648,1,2026-07-22 12:42:33
7625,957,2043.7,netbanking,insufficient_balance,0,0.585,0.484,0,2026-08-19 12:42:33
7626,1168,9578.72,card,network_timeout,3,0.873,0.609,0,2026-06-08 12:42:33
7627,1815,3672.67,netbanking,temporary_bank_failure,0,0.864,0.896,1,2026-08-16 12:42:33
7628,690,3545.11,wallet,temporary_bank_failure,1,0.862,0.815,0,2026-07-27 12:42:33
7629,1847,2549.76,card,insufficient_balance,0,0.416,0.416,0,2026-06-02 12:42:33
7630,359,8666.18,netbanking,customer_abandonment,0,0.435,0.174,0,2026-06-11 12:42:33
7631,1926,943.52,netbanking,insufficient_balance,2,0.453,0.271,0,2026-08-23 12:42:33
7632,534,4333.88,wallet,authentication_failure,3,0.645,0.368,0,2026-08-03 12:42:33
7633,1893,6549.26,card,network_timeout,3,0.668,0.527,0,2026-07-10 12:42:33
7634,1592,3635.33,card,insufficient_balance,2,0.339,0.226,0,2026-06-11 12:42:33
7635,276,7403.31,netbanking,repeated_failure,1,0.726,0.16,0,2026-06-02 12:42:33
7636,593,2015.58,netbanking,temporary_bank_failure,1,0.466,0.656,1,2026-08-12 12:42:33
7637,1038,788.08,wallet,network_timeout,1,0.718,0.707,1,2026-08-08 12:42:33
7638,1904,9366.66,netbanking,insufficient_balance,2,0.783,0.403,0,2026-07-02 12:42:33
7639,1342,5595.64,wallet,repeated_failure,3,0.796,0.028,0,2026-06-17 12:42:33
7640,848,1256.17,card,temporary_bank_failure,1,0.815,0.796,1,2026-06-25 12:42:33
7641,410,8356.46,netbanking,repeated_failure,2,0.824,0.12,0,2026-07-17 12:42:33
7642,1049,6982.82,netbanking,network_timeout,2,0.777,0.651,0,2026-08-19 12:42:33
7643,1394,9962.84,wallet,repeated_failure,0,0.697,0.229,0,2026-08-20 12:42:33
7644,878,6012.52,wallet,temporary_bank_failure,1,0.79,0.786,1,2026-07-03 12:42:33
7645,480,1529.78,netbanking,repeated_failure,2,0.504,0.02,0,2026-06-27 12:42:33
7646,600,3414.76,upi,customer_abandonment,3,0.606,0.02,0,2026-07-13 12:42:33
7647,1359,263.21,upi,insufficient_balance,0,0.687,0.525,1,2026-08-09 12:42:33
7648,1017,6896.23,upi,temporary_bank_failure,1,0.714,0.756,1,2026-08-25 12:42:33
7649,576,4515.52,card,temporary_bank_failure,2,0.914,0.756,1,2026-06-06 12:42:33
7650,686,172.61,wallet,customer_abandonment,1,0.569,0.148,0,2026-06-05 12:42:33
7651,1420,3980.5,netbanking,customer_abandonment,3,0.724,0.05,1,2026-06-25 12:42:33
7652,535,3560.32,card,customer_abandonment,3,0.385,0.02,0,2026-06-11 12:42:33
7653,158,7404.52,upi,insufficient_balance,3,0.545,0.228,0,2026-08-19 12:42:33
7654,862,2216.07,card,network_timeout,3,0.955,0.642,1,2026-07-21 12:42:33
7655,1617,5759.13,upi,customer_abandonment,2,0.657,0.103,0,2026-08-24 12:42:33
7656,616,7628.7,wallet,network_timeout,1,0.828,0.751,0,2026-08-19 12:42:33
7657,1289,7956.07,card,authentication_failure,3,0.625,0.36,0,2026-07-21 12:42:33
7658,1777,2826.67,netbanking,customer_abandonment,1,0.753,0.221,0,2026-07-21 12:42:33
7659,1407,2067.07,wallet,repeated_failure,3,0.886,0.064,1,2026-08-03 12:42:33
7660,459,9473.36,card,network_timeout,0,0.709,0.784,1,2026-06-13 12:42:33
7661,1479,4580.64,upi,authentication_failure,2,0.626,0.44,0,2026-05-31 12:42:33
7662,665,8739.71,wallet,network_timeout,0,0.701,0.78,1,2026-07-05 12:42:33
7663,1405,8003.56,wallet,repeated_failure,0,0.173,0.02,0,2026-08-05 12:42:33
7664,98,8464.79,card,repeated_failure,1,0.749,0.17,0,2026-07-05 12:42:33
7665,1246,3781.36,card,customer_abandonment,2,0.854,0.182,0,2026-06-10 12:42:33
7666,367,5530.12,wallet,insufficient_balance,2,0.617,0.337,0,2026-05-28 12:42:33
7667,620,7695.12,netbanking,network_timeout,3,0.996,0.658,1,2026-07-28 12:42:33
7668,1055,3022.64,card,insufficient_balance,0,0.94,0.626,0,2026-06-18 12:42:33
7669,790,1594.94,card,temporary_bank_failure,0,0.665,0.816,0,2026-07-15 12:42:33
7670,1284,6186.06,upi,temporary_bank_failure,2,0.708,0.673,1,2026-07-15 12:42:33
7671,894,895.22,netbanking,authentication_failure,3,0.62,0.358,0,2026-07-22 12:42:33
7672,105,404.71,netbanking,insufficient_balance,2,0.53,0.302,0,2026-08-15 12:42:33
7673,1067,6163.46,card,customer_abandonment,1,0.526,0.13,1,2026-06-19 12:42:33
7674,616,3595.96,card,customer_abandonment,1,0.828,0.251,0,2026-08-23 12:42:33
7675,854,5444.74,card,customer_abandonment,3,0.872,0.109,0,2026-08-04 12:42:33
7676,1630,608.86,netbanking,customer_abandonment,0,0.327,0.131,0,2026-08-21 12:42:33
7677,1046,5619.98,netbanking,customer_abandonment,1,0.948,0.299,1,2026-06-06 12:42:33
7678,1407,5147.84,upi,temporary_bank_failure,1,0.886,0.824,1,2026-07-27 12:42:33
7679,13,1773.83,upi,insufficient_balance,3,0.788,0.325,1,2026-07-02 12:42:33
7680,927,5540.32,netbanking,authentication_failure,3,0.521,0.318,0,2026-07-05 12:42:33
7681,510,2458.47,card,insufficient_balance,2,0.577,0.321,0,2026-08-12 12:42:33
7682,1316,3904.41,wallet,network_timeout,3,0.685,0.534,1,2026-06-25 12:42:33
7683,654,3540.77,netbanking,temporary_bank_failure,2,0.956,0.772,0,2026-07-08 12:42:33
7684,1785,9735.13,card,repeated_failure,2,0.4,0.02,1,2026-07-20 12:42:33
7685,1062,7657.03,upi,repeated_failure,2,0.877,0.141,0,2026-07-08 12:42:33
7686,265,5520.58,netbanking,network_timeout,0,0.416,0.666,1,2026-06-28 12:42:33
7687,1394,5835.31,card,network_timeout,2,0.697,0.619,0,2026-08-18 12:42:33
7688,292,2676.15,netbanking,insufficient_balance,3,0.782,0.323,0,2026-07-11 12:42:33
7689,653,5052.54,upi,customer_abandonment,1,0.946,0.298,0,2026-07-29 12:42:33
7690,1046,3736.0,netbanking,network_timeout,1,0.948,0.799,1,2026-08-11 12:42:33
7691,1054,8939.58,wallet,customer_abandonment,1,0.949,0.3,0,2026-08-10 12:42:33
7692,420,4918.02,card,insufficient_balance,3,0.649,0.27,0,2026-06-04 12:42:33
7693,440,6509.74,card,authentication_failure,0,0.509,0.554,1,2026-07-23 12:42:33
7694,1821,5128.67,wallet,network_timeout,1,0.731,0.712,1,2026-06-27 12:42:33
7695,1499,5978.08,wallet,insufficient_balance,1,0.952,0.551,0,2026-07-31 12:42:33
7696,874,9967.13,upi,temporary_bank_failure,2,0.696,0.668,1,2026-08-02 12:42:33
7697,818,4072.69,wallet,authentication_failure,1,0.643,0.527,0,2026-07-22 12:42:33
7698,785,2439.38,wallet,insufficient_balance,3,0.666,0.276,1,2026-05-31 12:42:33
7699,742,5166.27,wallet,authentication_failure,1,0.644,0.528,1,2026-07-10 12:42:33
7700,648,9873.52,netbanking,authentication_failure,1,0.889,0.626,0,2026-06-10 12:42:33
7701,1271,3746.14,wallet,customer_abandonment,0,0.686,0.274,0,2026-08-11 12:42:33
7702,1360,1690.71,netbanking,network_timeout,1,0.659,0.684,1,2026-08-03 12:42:33
7703,448,4310.62,upi,temporary_bank_failure,1,0.821,0.798,1,2026-06-16 12:42:33
7704,1349,3196.01,wallet,authentication_failure,1,0.517,0.477,1,2026-06-19 12:42:33
7705,1774,1575.13,upi,authentication_failure,2,0.651,0.45,1,2026-06-02 12:42:33
7706,26,9641.36,upi,temporary_bank_failure,1,0.798,0.789,1,2026-07-19 12:42:33
7707,298,890.6,wallet,network_timeout,2,0.901,0.7,0,2026-06-28 12:42:33
7708,1999,5972.75,wallet,repeated_failure,1,0.704,0.152,0,2026-06-05 12:42:33
7709,1135,1176.91,card,repeated_failure,3,0.728,0.02,0,2026-06-15 12:42:33
7710,1318,9613.64,wallet,repeated_failure,2,0.731,0.082,0,2026-07-26 12:42:33
7711,1872,2280.96,wallet,insufficient_balance,3,0.657,0.273,0,2026-08-03 12:42:33
7712,1416,5050.26,netbanking,repeated_failure,2,0.978,0.181,0,2026-08-02 12:42:33
7713,302,8472.58,netbanking,customer_abandonment,0,0.842,0.337,0,2026-06-29 12:42:33
7714,1504,312.11,card,authentication_failure,0,0.97,0.738,0,2026-07-31 12:42:33
7715,1987,4048.59,wallet,insufficient_balance,3,0.452,0.191,0,2026-06-11 12:42:33
7716,164,5689.64,wallet,insufficient_balance,3,0.744,0.308,0,2026-07-11 12:42:33
7717,958,3634.86,wallet,repeated_failure,3,0.597,0.02,1,2026-08-19 12:42:33
7718,45,2181.03,card,network_timeout,2,0.695,0.618,0,2026-08-09 12:42:33
7719,1341,7678.92,card,authentication_failure,1,0.956,0.652,0,2026-07-08 12:42:33
7720,661,8837.86,card,authentication_failure,0,0.921,0.718,1,2026-08-05 12:42:33
7721,68,4763.15,wallet,customer_abandonment,3,0.416,0.02,0,2026-07-21 12:42:33
7722,421,965.53,upi,network_timeout,2,0.702,0.621,1,2026-08-16 12:42:33
7723,550,8810.33,wallet,temporary_bank_failure,2,0.744,0.688,1,2026-08-05 12:42:33
7724,1337,4999.31,netbanking,authentication_failure,3,0.964,0.496,0,2026-08-09 12:42:33
7725,127,5234.91,card,insufficient_balance,2,0.78,0.402,0,2026-06-30 12:42:33
7726,359,1370.94,card,customer_abandonment,3,0.435,0.02,0,2026-07-04 12:42:33
7727,1057,1486.75,wallet,customer_abandonment,2,0.835,0.174,0,2026-08-24 12:42:33
7728,1985,4243.43,wallet,network_timeout,0,0.654,0.762,1,2026-07-20 12:42:33
7729,1375,2336.81,wallet,repeated_failure,3,0.695,0.02,0,2026-07-17 12:42:33
7730,780,5790.2,card,repeated_failure,3,0.459,0.02,0,2026-06-25 12:42:33
7731,1859,3985.4,upi,network_timeout,2,0.529,0.552,1,2026-06-11 12:42:33
7732,1818,3666.35,wallet,temporary_bank_failure,2,0.843,0.727,1,2026-07-17 12:42:33
7733,686,8009.04,wallet,network_timeout,0,0.569,0.728,1,2026-08-05 12:42:33
7734,1249,3885.85,netbanking,insufficient_balance,1,0.658,0.433,1,2026-06-29 12:42:33
7735,1096,1403.52,upi,authentication_failure,0,0.618,0.597,0,2026-08-05 12:42:33
7736,2000,163.37,wallet,authentication_failure,3,0.551,0.33,0,2026-08-22 12:42:33
7737,157,7796.59,card,network_timeout,2,0.816,0.666,1,2026-07-26 12:42:33
7738,108,4879.05,card,insufficient_balance,0,0.74,0.546,1,2026-07-15 12:42:33
7739,878,320.37,upi,insufficient_balance,3,0.79,0.326,0,2026-07-20 12:42:33
7740,91,1892.02,netbanking,temporary_bank_failure,3,0.675,0.58,0,2026-06-03 12:42:33
7741,1468,6321.49,wallet,temporary_bank_failure,1,0.623,0.719,1,2026-06-13 12:42:33
7742,1572,3925.82,netbanking,authentication_failure,0,0.698,0.629,1,2026-07-25 12:42:33
7743,625,5360.34,netbanking,authentication_failure,1,0.717,0.557,0,2026-08-13 12:42:33
7744,854,7209.75,netbanking,authentication_failure,2,0.872,0.539,0,2026-08-10 12:42:33
7745,1946,6022.11,upi,authentication_failure,0,0.411,0.514,1,2026-05-30 12:42:33
7746,1313,4902.27,wallet,repeated_failure,1,0.749,0.17,0,2026-07-19 12:42:33
7747,300,9435.52,upi,temporary_bank_failure,0,0.519,0.758,1,2026-05-31 12:42:33
7748,751,4088.93,wallet,network_timeout,2,0.607,0.583,1,2026-07-14 12:42:33
7749,648,9080.48,card,customer_abandonment,1,0.889,0.276,1,2026-06-18 12:42:33
7750,1909,6192.09,upi,insufficient_balance,2,0.825,0.42,1,2026-08-15 12:42:33
7751,1309,5827.28,netbanking,insufficient_balance,3,0.676,0.28,0,2026-06-19 12:42:33
7752,1806,4674.76,netbanking,customer_abandonment,0,0.906,0.362,0,2026-07-03 12:42:33
7753,885,4935.48,upi,insufficient_balance,1,0.691,0.446,1,2026-06-10 12:42:33
7754,1859,4003.32,card,authentication_failure,3,0.529,0.322,0,2026-06-15 12:42:33
7755,182,776.91,card,insufficient_balance,1,0.906,0.532,1,2026-08-04 12:42:33
7756,1260,5248.96,card,insufficient_balance,1,0.451,0.35,1,2026-07-23 12:42:33
7757,355,582.24,netbanking,insufficient_balance,0,0.434,0.424,1,2026-06-11 12:42:33
7758,977,5889.34,netbanking,customer_abandonment,2,0.83,0.172,1,2026-07-15 12:42:33
7759,1069,7403.79,upi,authentication_failure,2,0.968,0.577,0,2026-08-19 12:42:33
7760,1463,8572.89,card,network_timeout,2,0.674,0.61,1,2026-06-05 12:42:33
7761,340,159.15,wallet,customer_abandonment,2,0.803,0.161,0,2026-08-17 12:42:33
7762,701,9149.56,card,customer_abandonment,0,0.875,0.35,1,2026-07-14 12:42:33
7763,1102,3054.96,wallet,temporary_bank_failure,0,0.808,0.873,1,2026-08-18 12:42:33
7764,654,8949.27,netbanking,temporary_bank_failure,0,0.956,0.932,1,2026-08-04 12:42:33
7765,1125,5057.9,wallet,temporary_bank_failure,2,0.828,0.721,1,2026-06-21 12:42:33
7766,193,1819.63,wallet,authentication_failure,1,0.677,0.541,1,2026-07-20 12:42:33
7767,1412,2072.22,card,repeated_failure,0,0.822,0.279,0,2026-07-10 12:42:33
7768,605,8886.67,upi,temporary_bank_failure,0,0.676,0.82,1,2026-08-17 12:42:33
7769,352,9426.04,wallet,insufficient_balance,2,0.812,0.415,1,2026-08-25 12:42:33
7770,1150,7835.32,card,authentication_failure,2,0.696,0.468,0,2026-08-24 12:42:33
7771,1838,1561.37,netbanking,temporary_bank_failure,1,0.903,0.831,1,2026-06-18 12:42:33
7772,781,6386.87,netbanking,authentication_failure,2,0.787,0.505,1,2026-07-25 12:42:33
7773,1120,1144.13,wallet,customer_abandonment,3,0.788,0.075,0,2026-07-19 12:42:33
7774,774,1395.98,upi,insufficient_balance,2,0.646,0.348,0,2026-06-15 12:42:33
7775,1993,6132.18,upi,insufficient_balance,1,0.803,0.491,0,2026-06-12 12:42:33
7776,857,2396.41,card,network_timeout,2,0.672,0.609,1,2026-07-14 12:42:33
7777,1157,8385.77,wallet,network_timeout,0,0.797,0.819,0,2026-06-23 12:42:33
7778,1900,8522.73,wallet,network_timeout,3,0.431,0.432,1,2026-07-13 12:42:33
7779,41,4935.15,netbanking,repeated_failure,0,0.692,0.227,1,2026-07-29 12:42:33
7780,1023,4320.14,wallet,authentication_failure,3,0.516,0.316,1,2026-08-24 12:42:33
7781,966,8794.08,upi,network_timeout,0,0.479,0.692,1,2026-07-05 12:42:33
7782,1783,4980.54,card,network_timeout,3,0.523,0.469,1,2026-08-22 12:42:33
7783,177,8931.93,upi,network_timeout,2,0.795,0.658,1,2026-07-19 12:42:33
7784,873,1206.07,netbanking,repeated_failure,0,0.622,0.199,0,2026-06-21 12:42:33
7785,1451,8450.56,upi,repeated_failure,2,0.807,0.113,0,2026-08-17 12:42:33
7786,1430,4164.61,netbanking,repeated_failure,2,0.939,0.166,0,2026-07-05 12:42:33
7787,403,6522.91,upi,insufficient_balance,2,0.763,0.395,1,2026-06-08 12:42:33
7788,38,2595.55,wallet,repeated_failure,1,0.792,0.187,0,2026-07-27 12:42:33
7789,329,5564.17,card,repeated_failure,1,0.736,0.164,0,2026-05-29 12:42:33
7790,1738,9848.02,netbanking,repeated_failure,1,0.823,0.199,0,2026-08-24 12:42:33
7791,1787,3537.4,wallet,temporary_bank_failure,0,0.681,0.822,1,2026-06-20 12:42:33
7792,983,7178.46,upi,temporary_bank_failure,2,0.637,0.645,1,2026-08-04 12:42:33
7793,715,2912.81,wallet,authentication_failure,2,0.609,0.434,1,2026-06-29 12:42:33
7794,850,4253.18,netbanking,temporary_bank_failure,3,0.759,0.614,0,2026-08-13 12:42:33
7795,1071,1541.82,netbanking,authentication_failure,0,0.793,0.667,1,2026-07-07 12:42:33
7796,1384,3139.78,netbanking,insufficient_balance,2,0.475,0.28,0,2026-06-19 12:42:33
7797,1719,9460.06,upi,authentication_failure,1,0.917,0.637,1,2026-08-05 12:42:33
7798,1428,4772.34,wallet,temporary_bank_failure,2,0.624,0.64,1,2026-06-15 12:42:33
7799,651,3257.32,card,temporary_bank_failure,1,0.791,0.786,1,2026-07-27 12:42:33
7800,1337,5991.25,upi,temporary_bank_failure,3,0.964,0.696,1,2026-06-30 12:42:33
7801,1147,4114.53,upi,insufficient_balance,2,0.822,0.419,1,2026-06-28 12:42:33
7802,310,2014.44,upi,temporary_bank_failure,1,0.971,0.858,1,2026-08-20 12:42:33
7803,754,7986.76,netbanking,authentication_failure,2,0.891,0.546,1,2026-06-29 12:42:33
7804,1249,8113.82,upi,insufficient_balance,1,0.658,0.433,0,2026-08-23 12:42:33
7805,1626,2288.48,upi,insufficient_balance,0,0.916,0.616,0,2026-08-05 12:42:33
7806,374,3715.71,card,network_timeout,0,0.938,0.875,1,2026-07-11 12:42:33
7807,628,164.69,netbanking,authentication_failure,2,0.859,0.534,1,2026-06-07 12:42:33
7808,1532,8733.75,wallet,insufficient_balance,1,0.502,0.371,1,2026-07-26 12:42:33
7809,276,5896.48,wallet,repeated_failure,2,0.726,0.08,0,2026-07-30 12:42:33
7810,56,1035.67,upi,repeated_failure,2,0.667,0.057,0,2026-06-08 12:42:33
7811,921,7821.92,card,repeated_failure,0,0.534,0.164,0,2026-08-02 12:42:33
7812,702,7071.05,netbanking,network_timeout,1,0.644,0.678,0,2026-07-04 12:42:33
7813,1113,3859.53,card,authentication_failure,3,0.916,0.476,1,2026-06-14 12:42:33
7814,1780,1917.47,wallet,temporary_bank_failure,1,0.709,0.754,0,2026-06-11 12:42:33
7815,1347,9234.52,card,insufficient_balance,0,0.755,0.552,1,2026-07-01 12:42:33
7816,190,6645.77,wallet,insufficient_balance,1,0.6,0.41,0,2026-07-04 12:42:33
7817,1250,8253.04,upi,insufficient_balance,3,0.572,0.239,1,2026-07-01 12:42:33
7818,177,3664.52,upi,network_timeout,0,0.795,0.818,1,2026-07-10 12:42:33
7819,576,6083.63,card,authentication_failure,1,0.914,0.636,1,2026-06-15 12:42:33
7820,1249,8504.41,card,temporary_bank_failure,2,0.658,0.653,0,2026-06-01 12:42:33
7821,1245,6132.62,upi,temporary_bank_failure,0,0.735,0.844,1,2026-07-12 12:42:33
7822,928,4167.32,upi,customer_abandonment,2,0.168,0.02,0,2026-07-30 12:42:33
7823,345,8984.18,wallet,network_timeout,1,0.811,0.744,0,2026-06-30 12:42:33
7824,629,2247.05,card,repeated_failure,2,0.961,0.174,0,2026-05-29 12:42:33
7825,360,1481.62,card,repeated_failure,0,0.835,0.284,1,2026-07-30 12:42:33
7826,517,7792.44,upi,authentication_failure,2,0.819,0.518,1,2026-08-02 12:42:33
7827,460,9918.71,upi,customer_abandonment,1,0.457,0.103,0,2026-08-12 12:42:33
7828,1230,9922.28,card,customer_abandonment,0,0.936,0.374,0,2026-06-03 12:42:33
7829,554,7236.02,netbanking,network_timeout,3,0.77,0.568,0,2026-06-06 12:42:33
7830,1754,6729.92,upi,repeated_failure,3,0.606,0.02,0,2026-08-07 12:42:33
7831,237,9223.16,card,repeated_failure,3,0.722,0.02,0,2026-07-10 12:42:33
7832,1384,3439.13,card,repeated_failure,0,0.475,0.14,0,2026-06-14 12:42:33
7833,1699,2911.44,wallet,network_timeout,0,0.618,0.747,0,2026-07-07 12:42:33
7834,1486,1865.08,card,customer_abandonment,2,0.592,0.077,0,2026-07-16 12:42:33
7835,1041,8724.02,upi,customer_abandonment,1,0.334,0.054,0,2026-07-17 12:42:33
7836,463,3526.12,upi,repeated_failure,1,0.91,0.234,0,2026-07-07 12:42:33
7837,1979,4757.0,card,network_timeout,2,0.739,0.636,1,2026-07-31 12:42:33
7838,831,7866.24,card,repeated_failure,0,0.785,0.264,0,2026-07-15 12:42:33
7839,1165,5190.44,upi,temporary_bank_failure,0,0.476,0.74,0,2026-07-18 12:42:33
7840,1689,4496.15,wallet,authentication_failure,0,0.671,0.618,1,2026-07-12 12:42:33
7841,799,5204.3,netbanking,repeated_failure,3,0.811,0.034,0,2026-08-15 12:42:33
7842,399,750.84,card,temporary_bank_failure,0,0.639,0.806,1,2026-07-28 12:42:33
7843,1210,3627.29,wallet,insufficient_balance,0,0.654,0.512,0,2026-06-04 12:42:33
7844,277,6110.06,upi,authentication_failure,1,0.787,0.585,0,2026-08-07 12:42:33
7845,521,8778.61,wallet,insufficient_balance,1,0.51,0.374,0,2026-07-09 12:42:33
7846,749,7128.89,upi,authentication_failure,0,0.925,0.72,1,2026-06-28 12:42:33
7847,1508,1342.49,netbanking,temporary_bank_failure,3,0.577,0.541,1,2026-08-03 12:42:33
7848,1895,5168.84,upi,network_timeout,2,0.863,0.685,1,2026-07-23 12:42:33
7849,1034,2887.85,wallet,network_timeout,0,0.444,0.678,1,2026-06-01 12:42:33
7850,1325,7878.65,card,repeated_failure,2,0.469,0.02,0,2026-08-21 12:42:33
7851,788,533.63,wallet,temporary_bank_failure,3,0.476,0.5,0,2026-06-16 12:42:33
7852,1369,4615.91,netbanking,network_timeout,3,0.362,0.405,1,2026-07-06 12:42:33
7853,560,6081.87,wallet,network_timeout,3,0.469,0.448,0,2026-08-03 12:42:33
7854,895,3740.91,netbanking,customer_abandonment,3,0.86,0.104,0,2026-06-04 12:42:33
7855,32,2430.25,card,repeated_failure,0,0.819,0.278,0,2026-07-12 12:42:33
7856,1964,188.49,upi,repeated_failure,3,0.696,0.02,0,2026-07-18 12:42:33
7857,167,6701.92,upi,customer_abandonment,2,0.531,0.052,0,2026-06-28 12:42:33
7858,450,8384.03,card,network_timeout,3,0.369,0.408,0,2026-07-14 12:42:33
7859,264,4527.07,upi,temporary_bank_failure,2,0.773,0.699,0,2026-07-22 12:42:33
7860,455,2722.36,wallet,insufficient_balance,1,0.863,0.515,0,2026-06-28 12:42:33
7861,961,6546.76,wallet,customer_abandonment,1,0.912,0.285,1,2026-08-03 12:42:33
7862,1198,9314.99,netbanking,customer_abandonment,1,0.927,0.291,0,2026-07-15 12:42:33
7863,1426,3563.48,card,authentication_failure,1,0.852,0.611,1,2026-06-10 12:42:33
7864,1362,5263.97,card,customer_abandonment,0,0.507,0.203,0,2026-07-17 12:42:33
7865,1435,5995.78,upi,insufficient_balance,2,0.706,0.372,1,2026-08-06 12:42:33
7866,931,7852.31,wallet,insufficient_balance,3,0.769,0.318,1,2026-07-15 12:42:33
7867,1938,2327.2,netbanking,repeated_failure,2,0.855,0.132,0,2026-06-30 12:42:33
7868,1673,1989.15,netbanking,temporary_bank_failure,3,0.659,0.574,0,2026-08-24 12:42:33
7869,1424,9971.48,card,insufficient_balance,0,0.709,0.534,0,2026-08-21 12:42:33
7870,533,4372.43,wallet,authentication_failure,1,0.539,0.486,0,2026-07-07 12:42:33
7871,876,4030.31,card,network_timeout,1,0.675,0.69,0,2026-08-02 12:42:33
7872,737,3267.01,card,customer_abandonment,0,0.849,0.34,0,2026-08-15 12:42:33
7873,1018,6098.16,netbanking,repeated_failure,2,0.681,0.062,0,2026-08-16 12:42:33
7874,997,3596.79,upi,authentication_failure,0,0.641,0.606,0,2026-08-21 12:42:33
7875,1184,5217.12,card,customer_abandonment,0,0.899,0.36,0,2026-07-18 12:42:33
7876,1954,7330.14,wallet,repeated_failure,3,0.812,0.035,0,2026-06-17 12:42:33
7877,395,2479.51,card,customer_abandonment,0,0.805,0.322,1,2026-06-22 12:42:33
7878,1732,8263.1,netbanking,repeated_failure,2,0.635,0.044,0,2026-06-11 12:42:33
7879,395,7557.53,card,customer_abandonment,3,0.805,0.082,0,2026-07-14 12:42:33
7880,1010,9737.24,wallet,customer_abandonment,3,0.658,0.023,0,2026-08-18 12:42:33
7881,144,5178.05,card,authentication_failure,1,0.603,0.511,0,2026-05-29 12:42:33
7882,31,8937.18,wallet,network_timeout,0,0.539,0.716,0,2026-06-01 12:42:33
7883,164,6557.21,upi,repeated_failure,0,0.744,0.248,0,2026-07-02 12:42:33
7884,738,5180.45,upi,network_timeout,3,0.882,0.613,1,2026-07-14 12:42:33
7885,927,7559.13,upi,customer_abandonment,0,0.521,0.208,1,2026-07-25 12:42:33
7886,1241,2325.64,upi,customer_abandonment,0,0.596,0.238,0,2026-06-09 12:42:33
7887,1114,9264.12,wallet,network_timeout,2,0.634,0.594,0,2026-07-30 12:42:33
7888,194,8355.65,wallet,authentication_failure,0,0.778,0.661,1,2026-08-11 12:42:33
7889,930,707.33,card,authentication_failure,2,0.413,0.355,0,2026-05-30 12:42:33
7890,1425,2381.51,netbanking,network_timeout,0,0.765,0.806,1,2026-07-29 12:42:33
7891,440,3574.54,card,customer_abandonment,0,0.509,0.204,1,2026-08-24 12:42:33
7892,1476,4759.98,wallet,insufficient_balance,3,0.741,0.306,0,2026-05-31 12:42:33
7893,1179,3708.24,netbanking,insufficient_balance,1,0.719,0.458,1,2026-08-24 12:42:33
7894,273,1522.54,netbanking,temporary_bank_failure,0,0.598,0.789,0,2026-08-16 12:42:33
7895,1855,9562.21,netbanking,authentication_failure,2,0.719,0.478,0,2026-07-22 12:42:33
7896,475,9858.97,netbanking,customer_abandonment,0,0.601,0.24,0,2026-07-15 12:42:33
7897,425,2771.32,card,temporary_bank_failure,3,0.797,0.629,1,2026-08-12 12:42:33
7898,890,7554.27,netbanking,customer_abandonment,3,0.398,0.02,0,2026-07-08 12:42:33
7899,475,5756.02,netbanking,repeated_failure,2,0.601,0.03,0,2026-08-02 12:42:33
7900,1648,6896.0,wallet,temporary_bank_failure,2,0.671,0.658,1,2026-08-12 12:42:33
7901,175,5362.68,upi,repeated_failure,0,0.494,0.148,1,2026-08-17 12:42:33
7902,689,741.34,card,insufficient_balance,1,0.405,0.332,1,2026-07-28 12:42:33
7903,604,3411.36,wallet,customer_abandonment,2,0.707,0.123,1,2026-07-09 12:42:33
7904,1359,400.28,netbanking,temporary_bank_failure,2,0.687,0.665,0,2026-06-24 12:42:33
7905,1269,3042.74,upi,repeated_failure,3,0.385,0.02,0,2026-08-12 12:42:33
7906,1396,8182.51,card,authentication_failure,0,0.759,0.654,1,2026-08-17 12:42:33
7907,753,7336.69,card,network_timeout,0,0.86,0.844,1,2026-06-06 12:42:33
7908,350,6790.71,netbanking,repeated_failure,1,0.585,0.104,0,2026-07-02 12:42:33
7909,756,5740.69,card,network_timeout,0,0.81,0.824,1,2026-06-14 12:42:33
7910,165,6387.79,wallet,temporary_bank_failure,1,0.44,0.646,0,2026-08-15 12:42:33
7911,1779,5312.83,upi,customer_abandonment,2,0.698,0.119,0,2026-07-02 12:42:33
7912,1884,4616.92,wallet,authentication_failure,0,0.66,0.614,0,2026-08-22 12:42:33
7913,827,7825.35,netbanking,temporary_bank_failure,3,0.96,0.694,1,2026-08-02 12:42:33
7914,1788,2355.84,upi,insufficient_balance,2,0.452,0.271,0,2026-07-23 12:42:33
7915,651,5362.38,card,customer_abandonment,2,0.791,0.156,0,2026-08-11 12:42:33
7916,919,7247.14,wallet,network_timeout,0,0.66,0.764,1,2026-06-28 12:42:33
7917,1082,7425.47,wallet,authentication_failure,3,0.813,0.435,0,2026-08-22 12:42:33
7918,1821,9193.45,card,temporary_bank_failure,2,0.731,0.682,1,2026-08-02 12:42:33
7919,1324,4734.83,upi,network_timeout,0,0.641,0.756,1,2026-07-25 12:42:33
7920,415,1716.94,wallet,temporary_bank_failure,1,0.474,0.66,1,2026-07-20 12:42:33
7921,400,3091.23,card,customer_abandonment,1,0.769,0.228,1,2026-07-24 12:42:33
7922,1129,8180.36,wallet,insufficient_balance,0,0.725,0.54,1,2026-08-18 12:42:33
7923,1078,6342.19,netbanking,temporary_bank_failure,3,0.686,0.584,0,2026-06-30 12:42:33
7924,1457,9882.09,card,customer_abandonment,3,0.799,0.08,1,2026-05-31 12:42:33
7925,1245,1637.86,card,repeated_failure,2,0.735,0.084,0,2026-06-09 12:42:33
7926,1347,5211.24,wallet,insufficient_balance,0,0.755,0.552,1,2026-08-19 12:42:33
7927,1287,5094.94,upi,network_timeout,0,0.69,0.776,1,2026-06-14 12:42:33
7928,1845,3870.18,upi,repeated_failure,0,0.888,0.305,0,2026-05-31 12:42:33
7929,1382,1144.36,upi,network_timeout,3,0.846,0.598,1,2026-07-17 12:42:33
7930,337,3665.79,wallet,temporary_bank_failure,3,0.908,0.673,0,2026-06-25 12:42:33
7931,1484,4464.68,wallet,repeated_failure,1,0.433,0.043,0,2026-06-27 12:42:33
7932,1497,2021.41,netbanking,temporary_bank_failure,2,0.537,0.605,1,2026-06-10 12:42:33
7933,248,415.78,wallet,authentication_failure,3,0.695,0.388,0,2026-08-10 12:42:33
7934,588,7096.8,upi,authentication_failure,1,0.569,0.498,1,2026-06-05 12:42:33
7935,1805,7787.09,netbanking,network_timeout,0,0.722,0.789,1,2026-07-24 12:42:33
7936,310,2985.02,wallet,repeated_failure,2,0.971,0.178,0,2026-06-11 12:42:33
7937,818,5036.57,card,temporary_bank_failure,0,0.643,0.807,1,2026-07-07 12:42:33
7938,1661,3339.69,upi,authentication_failure,2,0.868,0.537,1,2026-05-28 12:42:33
7939,809,9523.08,card,repeated_failure,3,0.846,0.048,0,2026-06-13 12:42:33
7940,395,1835.44,upi,network_timeout,3,0.805,0.582,0,2026-08-07 12:42:33
7941,808,8840.35,netbanking,customer_abandonment,2,0.786,0.154,1,2026-08-06 12:42:33
7942,924,7234.62,netbanking,temporary_bank_failure,0,0.96,0.934,1,2026-08-08 12:42:33
7943,596,6609.5,card,repeated_failure,0,0.812,0.275,0,2026-06-11 12:42:33
7944,313,4667.91,card,insufficient_balance,0,0.687,0.525,0,2026-06-05 12:42:33
7945,1553,6174.33,wallet,network_timeout,3,0.6,0.5,1,2026-06-04 12:42:33
7946,286,6826.2,upi,repeated_failure,2,0.69,0.066,0,2026-08-15 12:42:33
7947,819,9477.63,netbanking,repeated_failure,3,0.645,0.02,0,2026-06-09 12:42:33
7948,635,3532.34,wallet,temporary_bank_failure,0,0.996,0.948,1,2026-06-12 12:42:33
7949,611,3751.7,upi,repeated_failure,2,0.668,0.057,1,2026-05-31 12:42:33
7950,506,6124.48,wallet,insufficient_balance,2,0.776,0.4,0,2026-07-28 12:42:33
7951,607,3402.13,netbanking,repeated_failure,3,0.519,0.02,0,2026-06-25 12:42:33
7952,1318,2678.79,upi,temporary_bank_failure,2,0.731,0.682,1,2026-07-07 12:42:33
7953,1144,520.75,netbanking,repeated_failure,0,0.702,0.231,1,2026-07-22 12:42:33
7954,236,6972.09,card,temporary_bank_failure,1,0.861,0.814,1,2026-07-30 12:42:33
7955,1676,9156.41,netbanking,network_timeout,3,0.729,0.552,1,2026-06-03 12:42:33
7956,410,8710.59,upi,network_timeout,3,0.824,0.59,0,2026-07-02 12:42:33
7957,1351,1199.48,upi,repeated_failure,0,0.936,0.324,1,2026-05-31 12:42:33
7958,1698,186.44,wallet,insufficient_balance,2,0.322,0.219,0,2026-05-29 12:42:33
7959,1317,4834.68,netbanking,repeated_failure,3,0.862,0.055,0,2026-05-30 12:42:33
7960,1965,6519.36,wallet,network_timeout,1,0.762,0.725,1,2026-06-20 12:42:33
7961,1028,9570.87,card,temporary_bank_failure,1,0.864,0.816,1,2026-05-29 12:42:33
7962,1137,4312.21,upi,customer_abandonment,3,0.833,0.093,0,2026-08-15 12:42:33
7963,1532,4684.4,upi,authentication_failure,1,0.502,0.471,1,2026-06-06 12:42:33
7964,1758,3409.1,upi,temporary_bank_failure,1,0.648,0.729,1,2026-07-29 12:42:33
7965,460,7983.21,wallet,network_timeout,0,0.457,0.683,1,2026-07-01 12:42:33
7966,569,7525.11,card,customer_abandonment,0,0.77,0.308,0,2026-08-23 12:42:33
7967,171,9607.98,netbanking,insufficient_balance,3,0.922,0.379,0,2026-06-02 12:42:33
7968,570,7827.7,card,insufficient_balance,3,0.761,0.314,0,2026-08-04 12:42:33
7969,1919,9332.88,card,temporary_bank_failure,0,0.915,0.916,1,2026-08-05 12:42:33
7970,373,963.49,wallet,network_timeout,1,0.888,0.775,1,2026-08-06 12:42:33
7971,928,6861.26,wallet,insufficient_balance,3,0.168,0.077,0,2026-06-08 12:42:33
7972,872,4745.75,upi,network_timeout,2,0.823,0.669,1,2026-08-05 12:42:33
7973,1043,7878.32,upi,network_timeout,2,0.957,0.723,1,2026-06-12 12:42:33
7974,1836,8524.78,wallet,repeated_failure,1,0.961,0.254,0,2026-08-20 12:42:33
7975,806,7505.65,netbanking,insufficient_balance,3,0.789,0.326,0,2026-07-28 12:42:33
7976,1088,7663.38,card,repeated_failure,0,0.555,0.172,0,2026-06-27 12:42:33
7977,1690,9757.69,upi,network_timeout,2,0.734,0.634,0,2026-07-13 12:42:33
7978,1763,9563.81,netbanking,authentication_failure,2,0.949,0.57,0,2026-06-02 12:42:33
7979,676,2106.8,upi,repeated_failure,3,0.934,0.084,0,2026-07-07 12:42:33
7980,1758,4880.8,upi,network_timeout,2,0.648,0.599,0,2026-08-17 12:42:33
7981,872,7062.16,card,authentication_failure,2,0.823,0.519,0,2026-06-19 12:42:33
7982,1485,5436.49,card,insufficient_balance,2,0.591,0.326,0,2026-07-19 12:42:33
7983,983,8954.17,card,customer_abandonment,1,0.637,0.175,0,2026-07-15 12:42:33
7984,985,3149.19,wallet,customer_abandonment,2,0.677,0.111,0,2026-07-20 12:42:33
7985,177,690.3,card,customer_abandonment,3,0.795,0.078,0,2026-08-20 12:42:33
7986,399,2244.46,wallet,customer_abandonment,3,0.639,0.02,0,2026-07-31 12:42:33
7987,471,4160.48,netbanking,repeated_failure,2,0.82,0.118,0,2026-06-07 12:42:33
7988,21,699.21,card,network_timeout,3,0.765,0.566,0,2026-08-03 12:42:33
7989,1063,8177.28,card,authentication_failure,1,0.628,0.521,1,2026-06-13 12:42:33
7990,47,9652.17,netbanking,insufficient_balance,3,0.409,0.174,0,2026-08-05 12:42:33
7991,1807,106.84,upi,temporary_bank_failure,0,0.626,0.8,1,2026-06-01 12:42:33
7992,1129,6750.88,card,authentication_failure,1,0.725,0.56,0,2026-06-11 12:42:33
7993,603,3248.89,wallet,network_timeout,1,0.773,0.729,1,2026-08-03 12:42:33
7994,584,7474.11,upi,network_timeout,2,0.944,0.718,1,2026-08-15 12:42:33
7995,810,6246.41,upi,customer_abandonment,1,0.553,0.141,0,2026-08-10 12:42:33
7996,139,1694.88,wallet,repeated_failure,3,0.917,0.077,0,2026-08-07 12:42:33
7997,1437,2850.81,netbanking,insufficient_balance,1,0.464,0.356,1,2026-06-06 12:42:33
7998,695,2415.77,netbanking,insufficient_balance,3,0.898,0.369,1,2026-06-09 12:42:33
7999,1185,9314.19,netbanking,network_timeout,3,0.511,0.464,0,2026-08-11 12:42:33
8000,20,2114.73,upi,insufficient_balance,1,0.658,0.433,0,2026-08-13 12:42:33
