customer_id,name,email,quality_score,total_transactions,successful_transactions,failed_transactions,average_transaction_value,lifetime_value
1,Wendy Williamson,hallchristopher@example.org,0.796,39,31,8,2340.0,72539.91
2,Rhonda Fields,knoxdavid@example.com,0.859,3,2,1,298.81,597.61
3,Scott Williams,jerry51@example.com,0.766,22,16,6,233.92,3742.69
4,Janice Clarke,clarklisa@example.com,0.801,16,12,4,1317.3,15807.63
5,Caleb Martin,krausesusan@example.org,0.857,3,2,1,4327.71,8655.43
6,Robert Taylor,sanchezmark@example.org,0.395,14,5,9,4080.31,20401.54
7,Robert Gutierrez,stephaniebass@example.org,0.726,7,5,2,3127.98,15639.92
8,Angela Gentry,rhodeskenneth@example.net,0.64,4,2,2,1696.21,3392.43
9,Mr. Michael Abbott,ibarraemily@example.org,0.785,26,20,6,2358.82,47176.4
10,Michael Johnson Jr.,fraziertimothy@example.net,0.813,14,11,3,1140.72,12547.9
11,Nicholas Hardin,patrick40@example.net,0.772,24,18,6,1912.42,34423.49
12,Bryan Mcconnell,laura55@example.com,0.953,1,0,1,275.05,0.0
13,Steven Wilson,alexandralopez@example.com,0.788,17,13,4,3614.44,46987.74
14,Jordan Gray,nunezjennifer@example.com,0.592,28,16,12,4342.9,69486.34
15,Haley Rowe,sean21@example.com,0.374,24,8,16,3396.43,27171.42
16,Sara Villarreal,cwhite@example.com,0.435,47,20,27,3623.57,72471.5
17,Jodi Miller,alvaradoemma@example.net,0.547,9,4,5,3611.18,14444.73
18,Meghan Carpenter,michael97@example.com,0.86,49,42,7,1708.91,71774.17
19,Kimberly Dixon,smithalicia@example.net,0.803,43,34,9,1174.69,39939.59
20,Linda Payne,zwatts@example.net,0.658,42,27,15,4078.98,110132.4
21,Tanya Weeks,brandon76@example.com,0.765,30,22,8,4439.75,97674.4
22,Tyler Williams,hendersondonna@example.com,0.719,1,0,1,1294.09,0.0
23,Nicole Lynn,jorge69@example.com,0.859,8,6,2,2763.63,16581.78
24,Samuel Smith,staceycollins@example.org,0.874,32,27,5,2690.19,72635.26
25,Robert Hill,grobbins@example.com,0.409,39,15,24,2586.79,38801.89
26,Anthony Lucas,uhahn@example.net,0.798,2,1,1,2172.98,2172.98
27,John Stewart,qgomez@example.org,0.766,44,33,11,2349.36,77528.85
28,Christian Salazar,bshields@example.net,0.743,17,12,5,3695.44,44345.26
29,Joshua Bradley,yjones@example.org,0.951,48,45,3,4032.06,181442.55
30,Jimmy Sanchez,cfriedman@example.com,0.896,36,32,4,279.62,8947.89
31,Julie Williams,teresaroberts@example.com,0.539,33,17,16,2108.35,35841.88
32,Sharon Brown,ricardo00@example.net,0.819,23,18,5,2798.95,50381.1
33,Thomas Moyer,benjaminnavarro@example.net,0.497,49,24,25,1360.89,32661.38
34,Lauren Haney,dennis61@example.org,0.645,48,30,18,4263.97,127919.2
35,Jose Thomas,twood@example.net,0.541,49,26,23,975.82,25371.26
36,Nicholas Frederick,kbush@example.com,0.632,35,22,13,4873.59,107218.9
37,George Ruiz,jay27@example.com,0.822,41,33,8,1044.44,34466.56
38,Lisa Powell,rhernandez@example.net,0.792,8,6,2,4276.27,25657.63
39,Daniel Wong,laurenoneill@example.org,0.548,22,12,10,1371.15,16453.8
40,Zachary Love,rickyfrazier@example.org,0.677,34,23,11,1880.38,43248.66
41,Kyle Mayo,maria84@example.net,0.692,48,33,15,1547.71,51074.34
42,Brian Vang,prattlori@example.com,0.761,29,22,7,1541.89,33921.57
43,Kristen Johnson,austinadams@example.com,0.692,46,31,15,4839.94,150038.24
44,Alexis Lewis,simsjason@example.net,0.891,18,16,2,2872.65,45962.34
45,Jamie Zimmerman,kimberlygibson@example.org,0.695,32,22,10,3421.49,75272.76
46,Jasmine Lewis,brandithompson@example.org,0.731,40,29,11,3545.68,102824.59
47,Sarah Acosta,espinozachristina@example.com,0.409,35,14,21,1429.79,20017.11
48,Jeremy Beltran,lisahogan@example.net,0.628,20,12,8,3319.83,39837.92
49,Courtney Cook MD,qkeller@example.net,0.726,28,20,8,2978.55,59571.03
50,Trevor Li,kellyandrea@example.org,0.915,22,20,2,3036.0,60719.99
51,Jason Harris,bryantmichael@example.org,0.515,44,22,22,4833.21,106330.59
52,Carrie Powers,brandy79@example.org,0.841,35,29,6,3259.66,94530.24
53,Michelle Stafford,tinapowers@example.org,0.441,28,12,16,3771.4,45256.86
54,Mary Jones,angelacarrillo@example.org,0.76,12,9,3,2162.97,19466.77
55,Matthew White,allison81@example.com,0.755,48,36,12,1077.76,38799.24
56,Carmen Russell,biancajones@example.org,0.667,5,3,2,3136.26,9408.78
57,Jessica Baker,clinton27@example.org,0.652,29,18,11,757.15,13628.68
58,Hector Nelson,april86@example.net,0.664,48,31,17,4073.18,126268.65
59,Jessica Pierce,riosjulia@example.org,0.958,5,4,1,4456.07,17824.26
60,Carol Johnson,doylekimberly@example.net,0.621,16,9,7,538.73,4848.57
61,David Salinas,jacob83@example.net,0.708,24,17,7,3450.41,58656.94
62,Michael Anderson,robert41@example.org,0.588,12,7,5,2053.29,14373.05
63,Jimmy Holmes,douglas91@example.com,0.843,26,21,5,3471.75,72906.66
64,Christine Acosta,gpeterson@example.org,0.752,45,33,12,4695.91,154965.07
65,Daniel Shelton,normanjohn@example.com,0.803,37,29,8,3802.95,110285.57
66,William Harper,rterry@example.net,0.768,32,24,8,4320.38,103689.15
67,Brian Sanchez MD,kimberlyrogers@example.net,0.884,17,15,2,2764.77,41471.58
68,Arthur Turner,pettyjason@example.net,0.416,36,14,22,252.02,3528.29
69,Lisa Dunn DDS,yrivera@example.org,0.782,47,36,11,599.77,21591.55
70,Elizabeth Burnett,myerstara@example.net,0.861,23,19,4,3950.22,75054.2
71,Paul Cohen,lynnjordan@example.net,0.813,44,35,9,4360.97,152633.94
72,Matthew Tucker,cathy05@example.com,0.527,27,14,13,3589.96,50259.48
73,Sarah Ramirez,fmyers@example.net,0.872,4,3,1,1881.05,5643.14
74,Brad Williams,donnabrock@example.org,0.444,10,4,6,4550.5,18202.0
75,Danielle Baker,sthompson@example.net,0.872,20,17,3,770.33,13095.54
76,Warren Moore,riceheather@example.com,0.869,49,42,7,597.88,25110.89
77,Heidi Mitchell,hduffy@example.net,0.221,45,9,36,407.17,3664.51
78,Emily Morales,kristen41@example.com,0.595,35,20,15,3537.97,70759.47
79,Pamela Dyer,misty78@example.org,0.825,3,2,1,4525.56,9051.12
80,Kayla Garcia,westchloe@example.com,0.931,26,24,2,2063.69,49528.52
81,Jennifer Wade,rparks@example.org,0.806,27,21,6,3551.18,74574.7
82,Denise Baker,newmanmichael@example.net,0.428,29,12,17,839.29,10071.46
83,Megan Johnson,ytucker@example.com,0.971,30,29,1,4357.11,126356.09
84,James Blanchard,floresdenise@example.org,0.872,21,18,3,3797.98,68363.57
85,Christina Hill,john17@example.com,0.861,41,35,6,2191.13,76689.68
86,Brittany Moss,bellchristina@example.com,0.735,31,22,9,3799.57,83590.58
87,Matthew Hebert,melissa36@example.com,0.631,19,11,8,1387.27,15259.98
88,Lawrence King,mserrano@example.com,0.646,1,0,1,3424.16,0.0
89,Jon Bowers,mrichmond@example.net,0.346,34,11,23,2485.81,27343.92
90,Michelle Benson,wadams@example.com,0.539,30,16,14,4407.94,70527.0
91,Stacey Dominguez,michael38@example.org,0.675,21,14,7,3268.93,45765.08
92,Jessica Alvarez,brendasalinas@example.org,0.747,15,11,4,2299.88,25298.68
93,Crystal Montgomery,andrewfrench@example.org,0.597,30,17,13,3186.02,54162.27
94,Teresa Reynolds,etaylor@example.org,0.539,2,1,1,1778.01,1778.01
95,Robert Palmer,hmartinez@example.com,0.469,16,7,9,929.13,6503.93
96,Robert Reed,cooperkimberly@example.org,0.884,3,2,1,4396.72,8793.45
97,Leslie White,swheeler@example.org,0.773,21,16,5,1010.89,16174.21
98,Christopher Lopez,gina73@example.com,0.749,41,30,11,1908.76,57262.77
99,Ashley Martinez,tinadavis@example.com,0.814,22,17,5,592.44,10071.54
100,Ashley Ramos,csmith@example.org,0.76,15,11,4,2775.64,30531.99
101,Caleb Snyder,pkline@example.com,0.725,2,1,1,3787.86,3787.86
102,James Freeman,kimberlystone@example.net,0.741,45,33,12,4362.63,143966.85
103,Alexandra Reid,wigginscarla@example.com,0.892,28,24,4,296.34,7112.2
104,Monica Hayes,johnsonian@example.com,0.74,17,12,5,1846.05,22152.59
105,Kevin Arnold,iholden@example.net,0.53,36,19,17,2778.11,52784.12
106,Mark Miller,robert99@example.net,0.781,41,32,9,1819.74,58231.83
107,Hannah Obrien,angelalee@example.org,0.633,6,3,3,3107.72,9323.16
108,Christopher Lynch,iparker@example.net,0.74,4,2,2,4283.92,8567.85
109,Holly Williams,jennifervelez@example.org,0.617,49,30,19,2555.59,76667.82
110,William Miller,andrew48@example.com,0.726,26,18,8,1543.9,27790.19
111,Alyssa Brown,michaelthornton@example.net,0.573,33,18,15,3733.99,67211.76
112,Kent Coffey Jr.,james22@example.com,0.83,11,9,2,4673.67,42063.02
113,Shane Singleton,christopherrichardson@example.net,0.958,5,4,1,504.2,2016.8
114,Jeanne Wheeler,smithaaron@example.net,0.55,11,6,5,2471.2,14827.19
115,Katherine Foster,christinefoster@example.org,0.774,44,34,10,2160.89,73470.19
116,Felicia Wallace,cscott@example.com,0.875,29,25,4,870.91,21772.69
117,Lisa Bernard,carl67@example.org,0.579,5,2,3,1331.32,2662.64
118,Joshua Robinson DDS,michaelvincent@example.net,0.764,18,13,5,4119.68,53555.81
119,Johnny Baker,yjackson@example.org,0.69,23,15,8,2305.97,34589.62
120,Patrick White,qoliver@example.com,0.338,40,13,27,1299.32,16891.18
121,Ryan Walker,kelseykeller@example.org,0.228,42,9,33,868.51,7816.55
122,Joel Ward,jharrison@example.net,0.603,36,21,15,4988.92,104767.42
123,Mark Jones,josebrown@example.com,0.667,4,2,2,2935.47,5870.94
124,Colin Williamson,kmorrison@example.net,0.73,31,22,9,2018.34,44403.56
125,Sherri Roberts,johnkirby@example.org,0.94,29,27,2,1300.41,35110.98
126,Michael Rose,rossstacie@example.com,0.684,36,24,12,3637.66,87303.83
127,Jose Rollins,bethherrera@example.net,0.78,6,4,2,2124.09,8496.35
128,Tiffany Martinez,karencollins@example.net,0.796,18,14,4,3134.98,43889.72
129,Rhonda Jones,bryan50@example.org,0.638,8,5,3,3326.56,16632.81
130,Michael Johnson,stewartscott@example.net,0.467,14,6,8,4684.96,28109.77
131,Brian Lewis,ggray@example.com,0.607,46,27,19,1094.34,29547.19
132,Kevin Jimenez,jessicajohnson@example.org,0.536,15,8,7,2115.21,16921.7
133,Christopher Walls,aklein@example.net,0.787,41,32,9,748.48,23951.46
134,Mr. John Roberts,marquezbeth@example.com,0.843,27,22,5,3740.01,82280.13
135,Savannah Allen,johnsonjesus@example.net,0.61,24,14,10,2972.63,41616.87
136,Jennifer Anderson,vmorris@example.net,0.888,21,18,3,2672.83,48111.01
137,Megan Williams,kevin19@example.org,0.668,40,26,14,2610.54,67873.94
138,Lisa Weaver,hwilkins@example.org,0.642,19,12,7,1877.06,22524.69
139,Philip Simon,baileydaniel@example.com,0.917,19,17,2,515.4,8761.82
140,Jessica Perry,steelechristopher@example.com,0.481,30,14,16,2886.27,40407.83
141,Scott Campbell,yjohnson@example.org,0.763,32,24,8,1507.05,36169.17
142,Deanna Flynn,heidi69@example.org,0.599,32,19,13,3636.67,69096.67
143,Carlos Larson,david48@example.com,0.724,8,5,3,699.72,3498.61
144,Cassandra Chavez,jacqueline30@example.org,0.603,34,20,14,4065.51,81310.24
145,Cody Brewer,brad92@example.net,0.729,37,26,11,877.19,22807.01
146,Megan Taylor,jacobsonjohnathan@example.com,0.714,33,23,10,1197.85,27550.64
147,William Jacobs,julie12@example.org,0.271,20,5,15,1812.16,9060.78
148,Virginia Ford,ddaniel@example.org,0.517,37,19,18,2165.18,41138.34
149,Bradley Foster,ofuller@example.net,0.227,22,5,17,3942.84,19714.21
150,David Hart,stephanie14@example.com,0.878,32,28,4,2241.02,62748.7
151,Cory Valentine,nicolebennett@example.org,0.804,43,34,9,2224.18,75622.08
152,Jared Bridges,qharris@example.com,0.673,42,28,14,2967.28,83083.81
153,Nathan White,kimaustin@example.com,0.95,23,21,2,711.58,14943.14
154,Troy Lynch,ndyer@example.com,0.798,34,27,7,3082.48,83226.99
155,Maria Gibson,mreyes@example.com,0.538,28,15,13,3900.37,58505.62
156,Christopher Jackson,sheila81@example.net,0.712,36,25,11,3900.73,97518.31
157,Scott Hurley,kristengreen@example.com,0.816,34,27,7,2103.92,56805.76
158,Susan Thompson,kevin34@example.net,0.545,43,23,20,4262.76,98043.43
159,Jeremy Jenkins,samantha67@example.net,0.355,1,0,1,2578.36,0.0
160,Michelle Campos,tammy52@example.com,0.395,37,14,23,211.23,2957.21
161,Shawn Morales,michaelwhite@example.org,0.809,17,13,4,4761.14,61894.81
162,Charles Knight,ugomez@example.net,0.629,8,5,3,3266.96,16334.79
163,Anthony Hart,whiteheaddrew@example.net,0.676,18,12,6,2549.24,30590.88
164,Chelsea Trevino,smithjames@example.org,0.744,7,5,2,362.94,1814.7
165,Justin Mccormick,beth33@example.com,0.44,23,10,13,4017.64,40176.41
166,Michele Lewis,odomstacy@example.com,0.725,3,2,1,3542.19,7084.37
167,Sherri Morton,webbjennifer@example.com,0.531,49,26,23,2784.33,72392.51
168,Brandon Oconnor,ashleypaul@example.net,0.727,44,32,12,1318.21,42182.58
169,Lauren Gill,zyoung@example.org,0.842,35,29,6,536.14,15548.14
170,Cody Welch,danielle35@example.com,0.818,44,36,8,4923.6,177249.62
171,Christian Welch,patriciamorgan@example.net,0.922,30,27,3,216.06,5833.69
172,Veronica Cochran,james00@example.com,0.384,37,14,23,402.05,5628.66
173,Charles Vargas,kcole@example.net,0.698,24,16,8,797.3,12756.8
174,Justin Pena,tsantiago@example.com,0.844,39,32,7,4419.77,141432.57
175,Crystal Taylor,taramcdonald@example.org,0.494,4,1,3,1312.02,1312.02
176,Thomas Davis,martinezdavid@example.com,0.479,10,4,6,425.34,1701.35
177,Elizabeth Frye,roger01@example.com,0.795,23,18,5,4442.17,79959.1
178,Linda Rios,jyates@example.net,0.579,24,13,11,4507.69,58600.02
179,Sara Black,matthew61@example.com,0.46,4,1,3,2984.41,2984.41
180,Jaime Perez,vgoodman@example.com,0.836,9,7,2,413.01,2891.06
181,Robert Myers,amy86@example.org,0.793,11,8,3,617.54,4940.29
182,James Hall,zrose@example.net,0.906,26,23,3,2756.49,63399.32
183,William Gould,christopherbell@example.com,0.654,3,1,2,1869.48,1869.48
184,Ronald Carter,stanner@example.com,0.958,19,18,1,4367.17,78609.09
185,William Banks,hreed@example.com,0.81,45,36,9,3547.86,127723.07
186,Elizabeth Green,kylearmstrong@example.net,0.497,43,21,22,4814.31,101100.58
187,Thomas Middleton,jennamoody@example.com,0.854,18,15,3,4126.24,61893.63
188,Madison Vargas,laura22@example.com,0.816,46,37,9,1766.88,65374.6
189,Megan Macias,justin55@example.com,0.779,45,35,10,3943.26,138014.03
190,Chad Shepard,brucecarla@example.net,0.6,28,16,12,3236.59,51785.36
191,Monica Lowe MD,hvaughan@example.org,0.886,17,15,2,3900.72,58510.87
192,Troy Weaver,davisbenjamin@example.com,0.847,18,15,3,4383.38,65750.65
193,Ms. Jennifer Bell,hinesheidi@example.net,0.677,11,7,4,4143.26,29002.84
194,Kelly Welch DDS,harrisbryan@example.com,0.778,34,26,8,1513.41,39348.61
195,Paul Carr,philip73@example.org,0.94,29,27,2,3529.67,95301.22
196,Nathan Ross,davidromero@example.com,0.402,27,10,17,4366.66,43666.61
197,Troy Stewart,amberali@example.org,0.937,38,35,3,1303.78,45632.37
198,Kathy Edwards,tkennedy@example.org,0.668,15,10,5,2463.36,24633.56
199,Michael Myers,lhood@example.com,0.78,8,6,2,3900.42,23402.55
200,Andrew Robinson,gshaw@example.com,0.584,24,14,10,4620.07,64680.98
201,Jacob Scott,michellebowman@example.com,0.84,17,14,3,3115.07,43610.99
202,Alicia Cross,contrerasshannon@example.com,0.956,22,21,1,2993.46,62862.72
203,Brian Ingram,henrybrandon@example.org,0.847,8,6,2,2430.07,14580.44
204,Matthew Hart,marymartinez@example.org,0.771,11,8,3,3535.91,28287.3
205,Nicholas Watts,john45@example.net,0.865,46,39,7,883.98,34475.17
206,Deanna Wright,susan96@example.net,0.506,32,16,16,4717.94,75487.04
207,Angela Wood,henry88@example.com,0.67,13,8,5,577.18,4617.41
208,Tiffany Jones,crios@example.com,0.716,15,10,5,1160.72,11607.21
209,James Leon DVM,virginia26@example.com,0.571,6,3,3,3054.93,9164.78
210,David Lopez,promero@example.net,0.895,8,7,1,3627.62,25393.32
211,Ryan Solis,wdawson@example.org,0.665,20,13,7,2854.41,37107.29
212,Nicholas Anderson,belltyler@example.net,0.701,42,29,13,2305.31,66854.12
213,Stephanie Thompson,leegary@example.net,0.633,19,12,7,4884.15,58609.84
214,Emily Smith,ann55@example.com,0.752,44,33,11,2865.75,94569.59
215,Tanner Lucas,juanjenkins@example.net,0.673,35,23,12,1258.69,28949.95
216,James Solomon,scott26@example.com,0.675,21,14,7,3690.41,51665.76
217,John Li,jonathan41@example.org,0.943,20,18,2,2623.26,47218.6
218,Jaime Jenkins,careykim@example.net,0.277,34,9,25,2536.01,22824.1
219,April Shaw,nancy94@example.org,0.794,12,9,3,2042.47,18382.2
220,Elizabeth Wilson,ili@example.net,0.86,36,30,6,4563.36,136900.68
221,Amy Gallegos,rbecker@example.com,0.743,47,34,13,3046.01,103564.28
222,Michael Wilson,jholder@example.org,0.814,25,20,5,4853.18,97063.58
223,Emily Allen,acastro@example.com,0.915,36,32,4,4855.14,155364.51
224,Dawn Villanueva,qmiller@example.org,0.812,30,24,6,899.63,21591.16
225,Jeffrey Ho,mary76@example.net,0.486,20,9,11,2020.92,18188.29
226,Jenna Sharp,taylor19@example.org,0.672,44,29,15,2342.57,67934.52
227,George Weber,rosaleszachary@example.com,0.23,14,3,11,474.02,1422.05
228,Joseph Kim MD,nicholashoffman@example.net,0.886,5,4,1,695.88,2783.53
229,Christopher Robinson,guerreromegan@example.com,0.783,43,33,10,283.42,9352.96
230,Bobby Scott,cmoyer@example.com,0.838,43,36,7,2546.46,91672.69
231,Jessica Miles,benjaminmichael@example.org,0.612,8,4,4,4855.58,19422.31
232,Joshua Vargas,hintonmolly@example.com,0.737,22,16,6,1425.47,22807.54
233,Mary Gilbert,ytaylor@example.com,0.864,18,15,3,3165.67,47485.0
234,Ryan Edwards,ashley95@example.com,0.816,46,37,9,4609.65,170557.18
235,Blake Morris,elizabethjohnson@example.com,0.616,2,1,1,4997.19,4997.19
236,Timothy Sutton,daniel37@example.org,0.861,9,7,2,634.31,4440.18
237,Gloria Wheeler,cassandra07@example.org,0.722,4,2,2,3404.45,6808.9
238,Sylvia Stevens,robertjohnson@example.org,0.532,11,5,6,2003.23,10016.13
239,Amanda Carson,cruzricky@example.net,0.93,7,6,1,2904.51,17427.04
240,Garrett Todd,farmstrong@example.net,0.542,35,18,17,1290.89,23236.1
241,Jessica Murphy,owilliams@example.net,0.609,46,28,18,2602.14,72859.85
242,Melissa Allen,lopezjonathan@example.com,0.957,43,41,2,3871.44,158729.03
243,Danielle Castro,wolfstephen@example.org,0.788,15,11,4,1146.34,12609.74
244,Mark Williams,ichandler@example.net,0.831,46,38,8,1674.99,63649.69
245,John Rogers,kimberlyboyd@example.com,0.946,18,17,1,2119.54,36032.26
246,Tina Pena,robert58@example.org,0.757,44,33,11,1070.9,35339.83
247,Nicholas Ruiz,orowland@example.com,0.89,42,37,5,4605.21,170392.84
248,Stephen Lopez,carrillojeffrey@example.com,0.695,13,9,4,3087.74,27789.63
249,Mark Ayala,wbradley@example.com,0.49,10,4,6,1038.91,4155.65
250,Jennifer Armstrong,bellstephanie@example.com,0.746,27,20,7,3946.52,78930.45
251,Joseph Neal,jacobsonemma@example.net,0.8,18,14,4,3879.95,54319.29
252,Debra Robinson,dominiquemiller@example.com,0.931,44,40,4,4341.43,173657.04
253,Melissa Davis,thomasbaird@example.org,0.522,10,5,5,1433.04,7165.21
254,Dr. Jason Johnson DDS,omiller@example.org,0.773,42,32,10,2255.36,72171.46
255,Michael Thompson,kathleen86@example.net,0.45,46,20,26,1471.5,29429.96
256,Gregory Parks,williamsonkenneth@example.org,0.966,6,5,1,1903.98,9519.91
257,Victoria French,karen25@example.com,0.912,27,24,3,3272.81,78547.38
258,Anthony Mcmahon,martinezricky@example.org,0.49,3,1,2,1113.56,1113.56
259,James Allen,lbrown@example.net,0.935,8,7,1,2986.28,20903.96
260,Stacy Duran,mezastanley@example.net,0.748,30,22,8,2361.78,51959.17
261,Robert Phillips,woodkristin@example.net,0.459,16,7,9,2036.13,14252.88
262,Eric Sims,alexanderfrances@example.org,0.526,22,11,11,627.8,6905.77
263,Angela Moore,chunter@example.net,0.624,34,21,13,502.92,10561.39
264,Victoria Sharp,bryce86@example.net,0.773,2,1,1,4697.4,4697.4
265,Kevin Warren,strongjulie@example.net,0.416,4,1,3,4392.02,4392.02
266,Kayla Banks,gonzalezsarah@example.org,0.842,42,35,7,2605.53,91193.7
267,Justin Davis,nicole31@example.org,0.984,42,41,1,4366.67,179033.56
268,Shelley Juarez,lnguyen@example.org,0.701,21,14,7,309.89,4338.47
269,Rachel Williams,angelagutierrez@example.org,0.782,10,7,3,4147.91,29035.35
270,Deanna Thompson,matthew37@example.com,0.609,3,1,2,4773.43,4773.43
271,Wayne Williams,willievang@example.com,0.639,4,2,2,848.8,1697.6
272,Ashley Washington,annastanley@example.org,0.662,13,8,5,4694.96,37559.65
273,William Blackburn,daryl04@example.com,0.598,43,25,18,3174.02,79350.55
274,Adam Davis,karen81@example.org,0.559,10,5,5,1216.43,6082.13
275,John Owens,melissamartinez@example.org,0.856,23,19,4,1348.06,25613.23
276,Dana Hall,millerbridget@example.com,0.726,4,2,2,3239.31,6478.62
277,Sarah Hartman,duranglenn@example.org,0.787,36,28,8,2729.8,76434.37
278,Desiree Michael,shawn83@example.com,0.661,35,23,12,1965.24,45200.63
279,Sabrina Whitaker,phillipsveronica@example.com,0.858,2,1,1,842.26,842.26
280,Barbara Navarro,darrylsmith@example.net,0.872,39,34,5,3170.95,107812.35
281,Frank Kennedy,manntaylor@example.org,0.863,37,31,6,4805.97,148985.0
282,Kristina Gilbert,vargascarol@example.com,0.635,26,16,10,810.56,12968.94
283,Matthew Perez,lisa18@example.com,0.609,29,17,12,2093.49,35589.26
284,Willie Villa,charles89@example.org,0.859,17,14,3,3361.72,47064.11
285,Sandra Smith,autumn03@example.net,0.777,40,31,9,2415.09,74867.85
286,John Mejia,thompsonmelissa@example.org,0.69,15,10,5,4469.08,44690.76
287,Robert Bernard,christian26@example.net,0.827,23,19,4,3465.09,65836.77
288,Brandon Adams,lmiddleton@example.com,0.672,5,3,2,2641.18,7923.54
289,Tina Cole,michelleferrell@example.org,0.836,32,26,6,529.82,13775.36
290,Leslie Russell,ashley66@example.com,0.511,8,4,4,3892.27,15569.08
291,Jessica Taylor,bgilbert@example.org,0.856,4,3,1,3918.24,11754.73
292,Laura Greene,dreyes@example.org,0.782,21,16,5,801.12,12817.94
293,Martha Perry,stevendelgado@example.com,0.746,16,11,5,4096.49,45061.44
294,Christopher Weaver,kochtroy@example.org,0.693,9,6,3,1986.4,11918.41
295,Joseph House,antonio17@example.com,0.835,21,17,4,3444.71,58560.15
296,Jose Smith,ariel60@example.net,0.707,30,21,9,4334.58,91026.1
297,Sandra Flynn,danielwheeler@example.org,0.891,40,35,5,2877.5,100712.62
298,Ms. Angela Nguyen MD,cohenjames@example.org,0.901,13,11,2,991.11,10902.22
299,Joseph Lambert,cruzalexis@example.org,0.853,23,19,4,4235.37,80472.12
300,Jack Taylor,allencooper@example.com,0.519,19,9,10,927.53,8347.8
301,Brianna Archer,beckersheri@example.org,0.865,8,6,2,2415.48,14492.86
302,Christopher Trevino,daniel99@example.com,0.842,10,8,2,3763.27,30106.17
303,Cynthia Yang,heather11@example.net,0.604,9,5,4,2860.29,14301.44
304,James Watts,ctorres@example.com,0.782,19,14,5,4982.4,69753.67
305,Michael Cox,jennifer27@example.org,0.914,40,36,4,1056.19,38022.78
306,Scott Moss,bellmario@example.com,0.877,17,14,3,3023.37,42327.19
307,George Bradley,dawsonlauren@example.org,0.787,4,3,1,453.46,1360.38
308,Mary Rowland,kellynewman@example.org,0.518,19,9,10,2591.63,23324.65
309,Andrea Harrington,rebeccasimpson@example.com,0.86,38,32,6,1207.24,38631.73
310,Natalie Osborne,taylorlevine@example.net,0.971,49,47,2,2283.29,107314.77
311,Henry Vargas,taylorjessica@example.com,0.7,11,7,4,3721.36,26049.49
312,Kathy Kelly,amyfreeman@example.org,0.497,47,23,24,768.01,17664.32
313,Stephanie Randall,levybarbara@example.com,0.687,16,10,6,1174.09,11740.95
314,Teresa Medina,elliottchristine@example.com,0.728,6,4,2,2686.78,10747.11
315,Sarah Rivera,lcoleman@example.net,0.733,37,27,10,2508.35,67725.42
316,Adam Cox,rachel95@example.net,0.694,39,27,12,4538.78,122547.17
317,Cheryl Adams,alexa68@example.com,0.802,25,20,5,4791.75,95835.0
318,Autumn Pearson,archerphyllis@example.org,0.647,35,22,13,1522.94,33504.66
319,Mrs. Stephanie Carr MD,navarrobrian@example.com,0.728,25,18,7,3928.21,70707.79
320,Cheryl Velazquez,belinda55@example.net,0.829,43,35,8,868.38,30393.22
321,Rose Mcdonald,melissabennett@example.com,0.945,18,17,1,3715.75,63167.82
322,Alexandria Rush,tbrown@example.net,0.432,14,6,8,3707.94,22247.64
323,Nicholas Brown,russellkenneth@example.net,0.572,24,13,11,1823.66,23707.62
324,Christopher Burton,ibuck@example.com,0.71,22,15,7,2893.87,43408.04
325,Debra Randolph,ryanashley@example.org,0.874,17,14,3,3141.92,43986.89
326,Antonio Ellis,morrowanthony@example.org,0.784,22,17,5,4279.88,72757.99
327,Norma Collins,charlesbutler@example.org,0.987,22,21,1,1594.82,33491.23
328,Jason Haynes,gregoryhayden@example.com,0.683,49,33,16,1166.55,38496.02
329,Brian Austin,zjohnson@example.com,0.736,22,16,6,286.14,4578.23
330,Joseph Cochran,fwarren@example.com,0.806,41,33,8,2888.87,95332.87
331,Shelly Walton,tylernathaniel@example.net,0.519,3,1,2,4564.26,4564.26
332,Matthew Thomas,wstevenson@example.net,0.938,25,23,2,2107.43,48470.91
333,Richard Cruz,emartin@example.com,0.911,8,7,1,1578.26,11047.84
334,Victoria Huber,amyvillegas@example.net,0.431,47,20,27,1140.04,22800.72
335,Andre Marshall,john26@example.org,0.682,16,10,6,4314.46,43144.6
336,Mark Cruz,joshua46@example.com,0.634,1,0,1,360.24,0.0
337,Matthew Garcia,alexisramirez@example.net,0.908,30,27,3,3153.43,85142.62
338,Amanda Holloway MD,katherine92@example.com,0.527,21,11,10,3680.89,40489.8
339,Dean Phillips,loribrown@example.org,0.867,20,17,3,4473.24,76045.06
340,Michelle Hardy,hwhite@example.net,0.803,38,30,8,2795.81,83874.3
341,Michael Lopez,julie04@example.com,0.438,44,19,25,1707.49,32442.34
342,Jessica Evans,steven58@example.com,0.861,48,41,7,3617.67,148324.36
343,Ruth Allen,mark31@example.com,0.749,11,8,3,3325.51,26604.07
344,Juan Duarte,millsdonald@example.com,0.353,15,5,10,1419.08,7095.4
345,David Gonzales,carlyglover@example.org,0.811,6,4,2,4307.54,17230.16
346,Gregory Morales,john33@example.org,0.843,4,3,1,4358.66,13075.97
347,Kimberly Hanson,millerbruce@example.com,0.866,46,39,7,3844.39,149931.36
348,Michael Gross,cynthia65@example.org,0.671,15,10,5,1449.38,14493.77
349,Ricky Clark,garciaanthony@example.com,0.665,46,30,16,2409.72,72291.59
350,Laura Phillips,patriciaball@example.org,0.585,14,8,6,2499.54,19996.29
351,Rodney Duarte,jonathan55@example.com,0.777,22,17,5,4320.04,73440.68
352,Andrea Cook,jenkinsdaniel@example.org,0.812,20,16,4,4912.63,78602.14
353,Judith White,linda61@example.org,0.546,19,10,9,4389.22,43892.18
354,John Taylor,lherring@example.org,0.849,30,25,5,421.39,10534.83
355,Leslie Hubbard DVM,bonnie85@example.net,0.434,41,17,24,1639.61,27873.4
356,Alexander Jenkins,gjensen@example.net,0.585,16,9,7,1349.65,12146.84
357,Robert Young,gritter@example.com,0.568,3,1,2,2544.2,2544.2
358,Paul Robertson,kmitchell@example.org,0.504,34,17,17,4419.1,75124.68
359,Janice Fleming,zbrooks@example.org,0.435,12,5,7,2429.28,12146.4
360,Anthony Newton,troy97@example.net,0.835,21,17,4,3230.28,54914.7
361,Olivia Johnson,galexander@example.net,0.765,28,21,7,1324.09,27805.79
362,Ronald Barry,olivia89@example.org,0.803,8,6,2,3243.7,19462.2
363,Vanessa Edwards,meghanbrewer@example.net,0.755,26,19,7,4555.42,86553.07
364,Christine Brady,gfernandez@example.com,0.926,35,32,3,1141.27,36520.61
365,Kathy Curtis,wkelly@example.com,0.425,38,16,22,4299.85,68797.64
366,Alyssa Pierce,ggutierrez@example.org,0.562,42,23,19,1608.75,37001.17
367,Andrew Young,gibsonchristina@example.org,0.617,24,14,10,2751.68,38523.48
368,Ruben Kelley,tanya84@example.net,0.607,46,27,19,4965.52,134069.06
369,John Baker,kayla42@example.com,0.801,12,9,3,4434.84,39913.57
370,Theodore Young,mccarthylarry@example.org,0.46,26,11,15,4784.29,52627.2
371,Michael Potter,nreid@example.com,0.665,47,31,16,4383.67,135893.74
372,James Best,randy12@example.com,0.924,37,34,3,780.92,26551.28
373,Tiffany Rivera,zmiller@example.org,0.888,15,13,2,3799.28,49390.69
374,Morgan Wagner,gonzalezlogan@example.org,0.938,13,12,1,248.63,2983.56
375,James Hernandez,dalesmith@example.org,0.762,20,15,5,3261.81,48927.15
376,James Watkins,andre84@example.org,0.673,43,28,15,2532.8,70918.47
377,Tammy Kirk,frankhubbard@example.net,0.972,38,36,2,4258.9,153320.43
378,April Robinson,jenkinsbrian@example.net,0.546,38,20,18,3987.13,79742.58
379,Mariah Hill,joshua90@example.org,0.569,15,8,7,3844.88,30759.08
380,Dawn Rodriguez,dcooper@example.net,0.813,24,19,5,1997.85,37959.22
381,Manuel Oneill,ryanbell@example.com,0.881,1,0,1,4743.89,0.0
382,Robert Thomas,ycosta@example.net,0.977,47,45,2,544.22,24489.77
383,Michelle Peterson,steven04@example.net,0.605,34,20,14,4240.27,84805.44
384,Heather Dixon,nealdeborah@example.com,0.778,5,3,2,1296.74,3890.21
385,Joshua Mccall,tleonard@example.com,0.892,46,41,5,348.59,14292.1
386,Melissa Hunter,bateschristina@example.org,0.783,37,28,9,4210.31,117888.54
387,Elizabeth Scott,mcintyrealexis@example.com,0.889,18,16,2,4168.2,66691.13
388,Matthew Goodman,alexanderrandy@example.net,0.841,37,31,6,2493.82,77308.31
389,Jennifer Hopkins,wdodson@example.net,0.57,3,1,2,1651.2,1651.2
390,Victoria Giles,sara12@example.org,0.762,44,33,11,1328.18,43829.89
391,Elaine Martinez,harrisalice@example.net,0.565,35,19,16,922.5,17527.56
392,Christina Wall,brownjillian@example.com,0.591,18,10,8,3192.35,31923.49
393,Leslie Schwartz,sstewart@example.org,0.742,28,20,8,4292.28,85845.55
394,Christina Dyer,xstewart@example.net,0.743,34,25,9,3666.29,91657.19
395,Justin Hunter,samanthaallen@example.org,0.805,28,22,6,477.16,10497.46
396,Ashley Jackson,sramos@example.net,0.699,32,22,10,2561.27,56347.92
397,Kevin Richardson,caitlinfinley@example.com,0.375,23,8,15,2055.39,16443.16
398,Maurice Mcguire,kelleytammie@example.net,0.647,18,11,7,2328.59,25614.47
399,Jason Cruz,erice@example.org,0.639,9,5,4,485.46,2427.32
400,Vincent Curtis,daniel00@example.com,0.769,5,3,2,2650.08,7950.23
401,Robert Russell,jamesbrown@example.org,0.763,29,22,7,346.64,7626.02
402,Jason Harris,pmedina@example.org,0.581,12,6,6,4061.3,24367.79
403,Kiara Harrison,robertedwards@example.org,0.763,19,14,5,1163.12,16283.75
404,Elizabeth Combs,jessica19@example.net,0.95,8,7,1,3890.83,27235.81
405,Katelyn White,smithdavid@example.com,0.737,40,29,11,2115.68,61354.75
406,Stephen Fleming,jenniferlynch@example.net,0.469,11,5,6,1874.34,9371.69
407,Angela Lee,enguyen@example.net,0.766,19,14,5,2708.37,37917.15
408,James White,paulataylor@example.net,0.728,16,11,5,2495.65,27452.12
409,Sonia Huff,cory09@example.net,0.868,34,29,5,1548.82,44915.83
410,Christine Burke,maria43@example.org,0.824,1,0,1,2835.11,0.0
411,Jessica Torres,bmiller@example.com,0.897,23,20,3,4361.28,87225.61
412,Sarah Campos,llewis@example.com,0.849,14,11,3,2423.23,26655.52
413,Justin Guzman,tracy52@example.com,0.83,4,3,1,885.8,2657.41
414,Brianna Smith,amycarter@example.com,0.512,18,9,9,4154.13,37387.21
415,Andrew Wallace,cjordan@example.com,0.474,49,23,26,2653.42,61028.66
416,Lawrence Jones,whall@example.net,0.68,5,3,2,4714.15,14142.46
417,Danny Anderson,griffithjill@example.com,0.698,4,2,2,3986.88,7973.75
418,Nancy Soto,joshua08@example.org,0.574,12,6,6,3440.67,20644.03
419,Jackie Gonzalez,ruizalyssa@example.net,0.78,47,36,11,1001.37,36049.49
420,Ryan Lopez,simmonsmargaret@example.net,0.649,17,11,6,3445.32,37898.51
421,Seth Long,larasteve@example.com,0.702,48,33,15,1202.64,39687.02
422,Michael Flores,farleyjessica@example.org,0.841,18,15,3,2849.93,42748.99
423,Cassandra Sims,michelle97@example.com,0.902,22,19,3,1235.56,23475.55
424,Michael Austin,wilsoncody@example.com,0.601,7,4,3,803.48,3213.91
425,Crystal Carroll,ycooper@example.com,0.797,21,16,5,1579.57,25273.06
426,Melvin Guerra,gabriel25@example.org,0.71,44,31,13,679.36,21060.18
427,Rachel Mccann,pwilcox@example.org,0.481,17,8,9,796.97,6375.75
428,Lauren Wells,eric90@example.com,0.987,24,23,1,3679.31,84624.16
429,Edwin Harrison,jasoncraig@example.org,0.889,17,15,2,2702.22,40533.32
430,Shane Lewis,tammy59@example.org,0.684,25,17,8,3911.08,66488.38
431,Mr. John Brock,wmills@example.net,0.406,43,17,26,3382.44,57501.4
432,Ricardo Kelly,calvarado@example.com,0.798,8,6,2,3959.35,23756.11
433,Mike Boyd,barbaraphillips@example.org,0.487,3,1,2,3608.65,3608.65
434,Teresa Ward,smithchristian@example.org,0.655,44,28,16,477.65,13374.29
435,Elizabeth Rush,doughertyanthony@example.net,0.774,26,20,6,1140.0,22799.98
436,Andrew Cunningham,courtney45@example.net,0.888,11,9,2,4911.94,44207.42
437,Lori Rodriguez,jennifermorris@example.com,0.798,1,0,1,1856.92,0.0
438,Michele Long,ann92@example.com,0.641,41,26,15,3512.0,91311.97
439,Frances Gillespie DDS,sanchezjessica@example.net,0.747,33,24,9,4798.08,115154.01
440,Deborah Flores,lopezjessica@example.net,0.509,5,2,3,3180.36,6360.72
441,Emily Arnold,josephdaniels@example.org,0.552,6,3,3,2338.6,7015.8
442,Justin Blackwell,denisepeck@example.net,0.722,16,11,5,3255.39,35809.24
443,Cody Black,reginaroberts@example.org,0.765,23,17,6,550.79,9363.46
444,Shannon Woods,dunnmelinda@example.com,0.483,13,6,7,4300.27,25801.59
445,Brad Alexander,fgarcia@example.com,0.88,17,14,3,980.96,13733.42
446,Jodi Barrett,ycoleman@example.net,0.661,10,6,4,3965.22,23791.32
447,Mrs. Brandy Santana,kelli44@example.net,0.684,42,28,14,1744.02,48832.45
448,Nicole Bell,leelaura@example.org,0.821,29,23,6,2508.27,57690.27
449,Tracy Smith,michaelsmith@example.net,0.809,27,21,6,4783.27,100448.58
450,Victoria Thompson,troy96@example.com,0.369,30,11,19,4608.45,50692.92
451,Kathryn Torres,duartesarah@example.net,0.657,29,19,10,2907.56,55243.55
452,Joshua Cabrera,hendrickskrista@example.net,0.941,45,42,3,4876.99,204833.44
453,Jennifer Young,melissa25@example.net,0.526,45,23,22,1279.47,29427.88
454,Catherine Ballard,clarkdonna@example.org,0.897,12,10,2,3842.13,38421.26
455,Brian Clark,porterjerome@example.com,0.863,40,34,6,2124.52,72233.7
456,Jennifer Williams,xjohnson@example.net,0.717,45,32,13,3037.43,97197.61
457,Carla Barton,robyn07@example.com,0.844,27,22,5,531.24,11687.2
458,Kelsey Warren,jstrong@example.org,0.629,40,25,15,428.68,10716.95
459,Lisa Cabrera,crystalwallace@example.net,0.709,34,24,10,4404.24,105701.73
460,Matthew Jones,toni09@example.net,0.457,41,18,23,200.06,3601.01
461,Steven Johnson,denisepatterson@example.com,0.877,3,2,1,4437.13,8874.25
462,David Peterson,zhawkins@example.net,0.734,36,26,10,3761.1,97788.66
463,Anthony Alvarez,mary93@example.net,0.91,25,22,3,1413.51,31097.12
464,Glenn Brown,bentleyalice@example.net,0.729,36,26,10,4927.32,128110.33
465,Douglas Gonzales,kristina44@example.org,0.416,31,12,19,3818.38,45820.59
466,Cassandra Fisher,kingjeffrey@example.org,0.501,32,16,16,403.63,6458.03
467,Roberta Snyder,marvinbrooks@example.com,0.842,21,17,4,2888.44,49103.48
468,Heather Palmer,hoffmanryan@example.net,0.893,24,21,3,963.32,20229.72
469,Jodi Oliver,samantha13@example.org,0.834,41,34,7,1137.15,38663.27
470,Lisa Hall,tjohnson@example.org,0.753,47,35,12,2289.56,80134.47
471,Mr. Luke Rasmussen,olsonjeffrey@example.com,0.82,32,26,6,3725.33,96858.6
472,Sandra Castillo,valerie69@example.org,0.498,29,14,15,4122.22,57711.01
473,Sean Maldonado,kennethholland@example.net,0.519,13,6,7,4815.26,28891.58
474,Lauren Vance,nancyhunter@example.org,0.712,44,31,13,1592.22,49358.78
475,James Gutierrez,michelle61@example.com,0.601,3,1,2,4283.27,4283.27
476,Makayla Ballard,dale97@example.net,0.93,33,30,3,2834.52,85035.65
477,Donald Hawkins,andrew97@example.net,0.905,33,29,4,2266.59,65731.2
478,Randall Smith,moorekimberly@example.net,0.847,48,40,8,1800.62,72024.82
479,Lauren Nichols,donna55@example.net,0.763,7,5,2,3234.95,16174.77
480,Alan Fleming,brittanyjohnson@example.com,0.504,29,14,15,1761.22,24657.06
481,Christina Benjamin,ojackson@example.net,0.621,5,3,2,4899.0,14696.99
482,Scott Ochoa,gsims@example.net,0.681,49,33,16,2108.54,69581.8
483,Cynthia Mccormick,kerrymathews@example.org,0.606,24,14,10,3352.43,46934.01
484,James Brown,ismith@example.org,0.709,38,26,12,528.0,13728.1
485,Dawn White,janetvelez@example.org,0.808,2,1,1,1483.53,1483.53
486,Mariah Berry,jessica35@example.org,0.728,41,29,12,2723.63,78985.27
487,Breanna Sanchez,veronica89@example.com,0.828,22,18,4,4707.47,84734.53
488,Bradley Bell,robert40@example.com,0.523,45,23,22,2159.13,49659.95
489,Deborah Simpson,campbellalexander@example.org,0.956,1,0,1,1258.32,0.0
490,Lisa Spencer,ustone@example.net,0.579,38,22,16,689.09,15159.91
491,Patricia Jones,rstout@example.net,0.89,25,22,3,2283.3,50232.61
492,Kevin Davis,kelleyjeffrey@example.org,0.471,28,13,15,3143.8,40869.4
493,Shari Manning,hollowayjoshua@example.net,0.556,49,27,22,4128.17,111460.7
494,Dana Rodriguez,jeffrey15@example.org,0.804,33,26,7,3429.78,89174.38
495,Holly Mendez,christinamorris@example.net,0.411,13,5,8,3976.49,19882.47
496,Earl Hancock,james39@example.com,0.763,46,35,11,1981.34,69346.97
497,Jennifer Gonzalez,ewashington@example.com,0.636,28,17,11,4593.23,78084.99
498,Tyler Reed,ramseyalan@example.com,0.481,38,18,20,2252.49,40544.76
499,Sarah Melendez,turnermatthew@example.net,0.924,34,31,3,2600.38,80611.92
500,Cassidy Cooper,tjackson@example.org,0.585,7,4,3,469.65,1878.58
501,Emily Evans,diazdouglas@example.org,0.8,14,11,3,255.16,2806.8
502,Heather Morales,zoecraig@example.org,0.814,49,39,10,1091.1,42553.06
503,Sherry Thomas,eugeneglenn@example.org,0.754,35,26,9,4068.05,105769.4
504,Nicholas Cox,brownkelly@example.com,0.981,24,23,1,3988.61,91737.93
505,Amy Hall,wortega@example.org,0.814,42,34,8,1992.9,67758.49
506,John Key,hamiltonelizabeth@example.net,0.776,6,4,2,2856.18,11424.73
507,Andrew Brock,ychapman@example.org,0.572,17,9,8,1854.95,16694.56
508,Sue Lawrence,stevenhenderson@example.com,0.651,47,30,17,3433.5,103004.94
509,Michael Clark,joseph49@example.net,0.89,17,15,2,3755.01,56325.08
510,Caitlin Morris,delgadolori@example.org,0.577,33,19,14,1857.1,35284.97
511,April Cabrera,chapmanmichael@example.org,0.897,47,42,5,705.66,29637.65
512,Vanessa Gomez DVM,johnsonkenneth@example.net,0.93,47,43,4,2076.96,89309.18
513,Andrea Williamson,hchambers@example.org,0.78,9,7,2,2195.72,15370.04
514,Andrea Becker,ramirezjerry@example.org,0.987,1,0,1,1177.6,0.0
515,Mrs. Andrea Pena,gscott@example.org,0.967,47,45,2,753.89,33925.24
516,Crystal Garcia,clarkejennifer@example.net,0.593,26,15,11,2658.97,39884.5
517,Carolyn Carson,wrightchelsea@example.net,0.819,39,31,8,2212.5,68587.62
518,David Norton,jennifer53@example.com,0.841,32,26,6,3630.28,94387.23
519,Tracy Craig,xadkins@example.com,0.684,29,19,10,4142.66,78710.62
520,Theodore Rogers,donald93@example.com,0.545,14,7,7,2650.7,18554.88
521,Steven Cervantes,roymelanie@example.org,0.51,46,23,23,2061.57,47416.0
522,Carrie Beltran,mking@example.com,0.561,28,15,13,2818.81,42282.13
523,Patricia Cooper,petersonkimberly@example.com,0.679,20,13,7,4986.48,64824.18
524,Kimberly Tapia,vrivera@example.net,0.391,40,15,25,529.83,7947.38
525,Cassandra Odonnell,kaitlynhernandez@example.org,0.963,43,41,2,4660.58,191083.96
526,Kendra Watts,cindygordon@example.org,0.862,31,26,5,4061.57,105600.93
527,Bryan Humphrey,nwarren@example.org,0.54,37,19,18,2701.15,51321.87
528,Mark Snyder MD,yroberts@example.net,0.933,19,17,2,3178.27,54030.66
529,Miss Alicia Newman DVM,tgregory@example.com,0.572,29,16,13,961.66,15386.54
530,David Hudson,jennybrandt@example.org,0.939,42,39,3,2978.27,116152.62
531,Sara Moss,rodriguezjoe@example.org,0.554,16,8,8,1170.82,9366.56
532,Charles Garcia,schmidtwilliam@example.com,0.761,12,9,3,3676.85,33091.68
533,Gary Hill,hawkinskimberly@example.org,0.539,26,14,12,2363.73,33092.17
534,Jacqueline Price,bobbybrown@example.com,0.645,3,1,2,4707.53,4707.53
535,Amanda Rose,rick98@example.org,0.385,46,17,29,1249.83,21247.19
536,Pamela Anderson,wilsonkatherine@example.com,0.445,4,1,3,2415.31,2415.31
537,John Cole,michelle24@example.org,0.686,37,25,12,1445.97,36149.17
538,Emily Williams,veronica09@example.com,0.939,6,5,1,2259.13,11295.64
539,Jacob Riggs,andrewcannon@example.com,0.92,13,11,2,4162.0,45781.95
540,Melissa Franklin,stephensonbrian@example.net,0.585,48,28,20,4167.93,116702.04
541,Micheal Mccoy,rbell@example.org,0.641,31,19,12,393.68,7480.0
542,Nicholas Harris,mcarter@example.org,0.671,11,7,4,265.75,1860.27
543,James Gordon,alarsen@example.com,0.795,24,19,5,3193.97,60685.37
544,Jessica Grant,williamroberson@example.net,0.613,21,12,9,2131.21,25574.49
545,Mrs. Holly Christian,josephpowell@example.net,0.698,2,1,1,3595.51,3595.51
546,Dana Tucker,anthony36@example.org,0.688,46,31,15,1983.13,61477.11
547,Dawn Stevens,calexander@example.com,0.682,4,2,2,4333.02,8666.03
548,Marcus Ortiz,qhart@example.com,0.8,18,14,4,1939.67,27155.38
549,Mrs. Stacey Hicks DDS,walkerashley@example.org,0.658,25,16,9,3313.47,53015.47
550,Jennifer Livingston,lisafigueroa@example.net,0.744,15,11,4,1180.0,12979.99
551,Dennis Rosario,justin78@example.com,0.82,20,16,4,3489.9,55838.36
552,Daniel Edwards,slambert@example.com,0.403,2,0,2,2948.51,0.0
553,Patrick Clark,bridget64@example.org,0.726,40,29,11,3051.6,88496.32
554,Stephanie Collins,melissalynn@example.net,0.77,46,35,11,3363.42,117719.63
555,David Knight,christopher29@example.org,0.711,9,6,3,4986.74,29920.45
556,Kristen Huber,amanda90@example.com,0.609,8,4,4,4715.71,18862.85
557,Victoria Allen,cuevasphilip@example.net,0.842,12,10,2,4121.47,41214.75
558,Jesse Phillips,david58@example.net,0.763,34,25,9,2479.76,61994.12
559,Sylvia Mcclain,wheelermary@example.net,0.529,40,21,19,749.27,15734.7
560,Christopher Mendoza,brodriguez@example.net,0.469,29,13,16,1316.03,17108.37
561,Carrie Horn,ggaines@example.org,0.812,32,25,7,4881.79,122044.79
562,Steven Wu,ysalazar@example.com,0.552,24,13,11,943.64,12267.34
563,Jessica Herrera,qhenderson@example.org,0.961,32,30,2,948.71,28461.24
564,Carl Steele,lisawoods@example.org,0.827,44,36,8,1513.47,54485.06
565,Brandon Taylor,brittney45@example.org,0.821,42,34,8,1553.21,52809.19
566,Paul French,olivergina@example.net,0.744,12,8,4,3929.84,31438.69
567,Chad Stone,awilliams@example.org,0.546,17,9,8,3872.77,34854.93
568,Patricia Tucker,stokesrobert@example.org,0.489,9,4,5,2564.33,10257.33
569,Richard Elliott,samantha74@example.net,0.77,18,13,5,791.52,10289.71
570,Andrew Castro,xthomas@example.com,0.761,45,34,11,4766.94,162075.8
571,William Mckinney,jacobsjessica@example.com,0.151,31,4,27,2133.32,8533.3
572,Michelle Lambert,tanyamejia@example.com,0.836,38,31,7,4302.58,133379.87
573,Charles Campbell,samanthamoore@example.net,0.756,16,12,4,1571.4,18856.76
574,Kathryn Ross,garrettanderson@example.com,0.814,14,11,3,1413.43,15547.76
575,Eric Jackson,hunterjoseph@example.com,0.814,29,23,6,4020.45,92470.27
576,Ashley Lyons,craig16@example.org,0.914,20,18,2,1398.41,25171.4
577,Justin Peters,justin15@example.net,0.719,36,25,11,2399.95,59998.83
578,Patricia Powell,kflores@example.net,0.828,45,37,8,4734.4,175172.63
579,Robert Taylor,monicagarcia@example.org,0.512,18,9,9,2662.03,23958.24
580,Whitney Farrell,michaelkent@example.net,0.832,18,14,4,1019.4,14271.6
581,Douglas Mathis,burnsdavid@example.net,0.858,15,12,3,4570.91,54850.89
582,Tyrone Wilson,brownkenneth@example.net,0.735,33,24,9,4294.31,103063.53
583,Linda Bishop,marc78@example.com,0.846,12,10,2,3678.07,36780.72
584,Anthony Fischer,bramos@example.org,0.944,1,0,1,3131.7,0.0
585,James Cooper III,debrawilson@example.org,0.783,33,25,8,1337.28,33432.0
586,Donald Haas MD,michaelroberts@example.net,0.547,38,20,18,291.95,5838.93
587,Michelle Sanders,brandongriffin@example.org,0.52,11,5,6,1604.08,8020.39
588,Candice Padilla,nicholaskramer@example.com,0.569,38,21,17,1619.14,34001.98
589,Kelly Hayes,greendaniel@example.com,0.833,49,40,9,1551.76,62070.28
590,Cynthia Allen,jessicaperez@example.net,0.609,35,21,14,882.83,18539.33
591,Luke Higgins,colleen21@example.net,0.855,33,28,5,4690.33,131329.12
592,John Gonzalez,clinton36@example.org,0.866,9,7,2,1351.95,9463.64
593,Ashley Miller,xadams@example.org,0.466,34,15,19,1109.09,16636.33
594,Candice Huffman,byrdjulia@example.com,0.654,24,15,9,4123.56,61853.37
595,Monica Downs,brooksjason@example.org,0.363,20,7,13,3835.83,26850.81
596,David Benson,krista02@example.net,0.812,2,1,1,1086.24,1086.24
597,Sarah Gardner,stephanie10@example.net,0.932,33,30,3,761.23,22836.99
598,Brandon Adams,ltaylor@example.net,0.746,25,18,7,989.15,17804.64
599,Terry Wright,jbrown@example.net,0.88,47,41,6,272.85,11186.81
600,David Hardy,anna57@example.org,0.606,3,1,2,2172.11,2172.11
601,Matthew Saunders,loriwalker@example.org,0.778,5,3,2,673.94,2021.82
602,Jacob Lee,jasonkaiser@example.net,0.814,5,4,1,522.72,2090.9
603,Eduardo West,juliehodge@example.net,0.773,28,21,7,1270.7,26684.66
604,Benjamin King,heather26@example.org,0.707,28,19,9,4921.12,93501.33
605,Tammy Smith,emilymorgan@example.org,0.676,12,8,4,2713.22,21705.72
606,Thomas Park,oscarbrown@example.com,0.579,15,8,7,4139.34,33114.73
607,Steven Phelps,qduarte@example.org,0.519,17,8,9,2875.09,23000.73
608,Michael Hernandez,rmoore@example.org,0.801,35,28,7,1261.95,35334.48
609,Francisco Wallace,bsilva@example.com,0.872,49,42,7,1523.64,63992.69
610,Lisa Crawford,bishopjose@example.org,0.646,47,30,17,2482.86,74485.85
611,Tony Baker,kennethrodriguez@example.net,0.668,17,11,6,4654.89,51203.78
612,Latoya Turner,wjames@example.org,0.604,43,25,18,411.39,10284.85
613,Kayla Howard,lutzsydney@example.net,0.641,48,30,18,424.57,12737.16
614,Melissa Hill PhD,craigwilliams@example.net,0.422,14,5,9,1534.88,7674.39
615,April Roberts DDS,bakerrobert@example.org,0.627,16,10,6,401.19,4011.93
616,Kenneth Campbell,paula75@example.net,0.828,43,35,8,1459.25,51073.62
617,Rita Johnston,robertpatterson@example.org,0.978,16,15,1,2135.41,32031.17
618,Jeffrey Howard,bennettjames@example.org,0.369,34,12,22,4157.46,49889.56
619,Miss Casey Spencer,michelle27@example.org,0.745,46,34,12,716.55,24362.63
620,Zachary Brown,georgetodd@example.net,0.996,32,31,1,1517.05,47028.43
621,Jillian Wells,zchavez@example.org,0.687,42,28,14,230.62,6457.34
622,Nicholas Price,michael25@example.com,0.728,5,3,2,4314.52,12943.56
623,Christina Blackwell,navarroerik@example.net,0.899,11,9,2,2381.14,21430.22
624,Sean Garcia,vshea@example.com,0.976,9,8,1,1069.68,8557.44
625,Leslie Scott,jameslewis@example.com,0.717,30,21,9,3926.19,82450.08
626,Lisa Griffin,istevens@example.com,0.91,42,38,4,603.81,22944.89
627,Haley Richardson,woodjason@example.com,0.752,35,26,9,1327.97,34527.29
628,Ricky Robinson,michaeldiaz@example.com,0.859,2,1,1,4647.03,4647.03
629,Sarah Davis,juanyoder@example.net,0.961,26,24,2,4744.43,113866.3
630,Thomas Harris,pgarrison@example.com,0.93,13,12,1,2917.83,35013.98
631,Cameron Thomas,gcarpenter@example.com,0.642,8,5,3,4540.37,22701.84
632,Geoffrey Forbes,vbarnett@example.net,0.771,43,33,10,4067.11,134214.77
633,Annette Hopkins,deancrawford@example.com,0.647,16,10,6,1127.6,11275.97
634,Scott Martin,heidi52@example.net,0.897,14,12,2,3811.85,45742.18
635,Alexandra Kelly,judymeyer@example.org,0.996,36,35,1,3530.27,123559.33
636,Walter Marsh,oliviaharris@example.net,0.803,29,23,6,916.4,21077.14
637,Diane Gonzales,dfarley@example.com,0.856,5,4,1,4171.31,16685.25
638,Eric Cardenas,armstrongkeith@example.net,0.342,29,9,20,1855.12,16696.12
639,Margaret Lyons,patriciajones@example.net,0.799,38,30,8,1354.55,40636.55
640,Linda Gilmore,lori74@example.org,0.618,18,11,7,417.41,4591.56
641,Donna Wilson,wpeters@example.com,0.898,44,39,5,589.9,23006.19
642,Elizabeth Mccoy,emilyjohnson@example.com,0.608,19,11,8,4928.84,54217.22
643,Beth Johnson,qboone@example.com,0.97,24,23,1,2908.31,66891.19
644,Madison Fisher,gonzalezlisa@example.net,0.317,4,1,3,3095.32,3095.32
645,Antonio Wheeler,ebailey@example.com,0.806,32,25,7,1611.52,40288.1
646,Barbara Howard,alan10@example.com,0.692,44,30,14,492.83,14785.03
647,David Espinoza,jesseroberts@example.org,0.712,41,29,12,3330.73,96591.16
648,Jeremy Green,kyle02@example.net,0.889,43,38,5,744.52,28291.61
649,Beth Patterson,mckinneysara@example.com,0.736,9,6,3,2433.62,14601.7
650,Gregory Vincent,johnfisher@example.com,0.632,2,1,1,2246.71,2246.71
651,Kyle Guerrero,townsendsarah@example.com,0.791,14,11,3,2109.84,23208.28
652,Mr. James Hernandez PhD,kimberly18@example.com,0.842,21,17,4,533.09,9062.56
653,Michael Pitts,bclarke@example.com,0.946,12,11,1,923.3,10156.3
654,Krystal Cole,larrygreene@example.net,0.956,20,19,1,4740.44,90068.33
655,Joseph Dillon,bradleyschultz@example.org,0.72,14,10,4,2323.36,23233.59
656,Brian Scott,matthewsmith@example.net,0.499,7,3,4,806.1,2418.3
657,Beverly Robinson,klinemaria@example.com,0.772,5,3,2,696.48,2089.45
658,Justin Wilson,boltonkimberly@example.net,0.682,33,22,11,265.44,5839.75
659,Joshua Martinez,bradleybrandon@example.net,0.917,32,29,3,4285.52,124280.18
660,Kristen Santos,figueroamark@example.org,0.662,25,16,9,2043.4,32694.47
661,James Pearson,ian60@example.com,0.921,32,29,3,1049.11,30424.06
662,Ashley Maynard,vanderson@example.com,0.683,47,32,15,1727.86,55291.51
663,Jenna Wright,davidfischer@example.com,0.727,33,23,10,3235.5,74416.55
664,Christine Hampton,archerdanielle@example.org,0.592,9,5,4,4059.66,20298.3
665,Isaac Contreras,brenda96@example.com,0.701,28,19,9,2326.56,44204.67
666,Roberta Brennan,harrisstephanie@example.net,0.857,42,36,6,2713.11,97671.79
667,Douglas Douglas,wtaylor@example.com,0.898,19,17,2,4195.6,71325.24
668,Cheryl Barnes,bakerholly@example.net,0.768,42,32,10,4136.32,132362.37
669,Charles Lopez,rmorris@example.com,0.444,38,16,22,3334.16,53346.53
670,Mark Chambers,isaac49@example.net,0.729,47,34,13,1951.15,66339.03
671,Richard Santos,angela21@example.net,0.925,46,42,4,1819.05,76400.25
672,Isaiah Wolfe,millerjohn@example.org,0.463,13,6,7,3879.33,23275.99
673,Jacob Henderson,meyerbrett@example.com,0.576,49,28,21,3445.3,96468.52
674,Peter Crawford,cmoore@example.com,0.464,28,12,16,2982.71,35792.52
675,Shari Williamson,hhill@example.net,0.49,14,6,8,977.23,5863.38
676,Sabrina Morris,phillipparker@example.org,0.934,25,23,2,2191.16,50396.75
677,Steven Harrison,candacegraham@example.com,0.675,38,25,13,2385.84,59645.98
678,Jessica Paul,elizabeth31@example.com,0.915,10,9,1,2491.6,22424.38
679,Juan Silva,dlawrence@example.org,0.956,1,0,1,980.18,0.0
680,Cody Foster,wallerjoseph@example.net,0.827,4,3,1,2851.36,8554.07
681,Patrick Hunt,beasleybernard@example.com,0.661,19,12,7,1618.25,19418.95
682,Amber Brandt,lpowell@example.com,0.702,28,19,9,1622.36,30824.91
683,Derrick Salazar,walkercameron@example.org,0.87,17,14,3,2713.58,37990.18
684,Jeremy Blair,katherine47@example.com,0.559,22,12,10,2488.83,29865.92
685,Lynn Crawford,smithkaren@example.net,0.182,7,1,6,3456.76,3456.76
686,Kelly Davis,gonzaleztracy@example.net,0.569,19,10,9,2678.16,26781.6
687,Anthony Schultz MD,troyadams@example.org,0.513,37,18,19,3972.44,71503.94
688,Christopher Adams,peter72@example.com,0.657,29,19,10,1545.61,29366.53
689,Patrick Orozco,ebird@example.net,0.405,18,7,11,3077.41,21541.89
690,Nicholas Butler,ymcintyre@example.com,0.862,31,26,5,4138.34,107596.85
691,Jeffrey Davis,berrybonnie@example.org,0.932,22,20,2,1247.24,24944.74
692,Stephen Flores,brandon12@example.org,0.989,16,15,1,4358.2,65373.06
693,Scott Mcneil,kristawilson@example.net,0.604,45,27,18,4134.13,111621.4
694,Heidi Anderson,brianhill@example.com,0.832,39,32,7,1994.28,63816.93
695,Paul Hernandez,thomas51@example.net,0.898,12,10,2,2109.41,21094.09
696,Benjamin Ferguson,nanderson@example.org,0.84,4,3,1,235.2,705.61
697,Jessica Roberts,peggy67@example.com,0.803,9,7,2,2877.79,20144.56
698,Karen Patrick,suegreene@example.org,0.915,43,39,4,3028.23,118100.98
699,William Parker,mark96@example.org,0.358,36,12,24,1919.07,23028.85
700,Aaron Gross,williamsalyssa@example.org,0.754,13,9,4,637.48,5737.28
701,Dawn Nguyen,fburton@example.com,0.875,27,23,4,3876.66,89163.26
702,Ariana Zimmerman,kaguilar@example.com,0.644,34,21,13,398.85,8375.95
703,Cassandra Fitzgerald,stevemiller@example.org,0.801,45,36,9,1337.24,48140.47
704,Carolyn Eaton,pserrano@example.com,0.667,45,30,15,2480.43,74412.94
705,Juan Walters,johnsonkelly@example.com,0.714,11,7,4,4250.02,29750.17
706,Justin Mccoy,marilyn11@example.com,0.684,24,16,8,2116.8,33868.74
707,Leah Williams,markrhodes@example.com,0.825,28,23,5,3711.5,85364.46
708,Rachel Thomas,emilyperez@example.org,0.895,37,33,4,3521.84,116220.81
709,Sharon Kirby,thomasmccall@example.org,0.548,23,12,11,2929.05,35148.61
710,Eric Collins,stephenrussell@example.com,0.336,22,7,15,4422.09,30954.61
711,Taylor Dawson,jenniferleonard@example.org,0.862,23,19,4,3027.3,57518.63
712,Susan David,byrdconnie@example.org,0.638,39,24,15,2856.66,68559.95
713,Kimberly Yoder,davisronald@example.net,0.512,42,21,21,2470.53,51881.17
714,Jesse Rodriguez,gonzalezkrista@example.net,0.757,31,23,8,1139.63,26211.42
715,Allison Becker,kleinedward@example.com,0.609,28,17,11,3076.64,52302.82
716,Cheyenne Douglas,abigailrubio@example.org,0.483,38,18,20,638.28,11489.08
717,Mark Freeman,jeffreyrichardson@example.net,0.721,33,23,10,638.83,14692.99
718,Cody Schwartz,vangcharles@example.com,0.523,1,0,1,1142.21,0.0
719,Gary Johnson,justinsmith@example.net,0.785,19,14,5,3135.9,43902.64
720,Jack Hill,acostachristine@example.org,0.78,16,12,4,1153.49,13841.93
721,Isaac Ballard,reyesmeagan@example.org,0.831,6,4,2,3154.02,12616.08
722,Jillian Molina,moodytony@example.com,0.907,9,8,1,3103.23,24825.83
723,Richard Young,garyzamora@example.org,0.847,17,14,3,296.66,4153.26
724,Amber Allen,holtmichael@example.org,0.967,13,12,1,290.94,3491.26
725,Richard Potter,christopher85@example.org,0.534,46,24,22,474.16,11379.9
726,Cassidy Irwin,mcdonalddanielle@example.net,0.895,9,8,1,3848.03,30784.21
727,David Garcia,gregorygonzalez@example.org,0.556,5,2,3,3876.12,7752.24
728,Nancy Jones,qtownsend@example.net,0.767,2,1,1,4833.01,4833.01
729,Zachary Hines,kimberlyhart@example.com,0.574,35,20,15,2251.84,45036.79
730,Jaime Brown,williamross@example.org,0.892,19,16,3,2712.35,43397.67
731,Jill Lam,kwilliams@example.com,0.736,44,32,12,4505.58,144178.48
732,Danielle Johnson,julie90@example.org,0.938,47,44,3,1483.59,65278.11
733,Dana Wilson,xbaker@example.org,0.575,17,9,8,1651.84,14866.54
734,Gary Carlson,adam93@example.com,0.588,24,14,10,668.04,9352.52
735,Sabrina Parsons,stevensonmark@example.net,0.832,11,9,2,2650.74,23856.64
736,Elizabeth Miller,halltaylor@example.net,0.568,14,7,7,2337.97,16365.76
737,James Davis,mlucero@example.com,0.849,20,16,4,1589.32,25429.06
738,Paige Larson,dwilson@example.org,0.882,35,30,5,4390.61,131718.21
739,Mitchell George,wdavis@example.com,0.742,38,28,10,623.13,17447.65
740,William Johnson,zjames@example.com,0.638,36,22,14,2973.57,65418.63
741,Micheal Reyes,ywest@example.net,0.824,47,38,9,705.93,26825.21
742,Kenneth Jones,asalazar@example.org,0.644,17,10,7,1660.36,16603.61
743,Jenna Zhang,rodriguezkaren@example.com,0.889,15,13,2,4814.8,62592.4
744,Ronnie Hernandez,michaelgallegos@example.org,0.63,47,29,18,4344.73,125997.06
745,Cody Ingram,scott83@example.com,0.709,14,9,5,1851.64,16664.76
746,Ricardo Green,daviskaitlyn@example.com,0.923,2,1,1,552.15,552.15
747,Jose Webster,kimberly76@example.net,0.929,22,20,2,1139.42,22788.41
748,Elijah Brown,alexandrialong@example.net,0.933,2,1,1,4667.96,4667.96
749,Ashley Parks,francesrichmond@example.net,0.925,5,4,1,4619.32,18477.27
750,Gregory Kirby,laurenroberts@example.com,0.946,36,34,2,2662.3,90518.23
751,Shane Edwards,dwallace@example.org,0.607,33,20,13,3675.34,73506.8
752,Trevor Payne,bryansmith@example.net,0.903,18,16,2,550.42,8806.68
753,Sarah Vega,bsmith@example.com,0.86,6,5,1,718.54,3592.69
754,Trevor Hayes,courtney66@example.org,0.891,18,16,2,2370.57,37929.15
755,Anthony Anderson,markgates@example.com,0.683,18,12,6,4356.97,52283.65
756,Miss Daisy Mccann,michellepham@example.com,0.81,18,14,4,4937.1,69119.41
757,Misty Torres,yvillegas@example.org,0.813,43,34,9,1481.96,50386.64
758,Jerry Mcclain,lindsayhayes@example.com,0.623,6,3,3,1819.19,5457.56
759,David Peterson,christine05@example.com,0.889,19,16,3,2255.14,36082.32
760,Laura Pruitt,alanjohnson@example.net,0.764,11,8,3,4545.44,36363.48
761,Ronald Robinson,hollandjoseph@example.org,0.733,48,35,13,3602.72,126095.05
762,Scott Gillespie,justin39@example.com,0.529,22,11,11,3646.08,40106.85
763,Douglas Smith,clarkluke@example.org,0.62,16,9,7,1010.29,9092.59
764,Ashley Lane,kimberly37@example.net,0.588,10,5,5,2611.84,13059.18
765,Donna Briggs,ashley96@example.net,0.692,45,31,14,2087.94,64726.12
766,Michael Collins,rogerunderwood@example.net,0.839,17,14,3,2616.06,36624.79
767,Jorge Collins,sherri82@example.net,0.51,6,3,3,4007.02,12021.05
768,Brandi Gomez,zlong@example.org,0.896,33,29,4,406.88,11799.54
769,Elizabeth Dean,rodriguezmelissa@example.org,0.554,33,18,15,2639.08,47503.44
770,Justin Edwards,jeremy75@example.com,0.979,29,28,1,900.9,25225.22
771,Kristen Green,lwhite@example.com,0.635,1,0,1,2896.95,0.0
772,Natasha Barnes,darrenthompson@example.net,0.751,30,22,8,4109.04,90398.94
773,Jesse Gilbert,henrysmith@example.com,0.689,42,28,14,2909.1,81454.74
774,Derrick Williams,fdiaz@example.com,0.646,28,18,10,1179.62,21233.17
775,Thomas Murphy,andrewseric@example.net,0.85,7,5,2,2182.92,10914.58
776,Janet Tate,samantha13@example.net,0.89,11,9,2,467.56,4208.0
777,Summer Rodriguez,markmarshall@example.com,0.469,40,18,22,1193.87,21489.73
778,Steven Jones,jchung@example.org,0.507,24,12,12,1676.86,20122.32
779,Margaret Anderson,robertgonzalez@example.com,0.527,45,23,22,4407.75,101378.17
780,Gregory Howard,daniellewis@example.com,0.459,14,6,8,3847.15,23082.92
781,Crystal Johnson,stanley16@example.org,0.787,43,33,10,461.66,15234.69
782,Brandon Barnes,osmith@example.com,0.74,46,34,12,4815.44,163725.08
783,Rebecca Bishop,brownsean@example.com,0.673,33,22,11,2268.12,49898.63
784,Norma Anderson,vincent07@example.net,0.912,8,7,1,4010.89,28076.22
785,Kelsey Rice,samuelrogers@example.org,0.666,1,0,1,446.06,0.0
786,Jill Powers,christinepena@example.org,0.928,28,25,3,3172.18,79304.52
787,Hannah Allen,austinford@example.org,0.889,14,12,2,1601.17,19214.08
788,Jacqueline Hogan,vsweeney@example.com,0.476,26,12,14,4794.25,57530.97
789,Erica Kennedy,pvega@example.com,0.98,13,12,1,3167.8,38013.55
790,Mary Cherry,mhorton@example.com,0.665,40,26,14,388.47,10100.28
791,Angela Blevins,wilsondaniel@example.net,0.751,46,34,12,3081.21,104761.03
792,Kayla Solomon,amanda69@example.net,0.706,34,24,10,4696.28,112710.67
793,Taylor Baxter,ericnolan@example.net,0.218,30,6,24,1763.96,10583.75
794,Steven Howard,wmartinez@example.org,0.918,43,39,4,604.47,23574.29
795,Sandra Carrillo,johnsonstephanie@example.com,0.931,5,4,1,3591.7,14366.8
796,Kevin Dorsey,xlloyd@example.net,0.816,21,17,4,3790.48,64438.11
797,William Espinoza,smays@example.com,0.661,14,9,5,1472.39,13251.51
798,Jill Odom,ebradley@example.com,0.53,10,5,5,3685.21,18426.04
799,Lynn Brown,ashley57@example.net,0.811,4,3,1,1038.03,3114.09
800,Sandra Simmons,payneterry@example.net,0.685,19,13,6,4628.5,60170.47
801,Donna Fox,christina39@example.com,0.575,12,6,6,2550.97,15305.83
802,Sandra Middleton,gonzalestroy@example.net,0.406,20,8,12,1435.9,11487.19
803,Joseph Greene,aflowers@example.net,0.469,21,9,12,4064.56,36581.05
804,Mrs. Crystal Donovan,hollycruz@example.net,0.577,38,21,17,376.22,7900.66
805,Lauren Galloway,lsimon@example.com,0.532,17,9,8,3192.89,28736.03
806,Megan Lopez,hporter@example.com,0.789,6,4,2,3148.09,12592.38
807,Thomas Baker,hjohnston@example.net,0.929,32,29,3,4259.2,123516.89
808,Jaime Moore,harrisondamon@example.com,0.786,42,32,10,2968.68,94997.7
809,Susan Armstrong,smithstephen@example.com,0.846,34,28,6,3160.22,88486.19
810,Adam House,helenmiller@example.net,0.553,8,4,4,711.79,2847.17
811,Matthew Larsen,debrasullivan@example.org,0.701,26,18,8,4352.34,78342.14
812,David Wallace,vazquezaaron@example.org,0.755,37,27,10,1592.21,42989.71
813,Michael Dean,xmeyer@example.com,0.807,34,27,7,469.88,12686.67
814,Megan Smith,kerri89@example.org,0.807,13,10,3,1723.47,17234.66
815,William Fisher,hernandezdavid@example.com,0.928,2,1,1,276.94,276.94
816,Debra Dunn,rcooper@example.org,0.666,37,24,13,2091.63,50199.19
817,Jessica Ward,florescarlos@example.org,0.544,9,4,5,2150.8,8603.2
818,Emily Hammond,dlong@example.org,0.643,46,29,17,1686.52,48909.09
819,Cheryl Jones,pcombs@example.com,0.645,21,13,8,1990.4,25875.19
820,Kathryn Herman,ericpearson@example.org,0.95,39,37,2,1203.67,44535.69
821,Matthew Gonzalez,humphreymatthew@example.net,0.604,16,9,7,4081.14,36730.25
822,John Fisher,cweber@example.org,0.641,35,22,13,841.74,18518.26
823,Michael Robinson,debbie63@example.org,0.69,4,2,2,3216.81,6433.62
824,James Miles,pamela47@example.net,0.884,10,8,2,1661.55,13292.43
825,Erika Campbell,maldonadojoan@example.net,0.727,36,26,10,3218.59,83683.34
826,Nicholas Herrera,kimberly03@example.net,0.762,34,25,9,3829.72,95743.07
827,Christian Taylor,qbenson@example.org,0.96,42,40,2,4636.69,185467.44
828,Bradley Bradley,barrettmichelle@example.com,0.821,17,13,4,2119.92,27558.94
829,Curtis Jones,xsanchez@example.com,0.835,49,40,9,1826.93,73077.4
830,Tammy Hardin,johndavid@example.net,0.95,40,37,3,3374.44,124854.46
831,Glenn Castro,bhodge@example.org,0.785,34,26,8,4312.81,112133.05
832,Breanna Rangel,donnafowler@example.com,0.558,27,15,12,2393.06,35895.94
833,Cynthia Ford,cjones@example.org,0.809,4,3,1,4413.2,13239.59
834,Cynthia Day,obrienholly@example.com,0.7,28,19,9,1694.63,32198.03
835,Robert Jarvis,andersoncourtney@example.net,0.674,45,30,15,1124.85,33745.4
836,Susan Montgomery,angelica42@example.com,0.587,7,4,3,245.81,983.23
837,Joseph Williams,moorekyle@example.org,0.476,32,15,17,2529.11,37936.59
838,Morgan Carr,vconway@example.com,0.71,21,14,7,664.13,9297.87
839,Ashlee Rodriguez,ogreen@example.com,0.899,9,8,1,425.88,3407.04
840,Michelle Hendricks,matthew30@example.com,0.737,43,31,12,330.11,10233.47
841,Joshua Tapia,millersean@example.com,0.622,44,27,17,2068.2,55841.44
842,John Hubbard,tbowen@example.net,0.843,16,13,3,4817.88,62632.45
843,Gerald Lawrence,nwells@example.com,0.839,18,15,3,1756.78,26351.68
844,Jerry Jordan,edward05@example.com,0.568,40,22,18,941.7,20717.4
845,Tony White,jesse37@example.com,0.995,45,44,1,4374.47,192476.7
846,Justin Johnson,joseph32@example.com,0.877,49,42,7,4566.06,191774.43
847,Larry Taylor,hgraham@example.net,0.702,36,25,11,3793.75,94843.82
848,Paul Gomez,bestapril@example.com,0.815,39,31,8,2147.1,66560.01
849,Sharon Griffith,leslie93@example.com,0.557,24,13,11,3535.86,45966.14
850,Justin Delgado,costanancy@example.net,0.759,24,18,6,4122.52,74205.31
851,Angela Stone,angelaburke@example.net,0.758,45,34,11,4087.9,138988.53
852,Jennifer Bryant,markvega@example.org,0.781,32,25,7,3311.83,82795.7
853,Jeffrey Bautista,kelly74@example.org,0.638,34,21,13,1985.81,41701.99
854,Darryl Gallegos,rstone@example.com,0.872,35,30,5,2841.69,85250.58
855,Christina Krueger,robertsdouglas@example.com,0.847,28,23,5,1740.79,40038.07
856,Matthew Fisher,kingkimberly@example.net,0.834,38,31,7,710.78,22034.07
857,April Sawyer,stevenshields@example.com,0.672,42,28,14,1739.52,48706.59
858,Wesley Johnson,morrisonstephanie@example.net,0.832,10,8,2,2707.98,21663.88
859,Judy Flores,jbyrd@example.com,0.753,39,29,10,3448.99,100020.62
860,David Crawford,mallory47@example.org,0.839,44,36,8,3498.51,125946.43
861,James Wilson,davidmichael@example.net,0.506,22,11,11,4775.87,52534.62
862,Richard Smith,rachel00@example.net,0.955,39,37,2,3633.75,134448.67
863,Daniel Romero,salasbenjamin@example.com,0.893,13,11,2,1960.06,21560.64
864,Kaitlyn Torres,nicholaswyatt@example.org,0.771,37,28,9,526.58,14744.22
865,Kelly Mcguire,qowen@example.com,0.775,4,3,1,3783.7,11351.09
866,Matthew Burke,anna14@example.net,0.789,13,10,3,2164.08,21640.76
867,William Elliott,ududley@example.com,0.926,3,2,1,1610.8,3221.6
868,Adam Ware,jensennathan@example.net,0.887,41,36,5,701.19,25242.98
869,Dawn Patton,aalvarado@example.org,0.506,16,8,8,2932.63,23461.04
870,Jonathan Molina,blakeconrad@example.net,0.839,34,28,6,2334.21,65357.96
871,Crystal Mason,jorge82@example.org,0.798,32,25,7,3331.88,83297.11
872,Joy Carr,mark70@example.net,0.823,45,37,8,4364.97,161503.89
873,Eric Anderson,nrivas@example.com,0.622,22,13,9,3216.35,41812.59
874,Kevin Garcia,patricia57@example.org,0.696,33,22,11,2400.14,52803.18
875,Lisa Christensen,joelblackwell@example.com,0.679,30,20,10,2596.09,51921.9
876,Lynn Carroll,bwoods@example.org,0.675,34,22,12,4410.21,97024.67
877,Jonathan Smith,aaronramos@example.net,0.858,39,33,6,4175.29,137784.64
878,Kelsey Adams,gpreston@example.org,0.79,23,18,5,4141.48,74546.71
879,Sean Mendoza,owood@example.com,0.597,29,17,12,4319.39,73429.67
880,Stephanie Williams,wleach@example.com,0.608,29,17,12,4667.23,79342.86
881,Joseph Allison,coopermarie@example.net,0.249,31,7,24,1869.36,13085.49
882,Bryan Wang MD,johnsonashley@example.net,0.774,35,27,8,2788.12,75279.16
883,Dawn Richardson,dominic84@example.com,0.548,2,1,1,4166.67,4166.67
884,Mr. Philip Williams MD,daniel16@example.com,0.875,38,33,5,4657.07,153683.2
885,Andrew Robinson,imiller@example.com,0.691,6,4,2,4586.61,18346.42
886,Thomas Jackson,christopher01@example.net,0.748,44,32,12,474.05,15169.69
887,James Myers,montgomerysherry@example.net,0.937,3,2,1,4374.54,8749.08
888,Michael Byrd,smithtimothy@example.org,0.575,27,15,12,4142.05,62130.68
889,Sharon Taylor,mcphersonmartin@example.net,0.908,8,7,1,2341.52,16390.62
890,Sydney Callahan,stephanierivera@example.net,0.398,21,8,13,3848.17,30785.34
891,Amanda Gonzalez,uholland@example.org,0.65,26,16,10,3814.97,61039.53
892,Richard Fisher,rebecca38@example.com,0.735,7,5,2,3021.43,15107.16
893,Jennifer Buck,hernandezdebra@example.com,0.828,9,7,2,1563.48,10944.36
894,Andrew Watson,richard93@example.com,0.62,29,17,12,3441.11,58498.84
895,Jeffrey Brown,nicoledavidson@example.org,0.86,25,21,4,3844.35,80731.29
896,Johnny Love,ssherman@example.org,0.632,3,1,2,3090.83,3090.83
897,Deborah Smith,emily11@example.net,0.89,2,1,1,469.83,469.83
898,Lawrence Wagner,jamessparks@example.org,0.727,17,12,5,2273.55,27282.59
899,Heather Cooley,wrightpatricia@example.net,0.863,44,37,7,430.78,15938.82
900,Danielle Curry,brittanybaldwin@example.org,0.706,36,25,11,4576.57,114414.21
901,Brandon Casey,javier24@example.com,0.887,34,30,4,3049.69,91490.59
902,Scott Hogan,richard03@example.net,0.474,10,4,6,211.15,844.61
903,Olivia Grimes,rebeccacarroll@example.org,0.592,48,28,20,3351.5,93842.03
904,Joseph Price,martinkayla@example.org,0.657,1,0,1,2451.49,0.0
905,Rachel Ewing DVM,barrchristopher@example.com,0.965,5,4,1,878.64,3514.56
906,Raymond Stanley,hurstjustin@example.net,0.878,36,31,5,616.56,19113.3
907,Kathy Conway,mwagner@example.net,0.756,2,1,1,3450.2,3450.2
908,Ashley Miller,shelleynoble@example.org,0.625,21,13,8,2268.72,29493.38
909,Jennifer Wheeler,sextonjonathan@example.org,0.603,2,1,1,3520.53,3520.53
910,William Lamb,trussell@example.net,0.869,37,32,5,4122.11,131907.65
911,Drew Barry,kjohnson@example.org,0.993,5,4,1,3858.22,15432.89
912,Rebecca Johnson,gjimenez@example.org,0.765,36,27,9,4403.29,118888.79
913,Natasha Hunt,caroline95@example.com,0.848,15,12,3,2001.54,24018.51
914,Jacob Cunningham,kylestone@example.org,0.564,14,7,7,4903.06,34321.4
915,John Smith,davismary@example.net,0.692,20,13,7,4134.45,53747.84
916,Mark Robinson,anna21@example.org,0.927,44,40,4,3896.1,155844.08
917,Julie Collins,cpalmer@example.net,0.717,12,8,4,3952.3,31618.39
918,Russell Kirby,yvelasquez@example.net,0.805,3,2,1,3222.48,6444.96
919,Terry Jackson,randallkevin@example.net,0.66,9,5,4,288.95,1444.75
920,Dorothy Santos,johnmiller@example.org,0.883,32,28,4,2584.37,72362.32
921,Debra Knight,gadams@example.org,0.534,43,22,21,1931.87,42501.15
922,Jose Ball,lindsey00@example.com,0.491,3,1,2,4981.88,4981.88
923,Meghan Taylor,kimjohn@example.com,0.843,49,41,8,4455.66,182681.98
924,Steven Jordan,gerald84@example.net,0.96,21,20,1,3208.5,64169.97
925,Gabriela Torres,bob14@example.org,0.777,43,33,10,3732.97,123188.01
926,Patricia Lewis DDS,bethgilbert@example.org,0.528,23,12,11,4738.38,56860.5
927,Laura Fowler,sarahrosario@example.net,0.521,29,15,14,2228.9,33433.44
928,Debbie Kelly,francisco10@example.com,0.168,23,3,20,2037.93,6113.8
929,Denise Robinson,sstanton@example.com,0.821,49,40,9,2195.01,87800.53
930,Heidi Martinez,tdrake@example.com,0.413,43,17,26,3565.49,60613.37
931,Richard Vasquez,amanda75@example.com,0.769,48,36,12,2532.25,91161.03
932,Annette Patel,qcox@example.org,0.537,8,4,4,3169.99,12679.94
933,James Lawrence,krowe@example.com,0.809,6,4,2,2536.78,10147.1
934,Jeffery Smith,lschultz@example.net,0.521,40,20,20,675.9,13518.03
935,Rebecca Everett,paynedavid@example.com,0.545,15,8,7,2447.84,19582.74
936,Diana Randall,khayes@example.com,0.756,6,4,2,1922.03,7688.11
937,Roy Wright,seth94@example.org,0.736,12,8,4,3310.55,26484.36
938,Joshua Smith,lucascynthia@example.com,0.746,29,21,8,4483.85,94160.88
939,Zachary Boone,brendaallen@example.com,0.884,36,31,5,4980.77,154403.85
940,Katie Moreno,pricejulie@example.net,0.72,31,22,9,1324.76,29144.73
941,Cory Mejia,jamierobinson@example.net,0.692,38,26,12,4319.07,112295.74
942,Felicia Santos,pricesusan@example.org,0.77,48,36,12,415.33,14951.9
943,Cheryl Davis,piercebrooke@example.com,0.396,1,0,1,2121.71,0.0
944,Danielle Romero,oholder@example.com,0.634,45,28,17,3427.27,95963.61
945,Steven Martin,aglenn@example.org,0.407,2,0,2,1164.37,0.0
946,Matthew Norton,matthewkirk@example.org,0.721,35,25,10,2923.73,73093.18
947,Carrie Ruiz,robertsonkim@example.com,0.783,28,21,7,2775.06,58276.22
948,Brian Fritz DVM,lmarshall@example.com,0.525,2,1,1,3396.55,3396.55
949,Michael Dunlap,hamiltonlisa@example.org,0.197,25,4,21,2615.46,10461.83
950,Jacob Allen,timothy22@example.com,0.489,5,2,3,4387.49,8774.99
951,Marissa Powell,howardluna@example.com,0.554,5,2,3,3007.67,6015.34
952,Joshua Mcknight,craig49@example.net,0.876,40,35,5,3816.68,133583.9
953,Erin Sanchez,michaelhughes@example.net,0.889,12,10,2,1625.1,16250.99
954,Wendy Nicholson,tarasummers@example.org,0.72,40,28,12,3655.98,102367.57
955,Kristi Goodwin,trevor48@example.com,0.864,36,31,5,663.87,20580.12
956,Kelsey Sellers,reyesaaron@example.com,0.837,18,15,3,4359.66,65394.89
957,Jacqueline Mathews,ariaslaura@example.net,0.585,18,10,8,2375.68,23756.84
958,Maria Young,cjenkins@example.com,0.597,23,13,10,2664.89,34643.51
959,Joan Wright,suzanneodom@example.org,0.645,39,25,14,1836.64,45915.99
960,Jason Mendez,brian22@example.com,0.505,9,4,5,1799.84,7199.36
961,Tracy Vaughn,dawnhall@example.org,0.912,37,33,4,2733.26,90197.51
962,Henry Schmitt,hthomas@example.net,0.762,16,12,4,1010.52,12126.3
963,Tommy Hudson,nglover@example.net,0.577,16,9,7,2848.22,25633.97
964,Matthew Richardson,mackjeffrey@example.org,0.948,17,16,1,1085.29,17364.62
965,Kyle Miller,ychristian@example.net,0.519,38,19,19,2210.88,42006.69
966,Sharon Owens,michael46@example.com,0.479,34,16,18,3000.45,48007.13
967,Samantha Dalton,uhuffman@example.com,0.847,31,26,5,1732.28,45039.32
968,William Johnson,sbrooks@example.com,0.907,45,40,5,2999.73,119989.03
969,Caleb Espinoza,pjackson@example.com,0.452,37,16,21,3571.51,57144.22
970,Alex Brown,dvilla@example.org,0.924,35,32,3,2040.26,65288.38
971,Ronald Padilla,christine84@example.net,0.731,19,13,6,926.07,12038.89
972,Robert Padilla,fpowers@example.org,0.883,26,22,4,1704.69,37503.21
973,Russell White,ashley61@example.org,0.686,26,17,9,2757.67,46880.33
974,Nicholas Rodriguez,christopher29@example.net,0.772,18,13,5,1006.97,13090.57
975,Beverly Williams,jessicaterry@example.org,0.21,14,2,12,2625.7,5251.4
976,Matthew Phillips,sduffy@example.net,0.816,48,39,9,4213.18,164313.97
977,Anna Molina,redwards@example.net,0.83,4,3,1,496.04,1488.11
978,Nicholas Hunt,dperry@example.com,0.596,18,10,8,453.56,4535.64
979,Melissa Lewis,raymond75@example.com,0.191,36,6,30,2944.06,17664.35
980,Chad Mccormick,jensenandrew@example.org,0.825,30,24,6,4856.56,116557.47
981,Richard Young,joynelson@example.com,0.793,6,4,2,1432.78,5731.14
982,Mrs. Joanna Bridges MD,madeline69@example.com,0.789,15,11,4,3521.25,38733.76
983,Jack Reynolds,john37@example.com,0.637,28,17,11,3132.45,53251.59
984,Dalton Holmes,jacquelinedavenport@example.com,0.681,29,19,10,4647.99,88311.9
985,Brandon Anderson,john05@example.net,0.677,45,30,15,3524.07,105722.02
986,Wendy Thomas,thomashood@example.net,0.644,26,16,10,926.77,14828.32
987,Amanda Lewis,melissa10@example.com,0.708,28,19,9,426.68,8106.91
988,Mark Pacheco,harrisonlee@example.com,0.779,5,3,2,2859.68,8579.03
989,Cheryl Galloway,danielle64@example.com,0.277,11,3,8,2213.51,6640.53
990,Desiree Clark,vrussell@example.org,0.867,19,16,3,3754.45,60071.13
991,Aaron Long,ehumphrey@example.org,0.914,14,12,2,613.45,7361.42
992,Andrea Lam,pyoung@example.com,0.833,4,3,1,2839.41,8518.23
993,Sharon Ramsey,ujones@example.com,0.463,10,4,6,2470.35,9881.42
994,Laura Ross,ilowery@example.com,0.798,12,9,3,4910.82,44197.41
995,John White,juan53@example.org,0.411,9,3,6,3389.23,10167.7
996,Gabriel King,heather15@example.com,0.471,6,2,4,1135.73,2271.45
997,Todd Grant,sharon35@example.org,0.641,33,21,12,2333.32,48999.65
998,Stephen Flores,okemp@example.com,0.756,9,6,3,885.37,5312.23
999,Sandra Hurst,courtneybarron@example.org,0.658,25,16,9,1610.21,25763.42
1000,Shawn Bridges,tdominguez@example.com,0.879,48,42,6,2324.74,97639.22
1001,James Ramirez,thomasbridges@example.net,0.891,27,24,3,264.87,6356.77
1002,Melissa Byrd DDS,hernandezrichard@example.com,0.698,46,32,14,3419.49,109423.72
1003,Madison Hill,villamegan@example.net,0.723,21,15,6,1709.91,25648.62
1004,Charles Torres,cherylsmith@example.org,0.546,20,10,10,1925.23,19252.34
1005,Adam Lee,zowen@example.com,0.904,49,44,5,4898.81,215547.81
1006,Peter White,munozchristopher@example.org,0.522,40,20,20,2189.28,43785.67
1007,Greg Curtis,wwolf@example.com,0.491,31,15,16,3250.05,48750.81
1008,Julia Thompson MD,carlos82@example.org,0.766,33,25,8,1487.6,37190.04
1009,Joshua Gray,robert62@example.org,0.691,26,17,9,2794.65,47509.1
1010,Marcia Stone,hhernandez@example.net,0.658,24,15,9,4548.89,68233.37
1011,Angela Rogers,bjohnson@example.com,0.925,15,13,2,988.5,12850.48
1012,Ryan Herring,kennedyadam@example.org,0.729,8,5,3,3110.65,15553.27
1013,Kaitlyn Shepard,griffinwendy@example.com,0.577,37,21,16,4845.75,101760.75
1014,Brian Ferguson,econner@example.org,0.65,35,22,13,4481.88,98601.42
1015,Anthony Johnson,shawamy@example.org,0.856,22,18,4,623.08,11215.49
1016,Shawn Arias,waltermolly@example.com,0.611,48,29,19,2894.9,83952.22
1017,Morgan Riley,dmitchell@example.org,0.714,29,20,9,2998.72,59974.5
1018,Nancy Thomas,wreese@example.com,0.681,38,25,13,2658.03,66450.63
1019,Manuel Castaneda,seanrocha@example.org,0.879,17,14,3,802.95,11241.37
1020,Megan Mccoy,xmartinez@example.net,0.651,15,9,6,2624.55,23620.99
1021,David Lambert,yburns@example.com,0.857,5,4,1,4748.31,18993.25
1022,Shannon Davis,kevinjohnston@example.org,0.638,43,27,16,1410.29,38077.86
1023,Dustin Harris,elizabeth67@example.com,0.516,23,11,12,750.76,8258.38
1024,Jason Downs,browncheryl@example.com,0.922,20,18,2,355.94,6406.84
1025,Tyler Mitchell,petersonalan@example.com,0.684,31,21,10,1583.19,33246.98
1026,Carol Clark,tracy82@example.net,0.741,25,18,7,3661.88,65913.79
1027,Mackenzie Hall,elizabeththompson@example.net,0.569,35,19,16,4095.04,77805.69
1028,Marcus Hancock,pbridges@example.com,0.864,36,31,5,3686.26,114273.96
1029,Michael Rodriguez,uallen@example.net,0.533,47,25,22,4638.36,115959.03
1030,Carl Vasquez MD,thomas00@example.net,0.702,19,13,6,3223.39,41904.04
1031,Brent Hutchinson,pgutierrez@example.org,0.555,48,26,22,4762.42,123822.84
1032,Cynthia Munoz,shelleytucker@example.net,0.479,10,4,6,3588.73,14354.92
1033,Kathleen Lee,hartwilliam@example.org,0.846,25,21,4,897.08,18838.68
1034,Edward Brown,carpentermichelle@example.com,0.444,24,10,14,247.85,2478.52
1035,Nathaniel Brown,devonayers@example.org,0.69,23,15,8,1874.58,28118.67
1036,Anna Jones,zriley@example.org,0.743,11,8,3,2640.7,21125.59
1037,Erin Ortiz,sarah01@example.net,0.634,11,6,5,3738.65,22431.91
1038,Tammy Harris,andrewssusan@example.com,0.718,37,26,11,4993.09,129820.39
1039,Beverly Shaffer,rowemichael@example.net,0.796,2,1,1,1316.5,1316.5
1040,Melissa Miller,bauerann@example.org,0.923,19,17,2,3412.71,58016.14
1041,Frank Ingram,xstephenson@example.com,0.334,49,16,33,2882.98,46127.61
1042,Marie Fuller,lmathews@example.net,0.576,1,0,1,2613.36,0.0
1043,Leonard Williams,ibell@example.net,0.957,20,19,1,1614.1,30667.82
1044,Mr. Timothy Hayes PhD,jesusbonilla@example.com,0.562,25,14,11,2136.15,29906.08
1045,Tyler Bolton,jenniferfry@example.com,0.623,37,23,14,1837.52,42262.89
1046,Cole Warner,gonzalezkristin@example.com,0.948,17,16,1,573.82,9181.11
1047,Beth Williams,vwilson@example.org,0.882,24,21,3,2614.61,54906.81
1048,Eddie Eaton,charlescontreras@example.net,0.995,13,12,1,435.91,5230.95
1049,David Anderson,tara84@example.net,0.777,47,36,11,3157.96,113686.38
1050,James Terry,lisaphillips@example.org,0.746,44,32,12,4619.63,147828.19
1051,Joe Weber,mcgeekristy@example.net,0.376,11,4,7,2696.65,10786.59
1052,Haley Sanchez DVM,lawrencedonald@example.net,0.702,12,8,4,1680.09,13440.72
1053,Ann Jenkins,johnathan83@example.org,0.806,6,4,2,2746.04,10984.15
1054,Tina Doyle,jeffrey52@example.net,0.949,24,22,2,743.51,16357.22
1055,Steven Taylor,volson@example.net,0.94,12,11,1,541.33,5954.65
1056,Megan Collins,denise03@example.net,0.905,31,28,3,3395.67,95078.85
1057,Heather Johnston,jbarton@example.net,0.835,41,34,7,2153.97,73234.93
1058,Cynthia Lee,richard03@example.com,0.492,11,5,6,2170.87,10854.37
1059,David Hernandez,reginataylor@example.com,0.746,41,30,11,1055.99,31679.74
1060,Phillip Thompson,gbenton@example.com,0.905,42,38,4,3701.19,140645.38
1061,Courtney Gentry,christophergraham@example.org,0.338,23,7,16,1667.63,11673.41
1062,Erin Chapman,daltonproctor@example.org,0.877,36,31,5,1382.47,42856.62
1063,Jessica Hall,jamesswanson@example.net,0.628,16,10,6,1452.94,14529.36
1064,Tiffany Henson,kdavis@example.com,0.692,17,11,6,277.4,3051.38
1065,Dana Black,lori25@example.net,0.809,42,33,9,1245.35,41096.48
1066,Kerry Smith,otaylor@example.net,0.739,1,0,1,1906.54,0.0
1067,Jamie Dixon,jamesclayton@example.com,0.526,27,14,13,1653.28,23145.98
1068,Gary Price,wendywoods@example.net,0.848,36,30,6,1291.15,38734.38
1069,Amanda Espinoza,powellmarcia@example.org,0.968,42,40,2,4313.74,172549.57
1070,Mrs. Michelle Rodriguez,jessicacohen@example.org,0.681,5,3,2,3038.25,9114.74
1071,Lindsey Stewart,fowlersandra@example.net,0.793,2,1,1,4074.86,4074.86
1072,Alec Goodman,qcamacho@example.org,0.601,4,2,2,3389.36,6778.73
1073,Dr. Danielle Rodriguez,dgarcia@example.com,0.549,48,26,22,1021.21,26551.53
1074,Elizabeth Harper,joseph50@example.com,0.878,1,0,1,4434.59,0.0
1075,Ashley Harris,william14@example.org,0.688,23,15,8,4821.88,72328.2
1076,Sabrina Murray,ooliver@example.org,0.758,6,4,2,509.6,2038.41
1077,Johnny Franklin,speck@example.com,0.411,15,6,9,1468.64,8811.83
1078,Mrs. Selena Cruz,mcasey@example.net,0.686,12,8,4,2263.19,18105.52
1079,Billy Williams,fowlercody@example.org,0.789,42,33,9,863.76,28504.05
1080,Thomas Clark,ywalters@example.net,0.596,20,11,9,4398.79,48386.65
1081,Claire Flores,nramos@example.net,0.772,10,7,3,1656.82,11597.73
1082,Brittney Hawkins,rachelallen@example.org,0.813,31,25,6,4991.34,124783.41
1083,Vanessa Scott,ashleyramirez@example.org,0.227,31,7,24,4126.9,28888.3
1084,Kevin Harris,chavezjoseph@example.net,0.792,6,4,2,449.95,1799.79
1085,Zoe Taylor,michael40@example.org,0.839,4,3,1,2770.26,8310.78
1086,Nicholas Garcia,djackson@example.com,0.688,34,23,11,4881.17,112267.0
1087,Hannah Lucas,caitlinkane@example.net,0.683,42,28,14,797.28,22323.96
1088,Krista Moore,barbara88@example.net,0.555,44,24,20,4608.9,110613.68
1089,Tina Barton,allen41@example.com,0.757,43,32,11,4846.51,155088.21
1090,Kevin Lawrence,jenkinsallison@example.org,0.69,6,4,2,544.33,2177.32
1091,Nicholas Anderson,tonya24@example.net,0.404,40,16,24,3219.9,51518.48
1092,James Navarro,emcclure@example.net,0.481,42,20,22,2755.33,55106.58
1093,Thomas Watkins,kurtanderson@example.com,0.878,28,24,4,1467.08,35209.98
1094,Maria Arroyo,ymyers@example.net,0.832,41,34,7,2495.76,84855.89
1095,Stephanie Jones,brandycross@example.org,0.589,1,0,1,1188.26,0.0
1096,James Matthews,chenmary@example.net,0.618,38,23,15,710.14,16333.15
1097,Stephanie Taylor,walter25@example.org,0.424,29,12,17,4664.03,55968.31
1098,Veronica Green,ryanhernandez@example.org,0.563,42,23,19,4047.39,93089.96
1099,Mark Warner,pamela92@example.com,0.443,8,3,5,3288.17,9864.52
1100,Bradley Green,lovetiffany@example.net,0.652,21,13,8,534.52,6948.7
1101,Paige Mccormick,jorge61@example.org,0.738,8,5,3,3427.17,17135.84
1102,Ryan Miller,rstewart@example.org,0.808,4,3,1,2837.26,8511.77
1103,Scott Mccoy,murphylisa@example.net,0.928,26,24,2,1738.7,41728.88
1104,James Torres,james60@example.org,0.828,13,10,3,436.88,4368.78
1105,Joseph Hernandez,ortizpaul@example.net,0.506,9,4,5,4362.33,17449.32
1106,Kendra Stephens,angelaolsen@example.net,0.659,30,19,11,905.67,17207.76
1107,Gregory Pena,hopkinslori@example.net,0.624,12,7,5,4460.2,31221.41
1108,Julie Taylor,whitemary@example.com,0.931,49,45,4,2750.43,123769.43
1109,Miss Kimberly Thomas,chelsey93@example.org,0.643,23,14,9,4244.26,59419.66
1110,Natasha Ayala,ewilcox@example.com,0.822,46,37,9,2969.91,109886.57
1111,James Carlson,emartinez@example.com,0.904,25,22,3,1897.16,41737.53
1112,Kevin Benjamin,monteskeith@example.com,0.784,25,19,6,4207.79,79948.06
1113,Amy Collins,ebass@example.org,0.916,16,14,2,1971.14,27595.97
1114,Joshua Lowe,clarkjanet@example.net,0.634,14,8,6,4502.15,36017.21
1115,Jay Bowman,thomasrachel@example.net,0.587,1,0,1,386.24,0.0
1116,Craig Medina,montoyaheidi@example.net,0.617,29,17,12,1861.32,31642.45
1117,Diana Vargas,kanderson@example.com,0.747,9,6,3,4068.35,24410.09
1118,Melissa Todd,clairedougherty@example.net,0.664,9,5,4,4532.2,22661.01
1119,Jon Smith,estradapatrick@example.org,0.621,18,11,7,4806.04,52866.47
1120,Joy Moreno,margaretross@example.org,0.788,46,36,10,3161.05,113797.69
1121,Mr. Alexander Hernandez,velasquezlisa@example.org,0.813,11,8,3,4213.37,33706.95
1122,Susan Barnett,john28@example.com,0.319,12,3,9,3035.92,9107.75
1123,Mary Drake,devon60@example.org,0.385,14,5,9,1184.9,5924.49
1124,Heather Tyler,harriskevin@example.org,0.673,23,15,8,1509.41,22641.16
1125,Eric Byrd,downsbrendan@example.org,0.828,26,21,5,4571.96,96011.08
1126,Gregory Johnson,courtneycampbell@example.net,0.549,24,13,11,2360.25,30683.24
1127,Nicholas Jones,mcarter@example.net,0.922,23,21,2,1952.23,40996.79
1128,Jacob Bates,qlove@example.net,0.786,1,0,1,479.72,0.0
1129,Katherine Scott,qmartin@example.net,0.725,32,23,9,2152.75,49513.22
1130,David Brooks,nicholas15@example.org,0.729,10,7,3,611.81,4282.69
1131,Michael Simmons,gonzalesjim@example.org,0.863,44,37,7,1686.08,62385.09
1132,Heather Owens,hullmegan@example.com,0.716,6,4,2,243.99,975.98
1133,Dustin Barnes,jordanmooney@example.net,0.797,31,24,7,2533.01,60792.29
1134,Philip Perez,pearsondiane@example.net,0.706,37,26,11,4607.77,119801.97
1135,Adam Larsen,joshua26@example.net,0.728,4,2,2,1769.09,3538.18
1136,Kathy Lin,mark94@example.net,0.704,40,28,12,2763.37,77374.45
1137,Jennifer Russell,kevin04@example.com,0.833,49,40,9,2497.77,99910.73
1138,Dr. Eric Wilkins DDS,conleybenjamin@example.org,0.329,30,9,21,978.48,8806.32
1139,Virginia Smith,clopez@example.org,0.663,7,4,3,3734.02,14936.08
1140,Justin Rogers,kelseymathis@example.org,0.821,34,27,7,4681.25,126393.67
1141,Erin Cox,morenojennifer@example.com,0.928,33,30,3,1669.74,50092.21
1142,Susan Hodge,swhite@example.org,0.884,15,13,2,4149.25,53940.24
1143,Donna Baxter MD,rbaker@example.com,0.932,34,31,3,536.49,16631.1
1144,Jason Kirby,crossrhonda@example.org,0.702,6,4,2,3829.92,15319.68
1145,Austin Williams,johnsonbrenda@example.net,0.812,21,17,4,3798.68,64577.62
1146,Sara Contreras,willisandrew@example.net,0.861,44,37,7,2109.31,78044.55
1147,Sarah Valentine,eric43@example.org,0.822,3,2,1,3044.33,6088.65
1148,Michael Jackson,michael50@example.com,0.981,25,24,1,3835.64,92055.37
1149,Ashley Taylor,kevinstevens@example.net,0.714,37,26,11,3877.55,100816.41
1150,Billy Cabrera,kevintaylor@example.net,0.696,41,28,13,1608.07,45026.06
1151,Heather Alvarado,hernandezryan@example.net,0.411,39,16,23,2390.32,38245.13
1152,Eric Watkins,lisanguyen@example.com,0.806,36,29,7,696.86,20209.0
1153,Brent Thompson,rileykathleen@example.org,0.778,45,35,10,4846.26,169618.93
1154,Gregory Andrews,christopherthomas@example.com,0.839,18,15,3,2895.6,43434.07
1155,Cynthia Carter,steventhomas@example.net,0.828,14,11,3,3377.13,37148.4
1156,Katelyn Lee,wernerelizabeth@example.com,0.856,24,20,4,1565.66,31313.15
1157,Christina Haley,gonzalesjennifer@example.org,0.797,4,3,1,4296.3,12888.9
1158,Sherry Fields,qarnold@example.com,0.656,17,11,6,442.44,4866.79
1159,Patricia Morris,cynthia29@example.com,0.614,13,7,6,1768.51,12379.58
1160,Robert Sellers,jasmine28@example.net,0.683,47,32,15,4499.09,143970.94
1161,Richard Thomas,earmstrong@example.org,0.831,1,0,1,3108.87,0.0
1162,Mark Pierce,joannellison@example.org,0.657,41,26,15,2619.54,68107.95
1163,Brian Turner,brittney60@example.com,0.451,5,2,3,4816.95,9633.9
1164,Elizabeth Perkins,gonzalezjake@example.org,0.649,3,1,2,960.9,960.9
1165,Daniel Schmidt,vmcguire@example.org,0.476,46,21,25,1518.58,31890.27
1166,Michele Dean,bradymoore@example.net,0.883,15,13,2,3899.32,50691.18
1167,Sabrina Harrison,robertmoran@example.com,0.59,12,7,5,2754.02,19278.12
1168,Andrea Beasley,maldonadodaniel@example.org,0.873,10,8,2,3375.64,27005.1
1169,Lisa Rowe,scottjames@example.com,0.74,45,33,12,469.98,15509.48
1170,Destiny Mayer,boylejanice@example.com,0.892,17,15,2,2660.37,39905.49
1171,Latasha Davis,patricia14@example.com,0.931,27,25,2,1780.74,44518.55
1172,Mr. Leon Davies,elizabethperez@example.com,0.822,36,29,7,3458.18,100287.32
1173,Susan Johnson,deannahudson@example.com,0.881,28,24,4,2378.46,57083.12
1174,Sara Chandler,summerspatricia@example.org,0.806,9,7,2,2979.82,20858.76
1175,Robert Robertson,wcombs@example.com,0.635,17,10,7,577.75,5777.49
1176,Christopher Arnold,mrice@example.com,0.295,45,13,32,2608.83,33914.83
1177,Steven Henry,travisjenkins@example.net,0.72,31,22,9,654.75,14404.43
1178,David Mora,onguyen@example.com,0.933,47,43,4,2887.97,124182.69
1179,John Martin,elizabethpayne@example.net,0.719,43,30,13,1399.53,41985.85
1180,Andrew Burch,nathanporter@example.com,0.811,5,4,1,3008.37,12033.49
1181,Suzanne Schmitt,uedwards@example.com,0.176,39,6,33,2236.09,13416.53
1182,Matthew Arias,codysmith@example.com,0.611,18,10,8,4346.98,43469.83
1183,Thomas Lane,katrinaball@example.com,0.746,15,11,4,3512.36,38635.98
1184,Jacob Hansen,angela03@example.com,0.899,17,15,2,3724.29,55864.4
1185,Mark Moyer,jessicadaugherty@example.org,0.511,44,22,22,4246.16,93415.52
1186,Diana Howe,eric21@example.org,0.812,29,23,6,3268.46,75174.62
1187,Sarah Brown,ericpatterson@example.com,0.377,23,8,15,1007.41,8059.31
1188,Joshua Berry,brownamanda@example.net,0.618,38,23,15,3099.22,71282.15
1189,Raymond Kelly,courtneydiaz@example.org,0.305,49,14,35,4258.65,59621.04
1190,Erin Werner,gloria29@example.com,0.674,38,25,13,4215.78,105394.43
1191,Christopher Stevenson,yesenia05@example.com,0.626,6,3,3,1680.65,5041.96
1192,Courtney Norton,gardnermark@example.net,0.788,24,18,6,261.27,4702.93
1193,Rachel Patton,umack@example.com,0.558,28,15,13,589.09,8836.29
1194,Amanda Thomas,elizabethzuniga@example.net,0.488,3,1,2,4442.06,4442.06
1195,Jeffrey Garza,angelica12@example.net,0.551,7,3,4,2617.38,7852.13
1196,Rebecca Brown,gardnergabrielle@example.com,0.988,38,37,1,2872.73,106290.94
1197,Jeffrey Meyers,hughesamanda@example.net,0.631,33,20,13,1092.48,21849.63
1198,Alexis Bell,zklein@example.com,0.927,18,16,2,4138.77,66220.27
1199,Tracey Martinez,gutierrezjanet@example.com,0.775,26,20,6,2627.88,52557.69
1200,Lindsay Mcdonald,jeffnorris@example.net,0.801,33,26,7,1515.4,39400.39
1201,Tiffany Rice,brookskenneth@example.org,0.533,25,13,12,1278.0,16613.94
1202,Jeffrey Roberts,edward65@example.net,0.826,20,16,4,4168.36,66693.82
1203,Sally Walker,donald13@example.net,0.546,20,10,10,4948.24,49482.4
1204,Megan Mcpherson,coxjessica@example.net,0.527,18,9,9,2162.85,19465.66
1205,Anne Wilson,clarkjanet@example.com,0.387,33,12,21,2804.36,33652.35
1206,Amanda Pearson,cruzmark@example.org,0.935,37,34,3,744.26,25304.77
1207,Christopher Richmond,ethandavis@example.org,0.47,32,15,17,1519.03,22785.44
1208,Michael Peters,blake01@example.com,0.651,33,21,12,3782.31,79428.43
1209,Yolanda Garcia,steven78@example.org,0.78,48,37,11,1981.31,73308.44
1210,Kelly Castro,brian80@example.net,0.654,45,29,16,2203.75,63908.8
1211,Kristin Hamilton,srojas@example.net,0.497,5,2,3,3679.58,7359.16
1212,Cindy Soto,davidwarren@example.org,0.929,33,30,3,4589.32,137679.61
1213,William Pearson,philliphoward@example.com,0.724,41,29,12,1213.8,35200.19
1214,Michael Daniels,oowens@example.com,0.734,16,11,5,2352.36,25875.93
1215,Charles Jackson,pricejon@example.org,0.904,8,7,1,3446.67,24126.68
1216,Paul Myers,billymendoza@example.com,0.82,44,36,8,898.72,32354.07
1217,Marie Yang,rsmith@example.org,0.678,34,23,11,4454.57,102455.1
1218,Calvin Meyer,savannahwatson@example.org,0.887,41,36,5,2303.83,82938.0
1219,Ralph Smith,mitchellwhite@example.net,0.75,36,27,9,2520.91,68064.46
1220,Phillip Navarro,darrylparker@example.com,0.728,43,31,12,4099.12,127072.82
1221,Mark Stanley,chadromero@example.com,0.693,41,28,13,3282.94,91922.19
1222,Jonathan Anderson,iphillips@example.com,0.806,9,7,2,3421.86,23953.04
1223,Lance Frank,loricortez@example.org,0.523,47,24,23,4437.62,106502.76
1224,Nathan Bentley,tammy56@example.org,0.532,29,15,14,1599.62,23994.35
1225,Dylan Davis,zsmith@example.org,0.78,15,11,4,2515.63,27671.97
1226,Christine Mullen,beverlyarcher@example.net,0.791,38,30,8,3651.16,109534.67
1227,Jessica Price,melissa78@example.net,0.794,43,34,9,4692.77,159554.25
1228,Angela Allen,xrowe@example.net,0.379,20,7,13,3614.08,25298.53
1229,Crystal Brown,fergusonaustin@example.org,0.796,4,3,1,2501.69,7505.08
1230,Joseph Stevens,chenson@example.com,0.936,31,29,2,4779.83,138615.12
1231,Matthew Estrada,jennifer81@example.org,0.765,40,30,10,726.25,21787.62
1232,David Cross,stephaniepacheco@example.org,0.78,17,13,4,4681.66,60861.56
1233,Jimmy Perez,ronaldlopez@example.com,0.549,26,14,12,1839.53,25753.48
1234,Eric Huff,jacobbecker@example.org,0.599,8,4,4,577.75,2311.01
1235,Casey Hunt,mirandarichardson@example.net,0.548,32,17,15,2011.46,34194.83
1236,Jennifer Briggs,daleking@example.net,0.689,36,24,12,959.76,23034.21
1237,Andrew Turner,nzuniga@example.net,0.591,46,27,19,1457.77,39359.74
1238,Erik Cooper,lewisnatasha@example.org,0.916,7,6,1,3198.56,19191.38
1239,Natalie Mora,dunncarla@example.org,0.885,29,25,4,4318.0,107950.05
1240,Randy Crawford,andrea50@example.com,0.803,37,29,8,4055.86,117620.0
1241,Jonathan Smith,mjohnson@example.net,0.596,25,14,11,3264.58,45704.18
1242,Dawn Ellis,hhayes@example.org,0.812,13,10,3,317.08,3170.77
1243,Beverly Miles,jefferysalazar@example.com,0.558,3,1,2,4682.97,4682.97
1244,Bradley Cooper,lori29@example.com,0.754,23,17,6,1464.67,24899.43
1245,Amber Hill,kbailey@example.net,0.735,39,28,11,471.28,13195.71
1246,Elizabeth Garner,smithjoseph@example.net,0.854,2,1,1,4714.58,4714.58
1247,Jennifer Smith,williammyers@example.org,0.619,39,24,15,3633.28,87198.77
1248,Fernando Moore,crystalvillarreal@example.com,0.798,44,35,9,2891.33,101196.67
1249,Robert Campbell,jonesariana@example.com,0.658,1,0,1,1195.85,0.0
1250,Jillian Weaver,cindy83@example.com,0.572,43,24,19,2430.51,58332.23
1251,Sean Nunez,vanessarivera@example.net,0.605,7,4,3,4581.38,18325.52
1252,Charles Greene,morrisrodney@example.org,0.871,19,16,3,2579.14,41266.22
1253,Michelle Mason,destiny74@example.com,0.837,43,35,8,2165.07,75777.37
1254,Andrea Graham,anthony18@example.com,0.28,18,5,13,4925.32,24626.61
1255,Ashley Hart,jennifer33@example.com,0.951,40,38,2,4481.96,170314.36
1256,Toni Davidson,sarahjohnson@example.net,0.681,4,2,2,2065.43,4130.87
1257,Sarah Gibson,alexander51@example.com,0.891,35,31,4,702.37,21773.5
1258,Megan Dean,zperry@example.net,0.594,48,28,20,2941.83,82371.15
1259,Marcus Hughes,nancy50@example.com,0.55,35,19,16,4274.08,81207.6
1260,Karina Campbell,boltonsarah@example.com,0.451,42,18,24,1757.86,31641.48
1261,Teresa Joseph,karen27@example.net,0.69,29,20,9,825.69,16513.76
1262,Vincent Klein,calvinscott@example.net,0.488,38,18,20,3715.72,66882.94
1263,Kelsey Bryant,rstevens@example.org,0.914,26,23,3,782.07,17987.64
1264,Jessica Cooper,millserin@example.org,0.853,32,27,5,380.25,10266.78
1265,James Williams,dianecampbell@example.net,0.815,47,38,9,656.19,24935.34
1266,Charles Riggs,melanie04@example.com,0.823,15,12,3,1460.04,17520.5
1267,Annette Jennings,max12@example.com,0.881,16,14,2,431.96,6047.4
1268,Laura Navarro,kathy41@example.org,0.775,44,34,10,4850.32,164910.84
1269,Tara Glenn,sbenton@example.net,0.385,47,18,29,474.24,8536.27
1270,Kelly Herrera,williamsjeffrey@example.org,0.597,30,17,13,1371.51,23315.62
1271,Valerie Johnson,sean11@example.net,0.686,30,20,10,3257.83,65156.57
1272,Jacob Smith,cmorales@example.net,0.745,9,6,3,3835.85,23015.11
1273,David Murillo,thomas58@example.org,0.903,27,24,3,2346.63,56319.02
1274,Abigail Rogers MD,jenniferhernandez@example.com,0.972,8,7,1,4225.38,29577.69
1275,Wendy Jackson,john97@example.net,0.83,41,34,7,4813.37,163654.5
1276,Heidi Johnson,djordan@example.com,0.794,25,19,6,3657.29,69488.43
1277,Jessica Sanders,emilyhuerta@example.org,0.932,45,41,4,643.26,26373.66
1278,Jonathan Ramirez,saracastro@example.com,0.791,36,28,8,1261.94,35334.36
1279,Shelly Sanford,nelsonmichael@example.org,0.722,10,7,3,3670.13,25690.9
1280,Micheal Gutierrez,mholland@example.org,0.913,41,37,4,1304.41,48263.01
1281,Elizabeth Greene,michael22@example.net,0.699,6,4,2,485.5,1942.02
1282,Paul Burton,lawsonmichelle@example.com,0.615,21,12,9,675.05,8100.59
1283,Annette Williams,ramoscraig@example.org,0.752,17,12,5,2393.31,28719.68
1284,Stephanie Ellis,seandickerson@example.net,0.708,1,0,1,4376.94,0.0
1285,Alexander Rodriguez,leonardcunningham@example.org,0.805,12,9,3,3331.93,29987.34
1286,Stephen Harris,moyermichael@example.org,0.876,22,19,3,2848.78,54126.78
1287,Christopher Rowe,tdecker@example.org,0.69,17,11,6,1204.74,13252.19
1288,Andrea Holmes,carolynwalker@example.net,0.64,23,14,9,1555.99,21783.91
1289,Steve Allen,joshuapeters@example.net,0.625,23,14,9,1935.03,27090.47
1290,Christopher Daugherty,ihunt@example.com,0.799,33,26,7,2195.72,57088.63
1291,Travis Allen,scampbell@example.com,0.859,29,24,5,4885.18,117244.22
1292,Philip Adams,michael94@example.org,0.702,43,30,13,4075.26,122257.77
1293,Brett Richards,xclayton@example.com,0.494,10,4,6,1153.01,4612.02
1294,Keith Johnson,karensteele@example.net,0.594,16,9,7,3975.12,35776.07
1295,Samuel Mcintosh,anolan@example.net,0.975,9,8,1,1362.48,10899.84
1296,Heather Smith,grussell@example.net,0.946,11,10,1,4927.76,49277.62
1297,Thomas Barrera,xkeith@example.net,0.857,36,30,6,1321.32,39639.7
1298,Carmen Long MD,buchanandanielle@example.com,0.649,22,14,8,504.97,7069.6
1299,Christopher Hale,danielle54@example.com,0.738,42,30,12,2194.37,65831.05
1300,Mary Dudley,brianadams@example.net,0.773,6,4,2,1657.87,6631.5
1301,Samuel Landry,lthornton@example.org,0.861,4,3,1,695.1,2085.31
1302,Donald Roberson,johnwood@example.com,0.747,36,26,10,805.74,20949.15
1303,Nicholas Giles,pamela71@example.net,0.868,49,42,7,2508.52,105357.83
1304,Noah Moore,peterjohnson@example.net,0.922,35,32,3,4936.14,157956.63
1305,Rebecca Williams,matthew96@example.org,0.88,6,5,1,4915.47,24577.37
1306,Tammy Thomas,obrienkelsey@example.com,0.833,29,24,5,4979.85,119516.43
1307,Cesar Gonzales,amymorgan@example.net,0.847,10,8,2,294.68,2357.47
1308,Robert Cunningham,collinsdiane@example.org,0.793,16,12,4,3837.13,46045.53
1309,Paul Martinez,ashleychen@example.org,0.676,35,23,12,4668.31,107371.16
1310,Tiffany Barber,fhorton@example.net,0.697,1,0,1,480.98,0.0
1311,Cheryl Henderson,vaustin@example.com,0.743,37,27,10,4510.99,121796.85
1312,Miranda Ali,jonathan49@example.org,0.828,47,38,9,1616.52,61427.86
1313,Maria Stewart,jennifer80@example.org,0.749,35,26,9,1840.95,47864.83
1314,Nicole Ruiz,danielalvarado@example.com,0.708,6,4,2,221.62,886.49
1315,Kenneth Cochran,pferguson@example.net,0.963,32,30,2,2830.5,84915.1
1316,Lisa Jacobs,ccruz@example.com,0.685,17,11,6,1774.73,19522.08
1317,Pamela Mullins,anne41@example.com,0.862,3,2,1,1237.45,2474.9
1318,Stephanie Rodriguez,snyderlinda@example.org,0.731,40,29,11,824.13,23899.65
1319,Cheryl Griffith,brandi68@example.org,0.714,12,8,4,305.54,2444.28
1320,Katie Smith,christinalara@example.com,0.35,14,4,10,2574.82,10299.28
1321,John Edwards,edwardhobbs@example.com,0.489,31,15,16,877.33,13159.89
1322,Holly Pennington,zharris@example.org,0.862,19,16,3,1781.01,28496.24
1323,Angela Simmons,donaldneal@example.org,0.707,13,9,4,4508.14,40573.24
1324,Donald Jennings,kathryn18@example.net,0.641,37,23,14,3902.35,89754.08
1325,Dustin Smith,david50@example.com,0.469,41,19,22,297.35,5649.56
1326,Isaac Campos,bobby95@example.com,0.96,1,0,1,1165.46,0.0
1327,Ashley Meyer,ryanesparza@example.com,0.866,42,36,6,4932.43,177567.44
1328,Vicki Nelson,matthewrivers@example.org,0.549,44,24,20,484.27,11622.52
1329,Susan Hicks,brivas@example.org,0.853,37,31,6,512.0,15872.12
1330,Gerald Guerra,sgeorge@example.net,0.642,6,3,3,2257.59,6772.77
1331,Jesse Garrett,rwatts@example.com,0.975,24,23,1,2534.59,58295.48
1332,Ashley Hall,jillsalazar@example.com,0.761,27,20,7,328.05,6560.97
1333,Lori Thompson,tmarsh@example.net,0.693,14,9,5,4819.05,43371.49
1334,Courtney Dean,laura49@example.com,0.541,19,10,9,1553.26,15532.62
1335,Sonya Brown,carterjulie@example.net,0.774,6,4,2,3205.64,12822.54
1336,Sergio Pennington,blackwellemily@example.org,0.722,7,5,2,742.88,3714.39
1337,Paul Morales,rebeccakelley@example.com,0.964,35,33,2,2450.33,80860.92
1338,Daniel Clark,rodriguezdavid@example.org,0.596,18,10,8,1755.1,17551.01
1339,Russell Jones,cassielynn@example.org,0.243,13,3,10,3056.22,9168.67
1340,Aaron Nelson,dylan33@example.com,0.882,36,31,5,1042.88,32329.3
1341,Andrew Wright,ashleyjohnson@example.com,0.956,48,45,3,4792.81,215676.5
1342,Lisa Navarro,ndavis@example.net,0.796,39,31,8,4195.99,130075.81
1343,Robert West,kayla31@example.com,0.874,1,0,1,1851.56,0.0
1344,Patrick Carter,olsonjustin@example.org,0.611,8,4,4,2939.28,11757.12
1345,Vickie Burton,jjohnson@example.com,0.767,32,24,8,4557.79,109386.93
1346,Dawn Gomez,worozco@example.org,0.742,13,9,4,1681.44,15132.93
1347,William Singleton,xthomas@example.net,0.755,40,30,10,2586.57,77597.15
1348,Joy Thomas,reillycourtney@example.org,0.695,20,13,7,2186.85,28428.99
1349,Jeanne Wilkinson,jonesmolly@example.org,0.517,44,22,22,3507.72,77169.92
1350,John Wallace,willie83@example.org,0.495,13,6,7,4735.93,28415.56
1351,Ryan Smith,fischerbrandy@example.net,0.936,8,7,1,3765.91,26361.4
1352,Ryan Sharp,justingonzalez@example.com,0.82,30,24,6,685.23,16445.41
1353,Nathan Gilbert,wparker@example.com,0.799,44,35,9,1553.3,54365.4
1354,Angela Robinson,lynchmegan@example.org,0.73,26,18,8,2708.35,48750.29
1355,Patricia Osborne,ncarpenter@example.org,0.78,9,7,2,2213.67,15495.66
1356,Mark Lucero,brittany82@example.org,0.601,27,16,11,1580.24,25283.84
1357,Patricia Garcia MD,gonzaleslawrence@example.com,0.886,3,2,1,2237.57,4475.13
1358,Ashley Carr,wrasmussen@example.net,0.641,22,14,8,4847.4,67863.57
1359,Katherine Burke,choidonald@example.net,0.687,39,26,13,1732.72,45050.75
1360,Luis Bush,stephen23@example.net,0.659,21,13,8,3374.53,43868.89
1361,Ryan Gonzalez,hilltyler@example.org,0.438,21,9,12,3464.22,31177.99
1362,Evelyn Reed,jill18@example.net,0.507,47,23,24,1047.89,24101.39
1363,Gary Schroeder,bonniebarker@example.org,0.61,24,14,10,3363.95,47095.25
1364,Martin Kramer,tanya63@example.org,0.582,12,6,6,754.49,4526.92
1365,Linda Crawford,qbell@example.net,0.76,15,11,4,2146.97,23616.7
1366,Beth Harper,johnsonmichael@example.org,0.748,29,21,8,3387.93,71146.6
1367,Paul Reyes,jacobscraig@example.com,0.78,4,3,1,4519.57,13558.7
1368,Morgan Baker,igibson@example.com,0.886,4,3,1,1153.52,3460.57
1369,Anthony Dillon,oneal@example.com,0.362,28,10,18,1495.87,14958.73
1370,Patricia Lucas,joyceaustin@example.com,0.642,23,14,9,3924.69,54945.64
1371,Darren Hines,waynewest@example.com,0.962,38,36,2,2133.87,76819.4
1372,Gregory Ross,xpowell@example.com,0.727,9,6,3,1960.67,11764.01
1373,James Arnold,ryancarlson@example.org,0.848,30,25,5,942.49,23562.18
1374,Brian Rodriguez,perezjose@example.org,0.475,10,4,6,4411.95,17647.79
1375,Mary Holt,christopher49@example.com,0.695,12,8,4,3843.33,30746.68
1376,Allison Peters,wayne71@example.org,0.82,28,22,6,2612.23,57469.03
1377,Jordan Herman,rstephens@example.org,0.752,26,19,7,1560.61,29651.66
1378,Daniel Jackson,susan14@example.com,0.87,45,39,6,1588.13,61936.96
1379,Anthony Anderson,joejohnson@example.com,0.816,47,38,9,1919.09,72925.61
1380,Michele Carpenter,stephaniefigueroa@example.org,0.681,49,33,16,2355.91,77745.08
1381,Abigail Burke,dunlapstephanie@example.org,0.392,11,4,7,3886.24,15544.96
1382,Deanna Savage,davismegan@example.net,0.846,4,3,1,2778.41,8335.24
1383,Alexandria Callahan,silvasydney@example.com,0.959,8,7,1,4812.9,33690.3
1384,Carolyn Garcia,riverazachary@example.com,0.475,19,9,10,4746.42,42717.77
1385,Crystal Manning,tina96@example.org,0.878,16,14,2,2598.59,36380.22
1386,James White,johnny94@example.com,0.781,13,10,3,4079.15,40791.54
1387,Manuel Bentley,kwalsh@example.com,0.893,4,3,1,3312.93,9938.79
1388,Robert Howard,thompsondennis@example.com,0.749,33,24,9,1466.27,35190.46
1389,Katherine Norman,vvega@example.org,0.84,20,16,4,2195.26,35124.17
1390,Deborah Alvarez,zcasey@example.org,0.583,33,19,14,1460.64,27752.19
1391,James Lara,campbelldonna@example.net,0.846,40,33,7,3260.97,107612.13
1392,David Smith,kpalmer@example.com,0.85,19,16,3,4257.08,68113.32
1393,Sean Walsh,hhoward@example.com,0.835,17,14,3,3477.09,48679.27
1394,James Romero,alexandra22@example.org,0.697,49,34,15,1230.77,41846.3
1395,Anna Todd,ywood@example.org,0.754,8,6,2,2380.0,14280.02
1396,Sarah Wood,sarahmckay@example.org,0.759,8,6,2,2245.35,13472.12
1397,Kristina Kaiser,millermarcus@example.com,0.741,12,8,4,2622.75,20982.0
1398,Laurie Aguilar,janet66@example.com,0.515,27,13,14,1934.08,25143.02
1399,Erik Dixon,kimberlybass@example.net,0.88,39,34,5,294.13,10000.44
1400,Matthew Jones,sturner@example.com,0.471,22,10,12,536.57,5365.67
1401,Stephanie Jones,teresahill@example.com,0.794,22,17,5,2174.77,36971.13
1402,Eric Miranda,catherinesmith@example.net,0.476,26,12,14,985.06,11820.77
1403,Brandy Nicholson,charlotteadams@example.net,0.933,31,28,3,621.31,17396.68
1404,Tonya Austin,eric53@example.com,0.753,32,24,8,1910.66,45855.72
1405,Lisa Lewis,fwagner@example.org,0.173,44,7,37,1439.67,10077.68
1406,Shane Duncan,joshua31@example.org,0.759,14,10,4,3885.73,38857.32
1407,Mark Kim,thomascasey@example.net,0.886,33,29,4,1612.61,46765.69
1408,Karen Frank,nelsonkenneth@example.net,0.788,39,30,9,602.59,18077.82
1409,Rachel Ramirez,johnkeller@example.net,0.939,33,30,3,3000.43,90012.77
1410,Colleen Leonard,rossdonald@example.com,0.822,45,37,8,401.03,14837.96
1411,Dustin Sanchez,kwalton@example.com,0.88,13,11,2,4297.42,47271.66
1412,Mr. Richard Hawkins,jonescynthia@example.org,0.822,19,15,4,2657.69,39865.31
1413,Warren Salinas,debra76@example.com,0.841,24,20,4,2512.82,50256.38
1414,William Green,vortiz@example.com,0.769,41,31,10,2380.29,73789.1
1415,Matthew Flores,garciacarolyn@example.com,0.848,11,9,2,3537.1,31833.92
1416,Miguel Stevens,mcampbell@example.net,0.978,35,34,1,3638.5,123709.05
1417,Sabrina Hunter,sferguson@example.com,0.741,11,8,3,655.44,5243.55
1418,Stacy Gordon,stevennorris@example.org,0.871,42,36,6,4704.14,169348.88
1419,Joshua Cunningham,smithbarbara@example.net,0.618,6,3,3,3550.96,10652.88
1420,Timothy Wheeler,jenniferdavis@example.org,0.724,31,22,9,4274.2,94032.36
1421,Margaret Smith,kayla07@example.org,0.952,33,31,2,560.45,17373.93
1422,Alyssa Weaver,lawrencepope@example.com,0.639,20,12,8,1945.08,23340.95
1423,Veronica Thomas,jason66@example.net,0.806,38,30,8,4934.79,148043.62
1424,Cindy Miles,tracy10@example.org,0.709,40,28,12,4187.31,117244.68
1425,Charles Blevins,kevin17@example.org,0.765,37,28,9,3334.37,93362.22
1426,Tyler Simmons,adam82@example.org,0.852,25,21,4,792.63,16645.13
1427,Donna Harrell,andrewlandry@example.com,0.693,38,26,12,3125.34,81258.77
1428,Erik Dominguez,janicemiller@example.org,0.624,34,21,13,3827.8,80383.76
1429,David Hernandez,kwilliams@example.org,0.875,5,4,1,4667.88,18671.51
1430,James Morales,swalker@example.org,0.939,24,22,2,3857.06,84855.3
1431,Laurie Curry,douglas54@example.org,0.729,42,30,12,4295.23,128856.91
1432,Jeffery Williams,patelthomas@example.org,0.946,25,23,2,3920.77,90177.77
1433,Erin Cox,melissa63@example.com,0.543,23,12,11,758.94,9107.26
1434,Warren Hernandez,eduardohowell@example.org,0.433,41,17,24,3530.46,60017.78
1435,Kurt Jackson,johnsonkelly@example.org,0.706,9,6,3,3313.74,19882.42
1436,Jason Rivera,uwilson@example.com,0.525,14,7,7,4211.46,29480.25
1437,Richard Miller,parcher@example.net,0.464,4,1,3,2487.53,2487.53
1438,Brooke Brown,emily28@example.net,0.741,15,11,4,3224.17,35465.83
1439,Douglas Nguyen,kgordon@example.org,0.716,23,16,7,3851.26,61620.21
1440,Judy Lewis,wardedward@example.net,0.238,46,10,36,556.38,5563.85
1441,Jennifer Davidson,johnsonjenny@example.com,0.875,23,20,3,2760.9,55218.06
1442,Erin Chang,wharris@example.net,0.801,7,5,2,800.38,4001.88
1443,Yolanda Edwards,wrightsusan@example.com,0.913,20,18,2,2698.74,48577.3
1444,Lisa Martin,fweaver@example.net,0.384,1,0,1,897.37,0.0
1445,Samantha Greene,danielwatkins@example.com,0.847,30,25,5,2275.31,56882.72
1446,Sharon Morris,joe48@example.org,0.764,14,10,4,4986.42,49864.17
1447,Brian Woods,christinamitchell@example.org,0.702,46,32,14,1165.63,37300.17
1448,Karla Hall,katie10@example.com,0.657,16,10,6,1054.5,10544.98
1449,Carrie Dalton,jason66@example.org,0.738,34,25,9,1477.92,36948.02
1450,Joseph Alvarez,tsmith@example.com,0.674,34,22,12,3964.1,87210.17
1451,Erica Horne,brookstonya@example.org,0.807,32,25,7,4014.47,100361.67
1452,Cheryl Waters,jeremycasey@example.net,0.563,5,2,3,4051.81,8103.61
1453,Steve Bradshaw,swilson@example.org,0.758,10,7,3,3570.39,24992.72
1454,Timothy Keller,rayphillip@example.net,0.786,23,18,5,2694.41,48499.31
1455,Michael Friedman,ajones@example.org,0.922,23,21,2,850.01,17850.22
1456,Nathaniel Zhang,rachel70@example.org,0.697,45,31,14,1474.93,45722.69
1457,Ronnie Lee,juareztiffany@example.com,0.799,27,21,6,2483.14,52146.03
1458,Michael Vasquez,xnelson@example.net,0.513,1,0,1,4486.41,0.0
1459,Robert Flynn,hmorris@example.net,0.432,17,7,10,1374.16,9619.11
1460,Jessica Mcclure,haley27@example.com,0.959,33,31,2,4020.38,124631.88
1461,Heather Skinner,yolandawilliams@example.org,0.829,10,8,2,1152.19,9217.51
1462,Carlos Kim,arodriguez@example.com,0.604,31,18,13,2639.19,47505.35
1463,Diana Michael,fsantiago@example.org,0.674,34,22,12,846.97,18633.38
1464,Gary Saunders,courtneyreed@example.org,0.789,5,3,2,1727.62,5182.87
1465,Darlene Harrell,eharris@example.net,0.865,14,12,2,1969.1,23629.2
1466,Joseph Cameron,zbarr@example.org,0.702,1,0,1,833.92,0.0
1467,Joseph Clark,codyharrison@example.net,0.823,17,13,4,1514.79,19692.29
1468,Stephanie Proctor,delacruzjohn@example.net,0.623,48,29,19,429.44,12453.72
1469,Allison Dudley,wheelerwesley@example.org,0.74,9,6,3,3660.29,21961.72
1470,Larry Hill,wanderson@example.org,0.625,12,7,5,2781.31,19469.16
1471,Lisa Martin,walkermaria@example.org,0.747,48,35,13,2658.61,93051.45
1472,Rita Yang,johnmendoza@example.net,0.67,35,23,12,2998.49,68965.26
1473,Richard Peterson,kathryn18@example.com,0.82,24,19,5,2366.83,44969.78
1474,Jeffrey Garcia,laurarasmussen@example.com,0.874,4,3,1,2754.17,8262.5
1475,Joan Smith,donna66@example.org,0.813,6,4,2,2352.16,9408.65
1476,Jacob Norman,rittermatthew@example.com,0.741,23,17,6,2379.66,40454.28
1477,Ashley Singleton,phuffman@example.com,0.435,27,11,16,3511.83,38630.12
1478,Jessica Peck,sstephens@example.org,0.925,21,19,2,1337.51,25412.61
1479,James Garza,michaelromero@example.org,0.626,27,16,11,403.21,6451.29
1480,Michael Hoover,vickijones@example.net,0.461,26,11,15,1362.54,14987.94
1481,Rebecca Carlson,obecker@example.com,0.852,15,12,3,2286.36,27436.26
1482,William Hansen,julieortiz@example.org,0.724,48,34,14,1544.64,52517.89
1483,Justin Watts,zachary94@example.org,0.812,16,12,4,2029.28,24351.39
1484,Mark Buckley,adrianfox@example.com,0.433,47,20,27,4984.03,99680.57
1485,Laura Berry,molly39@example.com,0.591,48,28,20,4262.33,119345.14
1486,Regina Fowler,kennethhoward@example.net,0.592,36,21,15,4017.04,84357.83
1487,Brett King,chambersjanice@example.org,0.658,5,3,2,4403.44,13210.33
1488,Michelle Munoz,gonzalesconnie@example.net,0.783,8,6,2,507.61,3045.64
1489,Natalie Morales,zleonard@example.org,0.862,7,6,1,1886.51,11319.05
1490,Christopher Gibson,bellmichelle@example.org,0.862,24,20,4,679.67,13593.46
1491,Martha Martin,joshua73@example.org,0.498,18,8,10,3157.84,25262.75
1492,Nicole Mullen,tinamorris@example.org,0.762,16,12,4,3824.33,45891.93
1493,Tina Rose,sgriffin@example.com,0.851,48,40,8,4550.68,182027.16
1494,James Johnson,ricerobert@example.com,0.595,6,3,3,1690.88,5072.65
1495,John Schneider,wilsonyvette@example.net,0.9,3,2,1,479.83,959.65
1496,Nancy May,uatkins@example.org,0.639,26,16,10,1296.36,20741.81
1497,Sean Waters,jonathanking@example.org,0.537,44,23,21,1062.12,24428.8
1498,Dr. Brian Thomas,jamietucker@example.com,0.551,21,11,10,1131.17,12442.88
1499,Tiffany Perez,jonathanroth@example.org,0.952,32,30,2,3153.1,94592.86
1500,Taylor Wood,lvaughn@example.net,0.932,12,11,1,562.66,6189.28
1501,Cheryl Martinez,turnerpeter@example.org,0.912,36,32,4,341.49,10927.57
1502,Melanie Gonzalez,ymccall@example.org,0.598,16,9,7,1476.68,13290.08
1503,Jessica Smith,wpope@example.com,0.8,27,21,6,2790.16,58593.28
1504,Michael Carpenter,saraoconnor@example.org,0.97,3,2,1,2887.49,5774.97
1505,William Richards,kruegerbecky@example.net,0.827,21,17,4,460.5,7828.53
1506,Troy Olson,traceygibson@example.net,0.56,49,27,22,729.89,19707.09
1507,Jodi Long,william82@example.net,0.659,38,25,13,4203.8,105095.05
1508,Olivia Pacheco,laurenhill@example.com,0.577,13,7,6,4755.58,33289.07
1509,Sara Moore,martincory@example.com,0.455,34,15,19,1511.98,22679.68
1510,April Cross,frederickdavis@example.com,0.874,22,19,3,3682.73,69971.82
1511,Brian Tyler,grace42@example.net,0.558,23,12,11,4866.4,58396.8
1512,Robert Gross,katherinelucas@example.org,0.765,14,10,4,1729.75,17297.47
1513,Philip Forbes,millerchristian@example.net,0.933,10,9,1,2024.94,18224.42
1514,Cynthia Lee,fsweeney@example.com,0.647,21,13,8,2351.49,30569.43
1515,Connor Meyers,rjohnson@example.com,0.932,45,41,4,4564.47,187143.36
1516,Amy Willis DDS,christopherlane@example.org,0.403,33,13,20,1193.53,15515.95
1517,Gary Hall,jacksoncarla@example.net,0.733,10,7,3,237.36,1661.54
1518,Melissa Rodriguez,hillderek@example.com,0.649,16,10,6,2615.67,26156.67
1519,Shannon Dillon,uroberts@example.org,0.413,28,11,17,3305.94,36365.3
1520,Ashley Gilmore,jaimecantrell@example.org,0.682,48,32,16,4905.99,156991.65
1521,Brian Preston,gdrake@example.org,0.69,48,33,15,564.18,18618.07
1522,Marcus Hatfield,tamaraliu@example.com,0.898,48,43,5,1525.21,65584.17
1523,Gregory Patel,brian45@example.net,0.784,27,21,6,1566.13,32888.71
1524,Johnny Gilbert,kenneth92@example.net,0.458,34,15,19,575.72,8635.76
1525,Doris Peterson,celliott@example.com,0.579,11,6,5,3244.37,19466.2
1526,Francis Robles,tstewart@example.net,0.683,32,21,11,1593.41,33461.69
1527,Randall Patterson,wbrown@example.net,0.899,12,10,2,4781.35,47813.49
1528,Stephanie Snyder,christina97@example.net,0.296,42,12,30,1520.61,18247.36
1529,Daniel Williams,williamwilliams@example.com,0.79,49,38,11,3515.36,133583.87
1530,Timothy Green,jeremyphillips@example.net,0.934,26,24,2,4247.66,101943.79
1531,Taylor Giles,coxkimberly@example.org,0.476,1,0,1,446.4,0.0
1532,Alexander Pittman,rosssherri@example.org,0.502,10,5,5,951.91,4759.54
1533,Debra Curtis,matthew80@example.org,0.91,13,11,2,4730.19,52032.05
1534,Todd Johnson,lindsey69@example.net,0.695,40,27,13,3367.05,90910.43
1535,Lynn Barnes,tthomas@example.com,0.469,23,10,13,2002.39,20023.93
1536,Joseph Scott,achandler@example.org,0.847,9,7,2,2695.99,18871.94
1537,Connor Boone,aaron24@example.org,0.671,15,10,5,4106.38,41063.8
1538,Mark Harvey,kerrchristopher@example.org,0.433,24,10,14,2140.26,21402.56
1539,Tammy Walker,fitzpatrickvincent@example.net,0.826,24,19,5,1114.19,21169.68
1540,Melissa Lawrence,sallyvaldez@example.net,0.833,3,2,1,2900.68,5801.35
1541,Lauren Stout,benjaminnorton@example.net,0.737,37,27,10,3504.19,94613.25
1542,Corey Ochoa,joshuaferguson@example.org,0.811,38,30,8,288.92,8667.54
1543,Ashley Simon,jesuswalter@example.com,0.709,10,7,3,648.65,4540.52
1544,Beverly Coleman,ronaldsmith@example.org,0.59,29,17,12,3031.21,51530.49
1545,Sara Grant,xhurley@example.org,0.82,10,8,2,3555.71,28445.68
1546,Julian Carpenter,shawn08@example.com,0.61,3,1,2,4122.84,4122.84
1547,David Adams,william47@example.com,0.471,22,10,12,766.66,7666.62
1548,Ashlee Lee,bennettcynthia@example.org,0.817,19,15,4,2385.53,35782.93
1549,Timothy Cook,alicialong@example.net,0.399,2,0,2,4750.66,0.0
1550,Marcus Martinez,uchavez@example.org,0.845,17,14,3,558.38,7817.26
1551,Russell Mitchell,beth40@example.org,0.649,1,0,1,4210.74,0.0
1552,Amber Mathews,sanderskenneth@example.com,0.656,21,13,8,1193.2,15511.57
1553,Anita Johnson,josephgray@example.org,0.6,47,28,19,3947.52,110530.48
1554,Gabriella Russell,njones@example.org,0.896,22,19,3,4836.03,91884.5
1555,Elizabeth Brown,jwebb@example.com,0.609,40,24,16,904.65,21711.55
1556,Edgar Williams,jillhill@example.com,0.704,25,17,8,3648.61,62026.35
1557,Steven Hogan,tgarza@example.org,0.481,46,22,24,982.0,21603.99
1558,Lori Burns,perkinsjonathan@example.com,0.969,36,34,2,864.22,29383.38
1559,Lori Ellis,reedamber@example.org,0.467,18,8,10,3687.61,29500.89
1560,Melissa Simpson,brian68@example.com,0.86,38,32,6,358.29,11465.26
1561,Brian Patel,phillipsbenjamin@example.org,0.653,14,9,5,1672.61,15053.51
1562,Jacob Massey,nicholas55@example.net,0.71,4,2,2,4929.3,9858.59
1563,Ashley Casey,wblair@example.com,0.737,9,6,3,209.27,1255.64
1564,Ruben Johnson,isaac94@example.org,0.637,8,5,3,3243.46,16217.32
1565,Rodney Dudley,curtishall@example.net,0.862,19,16,3,2760.3,44164.73
1566,Joseph Payne,johnny25@example.com,0.511,36,18,18,1953.17,35157.1
1567,Paul Leon,vhale@example.com,0.92,20,18,2,3362.56,60526.08
1568,Eric Adams,iprice@example.com,0.697,20,13,7,2683.53,34885.84
1569,Daniel Villegas,derekbrown@example.net,0.681,30,20,10,4863.12,97262.48
1570,Shane Brown,kathryn13@example.net,0.819,7,5,2,3201.02,16005.08
1571,David Hunter,walkertara@example.org,0.613,27,16,11,1608.3,25732.82
1572,Melissa Singleton,rosscraig@example.com,0.698,42,29,13,1894.42,54938.26
1573,Devin King,ajohnson@example.org,0.746,19,14,5,4903.93,68655.07
1574,Rebecca Weiss,ricefelicia@example.com,0.608,2,1,1,2164.86,2164.86
1575,Heather Stephenson,jennabean@example.com,0.9,46,41,5,1611.39,66067.01
1576,Alyssa Smith,huffregina@example.com,0.613,28,17,11,3300.57,56109.64
1577,Lisa Richard,crystallowe@example.net,0.79,8,6,2,1812.66,10875.94
1578,Alexis Montgomery,myersashley@example.net,0.868,6,5,1,4068.88,20344.4
1579,Mary Henderson,alanvasquez@example.com,0.644,28,18,10,1185.31,21335.5
1580,Teresa Cross,phillipsandoval@example.com,0.558,23,12,11,479.21,5750.46
1581,Alyssa Chambers,crystal66@example.com,0.912,34,31,3,2900.81,89925.23
1582,Kelly Mendez,johnsonjames@example.net,0.417,48,19,29,1620.45,30788.48
1583,Wendy Hancock,qclark@example.net,0.654,16,10,6,4011.49,40114.91
1584,Kara Vance,tshields@example.com,0.675,36,24,12,2188.68,52528.32
1585,Richard Hamilton,dawndixon@example.org,0.473,23,10,13,4559.31,45593.1
1586,Kevin Lopez,jillianrodriguez@example.com,0.936,22,20,2,4749.62,94992.34
1587,Tara Allen,michael43@example.net,0.893,49,43,6,3103.72,133459.78
1588,Jack Hernandez,maria69@example.net,0.888,47,41,6,3497.05,143379.18
1589,David Lawrence,heatherburns@example.com,0.645,18,11,7,214.98,2364.82
1590,Rick King,ashleystuart@example.net,0.527,39,20,19,4155.11,83102.12
1591,Frank Bell,ritajones@example.net,0.658,34,22,12,2654.89,58407.68
1592,Heather Saunders DVM,deckervanessa@example.net,0.339,20,6,14,4026.34,24158.07
1593,Natalie Salazar,tonya04@example.net,0.578,41,23,18,1323.34,30436.71
1594,Jordan Lewis,willismatthew@example.net,0.744,38,28,10,1939.67,54310.78
1595,Christopher Smith,loripitts@example.com,0.96,11,10,1,2925.57,29255.75
1596,Rachel Perry,yjacobson@example.com,0.764,34,25,9,2529.66,63241.39
1597,Joshua Hernandez,patrickhuffman@example.net,0.72,20,14,6,3392.64,47496.93
1598,Stephen Adkins,mejiamelissa@example.net,0.759,47,35,12,1608.27,56289.47
1599,Michelle Obrien,transherry@example.com,0.806,42,33,9,2528.35,83435.4
1600,Stephanie Duncan MD,moorecatherine@example.com,0.856,37,31,6,1401.18,43436.65
1601,Jennifer Lee,lberg@example.net,0.855,27,23,4,2487.8,57219.31
1602,Nicholas Medina,jeremy40@example.org,0.771,48,37,11,3862.25,142903.36
1603,James Williams,tharris@example.com,0.752,31,23,8,267.58,6154.39
1604,Kyle Lee,abolton@example.com,0.911,26,23,3,3796.33,87315.69
1605,Ronald Ortega,kathleenrosales@example.org,0.74,16,11,5,4578.7,50365.72
1606,Sandra Cooper,kelly85@example.com,0.542,49,26,23,4882.73,126951.07
1607,Anthony Byrd,xjohnson@example.com,0.889,45,40,5,678.71,27148.35
1608,David Herring,jennifergarcia@example.net,0.697,8,5,3,2452.59,12262.96
1609,Paul Ortega,danielvincent@example.net,0.726,16,11,5,4447.4,48921.35
1610,Michael Johnson,morganbrown@example.org,0.566,45,25,20,1101.09,27527.37
1611,Traci Owen,wdouglas@example.com,0.615,8,4,4,3573.4,14293.59
1612,Carolyn Dennis,eriksmith@example.net,0.604,35,21,14,4491.46,94320.7
1613,Darren Fuller,erin38@example.net,0.405,36,14,22,3238.54,45339.54
1614,Brenda Fox,cbrown@example.net,0.457,15,6,9,3651.16,21906.98
1615,Tiffany Patterson,browndarren@example.net,0.464,20,9,11,3835.02,34515.17
1616,Benjamin Christian,melissa00@example.net,0.782,9,7,2,4897.18,34280.23
1617,Krista Ward,thomas07@example.org,0.657,36,23,13,1007.08,23162.78
1618,Jose Martinez,chanjonathan@example.com,0.696,20,13,7,1268.5,16490.47
1619,Miranda Patel,clarkscott@example.com,0.944,17,16,1,2869.05,45904.83
1620,Dr. Mary May,garcialatoya@example.com,0.456,32,14,18,4798.99,67185.85
1621,Jaime Freeman,paulbaker@example.net,0.641,2,1,1,4264.56,4264.56
1622,Nicole Gonzalez,grivers@example.net,0.884,4,3,1,3201.04,9603.13
1623,Michael Leblanc,kingpaul@example.net,0.908,13,11,2,2452.65,26979.2
1624,Beth Watts,dillon66@example.net,0.514,27,13,14,4302.78,55936.16
1625,Lindsay Kelly,lwheeler@example.net,0.829,48,39,9,454.98,17744.18
1626,Loretta Fox,harrismaria@example.net,0.916,17,15,2,829.38,12440.73
1627,Kristine Adams,burgessheather@example.org,0.618,22,13,9,4594.29,59725.76
1628,Jennifer Huffman MD,deborahdaugherty@example.net,0.958,22,21,1,2416.81,50752.91
1629,Lindsay Brady,vyates@example.org,0.66,15,9,6,3860.73,34746.59
1630,Scott Oliver,scottbowman@example.org,0.327,39,12,27,2785.2,33422.4
1631,Julie Hamilton,patriciabeasley@example.net,0.836,47,39,8,4398.57,171544.21
1632,Justin Briggs DDS,misty74@example.com,0.75,36,27,9,3463.9,93525.22
1633,Diane Hicks,zhart@example.net,0.682,23,15,8,1324.13,19862.0
1634,Brandon Page,wthompson@example.net,0.574,5,2,3,4817.49,9634.99
1635,Robert Moreno,vhenderson@example.com,0.627,23,14,9,4285.8,60001.14
1636,Mark Lee,terryrodriguez@example.org,0.75,29,21,8,3188.08,66949.6
1637,Todd Thompson,sototammy@example.org,0.964,3,2,1,1343.78,2687.56
1638,Tamara Mccall,kruegerjose@example.com,0.362,1,0,1,1456.41,0.0
1639,Susan Martinez,pgonzalez@example.net,0.439,6,2,4,4849.72,9699.44
1640,Gregory Cervantes,richardsjason@example.com,0.813,7,5,2,2821.27,14106.37
1641,Christopher Thompson,rbutler@example.org,0.918,31,28,3,822.86,23040.04
1642,Justin Combs,rwallace@example.com,0.656,21,13,8,1413.98,18381.7
1643,Mark Perry,christine60@example.com,0.8,30,24,6,2606.7,62560.87
1644,Mrs. Barbara Medina MD,cardenasstephanie@example.com,0.676,6,4,2,624.5,2498.0
1645,Jodi Mitchell,harrislauren@example.net,0.797,19,15,4,4900.46,73506.85
1646,Jeremy Moore,nmolina@example.net,0.905,28,25,3,3007.96,75199.01
1647,Michael Hernandez,ryansmith@example.org,0.722,33,23,10,718.99,16536.82
1648,Steven Franklin,hgibson@example.com,0.671,11,7,4,3356.33,23494.3
1649,Amanda Ramirez,johamilton@example.net,0.61,36,21,15,2812.07,59053.56
1650,Lisa Brennan,fcarter@example.net,0.795,3,2,1,1966.33,3932.66
1651,Steve Miller,danielwatson@example.org,0.813,31,25,6,4559.64,113991.03
1652,Kristin Cordova,lorihill@example.net,0.777,44,34,10,585.62,19910.98
1653,Jennifer Harrison,edward46@example.net,0.485,16,7,9,337.43,2362.01
1654,Brian Hopkins,sellis@example.com,0.795,15,11,4,2843.57,31279.25
1655,Jeremy Smith,longrobert@example.net,0.946,19,17,2,998.79,16979.41
1656,Travis Smith,haysann@example.org,0.534,30,16,14,2131.74,34107.79
1657,Michael Adams,mckayluis@example.com,0.846,14,11,3,4651.63,51167.93
1658,Danny Miller,zacharydavila@example.com,0.162,14,2,12,4141.33,8282.66
1659,Sherri Rivas,burtonsamuel@example.com,0.679,38,25,13,952.2,23805.12
1660,Stacy Perez,qsmith@example.net,0.58,33,19,14,210.28,3995.25
1661,Richard Johnson,bhill@example.org,0.868,21,18,3,1952.12,35138.19
1662,William Lester,ystone@example.net,0.908,26,23,3,4018.22,92419.0
1663,Jessica Holmes,kwilliams@example.net,0.672,43,28,15,4488.53,125678.8
1664,Amanda Garza,billy11@example.com,0.793,8,6,2,4755.09,28530.55
1665,Sean Sullivan,smithbrandon@example.net,0.913,32,29,3,1576.62,45721.97
1666,Daniel Vaughn,kelly00@example.org,0.833,11,9,2,934.94,8414.5
1667,Jessica Garcia,davidfernandez@example.org,0.644,47,30,17,2901.92,87057.57
1668,Jennifer Miller,marissarowe@example.net,0.856,45,38,7,3549.43,134878.18
1669,Elizabeth Buckley,nstewart@example.org,0.464,38,17,21,2502.9,42549.34
1670,Alicia Simon,lgarcia@example.com,0.611,43,26,17,4265.23,110895.94
1671,Cynthia Harris,ljordan@example.net,0.697,29,20,9,4557.87,91157.5
1672,Christopher Rivera,barrettlori@example.net,0.749,39,29,10,4149.2,120326.8
1673,Dawn Evans,romerolinda@example.org,0.659,30,19,11,3637.25,69107.73
1674,Maria Wolfe,markroth@example.com,0.928,18,16,2,3080.87,49293.97
1675,Carl Morales,sanchezaaron@example.net,0.832,46,38,8,1408.58,53526.21
1676,Erica Hernandez,juanjohnson@example.net,0.729,14,10,4,298.36,2983.62
1677,Roger Rubio,timothynguyen@example.net,0.791,40,31,9,1930.56,59847.3
1678,Julia Brown,katherine07@example.net,0.535,19,10,9,1200.13,12001.32
1679,Sharon Green,kari41@example.com,0.814,48,39,9,1906.1,74337.75
1680,Alexandra Weiss,perkinscory@example.org,0.914,30,27,3,3111.32,84005.75
1681,Rita Dudley,jessicafarley@example.net,0.55,49,26,23,1330.26,34586.83
1682,Amanda Medina,kjackson@example.org,0.888,45,39,6,2420.3,94391.85
1683,Rebecca Vargas,itanner@example.org,0.777,41,31,10,1726.45,53519.84
1684,Mary Evans,pacescott@example.org,0.492,16,7,9,522.55,3657.84
1685,Natalie Mclean,bernardspencer@example.org,0.867,15,13,2,3305.34,42969.47
1686,Gabrielle Johnson,awheeler@example.net,0.887,26,23,3,4718.04,108514.9
1687,Susan Hill,carla33@example.net,0.727,30,21,9,347.76,7302.94
1688,Jose King,robert60@example.net,0.696,48,33,15,4019.39,132639.94
1689,Sarah Evans,peggy18@example.org,0.671,48,32,16,3742.17,119749.6
1690,Randy Moody,kimberly60@example.net,0.734,23,16,7,2574.03,41184.49
1691,Nicole Shannon,aguilarjason@example.com,0.878,23,20,3,3000.25,60005.08
1692,Jennifer Armstrong,wallslisa@example.org,0.497,28,13,15,2935.92,38166.93
1693,Dawn Mata,anthonybrown@example.org,0.748,13,9,4,4656.91,41912.15
1694,Joseph Waters,joseph89@example.com,0.717,8,5,3,1279.4,6397.0
1695,Sheri Kidd,aholt@example.com,0.93,6,5,1,4153.88,20769.38
1696,Jennifer Francis,johnnyhawkins@example.org,0.747,45,33,12,2490.37,82182.15
1697,Eric Melendez,thomas34@example.org,0.832,30,24,6,3928.49,94283.7
1698,Lisa Kramer,donaldcastro@example.org,0.322,22,7,15,2829.15,19804.06
1699,John Ortiz,zwilliams@example.net,0.618,9,5,4,3374.26,16871.3
1700,Latasha Rios,arogers@example.net,0.593,14,8,6,316.02,2528.14
1701,Suzanne Hunt MD,scarroll@example.com,0.934,9,8,1,1871.72,14973.75
1702,Shawna Salazar,sking@example.org,0.784,39,30,9,726.96,21808.75
1703,Neil Walker,billy96@example.org,0.728,22,16,6,2720.97,43535.53
1704,Hunter Ross,debrahutchinson@example.net,0.335,37,12,25,1660.97,19931.58
1705,Mary Hamilton,anthony10@example.com,0.768,31,23,8,3803.89,87489.58
1706,Laura Chavez,chapmanmario@example.net,0.679,16,10,6,2736.99,27369.91
1707,Faith Hughes,wilsonmaria@example.net,0.795,5,3,2,2083.74,6251.21
1708,Jermaine Keller,jocelyn19@example.net,0.791,47,37,10,4685.88,173377.51
1709,Sharon Powell,andersonsteven@example.net,0.973,26,25,1,3631.09,90777.28
1710,Kimberly Avila,campbelljodi@example.org,0.633,7,4,3,216.26,865.05
1711,Sally Parks,patricia27@example.org,0.827,27,22,5,3693.01,81246.13
1712,Roy Davis,jack01@example.org,0.657,20,13,7,2923.93,38011.12
1713,Larry Ferguson,hensonantonio@example.org,0.687,40,27,13,3711.9,100221.31
1714,Larry Lopez,hgonzales@example.net,0.798,18,14,4,1681.12,23535.67
1715,Wesley Frederick,ylopez@example.net,0.857,32,27,5,2493.88,67334.63
1716,Jeremy Winters,qcook@example.org,0.428,1,0,1,1465.64,0.0
1717,Thomas Williams,carolineanderson@example.com,0.809,35,28,7,3378.49,94597.78
1718,Anna Gray,chavezmonica@example.com,0.88,25,21,4,4868.07,102229.46
1719,Todd Collins,jonathanmiller@example.org,0.917,10,9,1,1485.66,13370.9
1720,Christopher Moreno,ryanrivera@example.com,0.674,33,22,11,3243.2,71350.48
1721,Richard Schwartz,beltranpamela@example.org,0.854,25,21,4,4311.53,90542.07
1722,Micheal Chavez,joseph96@example.com,0.849,13,11,2,993.92,10933.17
1723,Roberto Heath,robertkelley@example.com,0.543,19,10,9,288.59,2885.95
1724,Patricia Davis,kelly31@example.org,0.637,42,26,16,3109.73,80852.95
1725,Amanda Huffman,tammyrichardson@example.com,0.785,46,36,10,2593.44,93363.87
1726,Thomas Carroll,tina21@example.com,0.5,37,18,19,1897.03,34146.62
1727,Christopher Chapman,josechandler@example.org,0.915,37,33,4,210.48,6945.96
1728,Jennifer Baker,marvinyoung@example.net,0.617,20,12,8,4011.98,48143.77
1729,Erin Hanson,elizabeth19@example.net,0.802,42,33,9,3236.45,106802.77
1730,Melanie Molina,ischmidt@example.net,0.797,9,7,2,1826.89,12788.26
1731,Jennifer Gonzalez,rachael13@example.net,0.683,39,26,13,289.08,7516.08
1732,Kimberly Barber,debraherman@example.org,0.635,11,6,5,4723.25,28339.49
1733,Brandi Lawrence,ginagardner@example.com,0.88,5,4,1,1741.96,6967.82
1734,Susan Carter,alexandria71@example.net,0.735,32,23,9,4470.73,102826.78
1735,Kyle Cox,cortezpatricia@example.org,0.523,18,9,9,2158.36,19425.23
1736,Cassie Park,heather92@example.com,0.437,38,16,22,2716.44,43463.01
1737,Mandy Santos,matthewreynolds@example.net,0.745,46,34,12,4023.95,136814.38
1738,Anna Miller,karenwilson@example.com,0.823,8,6,2,4302.12,25812.7
1739,Victoria Willis,tbrady@example.net,0.827,20,16,4,835.19,13362.99
1740,Michelle Moody,ebradford@example.net,0.674,41,27,14,4315.17,116509.69
1741,Bryan Rice,anthonylara@example.com,0.859,32,27,5,2651.8,71598.65
1742,John Le,hannahlopez@example.org,0.261,17,4,13,2275.75,9102.99
1743,Scott Brown,chansydney@example.org,0.601,16,9,7,2466.55,22198.95
1744,Thomas Smith,mchambers@example.org,0.503,14,7,7,4674.38,32720.63
1745,Vanessa Reed,brian69@example.org,0.701,24,16,8,3046.34,48741.52
1746,Nathan Vaughan,spencer26@example.com,0.621,45,27,18,641.1,17309.73
1747,Marco Rangel,nicole85@example.org,0.525,49,25,24,2574.17,64354.16
1748,Jordan Walker,jeffrey49@example.org,0.637,4,2,2,3122.04,6244.08
1749,Chelsey Campbell,leederrick@example.net,0.846,18,15,3,3175.84,47637.57
1750,Kristy Knapp,hbarnett@example.net,0.848,30,25,5,1759.16,43978.89
1751,Jose Olsen,baileymichelle@example.com,0.929,42,39,3,4064.05,158498.12
1752,Joshua Hart,pfarmer@example.net,0.698,29,20,9,1121.8,22436.03
1753,Yolanda Barnes,melissaguerra@example.com,0.524,11,5,6,4836.77,24183.87
1754,Catherine Mclean,durandebbie@example.com,0.606,31,18,13,1023.31,18419.56
1755,Lisa Matthews,swilliams@example.net,0.465,36,16,20,3372.8,53964.82
1756,Kenneth Davis,kelseyglenn@example.org,0.579,30,17,13,996.21,16935.64
1757,Heather Garcia,chrisbarrera@example.net,0.497,17,8,9,4743.51,37948.05
1758,Deborah Alvarez,hannah64@example.com,0.648,46,29,17,4442.38,128829.04
1759,Mrs. Ashley Robinson,wthomas@example.com,0.91,21,19,2,4417.75,83937.22
1760,Edward Griffin,ramseyandrea@example.com,0.907,27,24,3,2942.55,70621.13
1761,John Marshall,riggsjoshua@example.com,0.819,7,5,2,1925.34,9626.68
1762,Whitney Ford,fbarrett@example.com,0.902,19,17,2,4604.09,78269.47
1763,Louis Brown,alisonestrada@example.org,0.949,10,9,1,3279.15,29512.38
1764,Victoria Jones,andre82@example.org,0.888,29,25,4,4410.36,110259.03
1765,Penny Kennedy,pwilson@example.org,0.699,29,20,9,4670.08,93401.6
1766,Robin Lee,james78@example.org,0.716,49,35,14,2525.47,88391.43
1767,George Mayer,johnsonwanda@example.org,0.896,6,5,1,3592.73,17963.67
1768,Yvonne Nicholson,hamptonemily@example.org,0.862,14,12,2,3120.82,37449.87
1769,Mark Wilson,derrickhale@example.net,0.46,41,18,23,1968.2,35427.56
1770,Steven Simpson,christine86@example.org,0.804,8,6,2,3883.98,23303.88
1771,Javier Phillips MD,noblemary@example.net,0.515,10,5,5,2356.85,11784.23
1772,Robert Day,gallaghereric@example.com,0.843,7,5,2,627.08,3135.41
1773,Crystal Bates,timothyramsey@example.org,0.558,32,17,15,1915.41,32561.91
1774,Elizabeth Villegas,cochrancarlos@example.com,0.651,19,12,7,1514.44,18173.33
1775,Andrew Thomas,matthewhuffman@example.net,0.788,46,36,10,2630.58,94700.98
1776,Brittany Miller,shelleygross@example.com,0.941,19,17,2,2361.87,40151.83
1777,Richard Hamilton,hannahtorres@example.com,0.753,46,34,12,1214.72,41300.51
1778,Angela Mitchell,rebeccadiaz@example.net,0.777,4,3,1,1508.23,4524.69
1779,Tyler Taylor,nortonjessica@example.org,0.698,15,10,5,2167.44,21674.44
1780,Megan Hernandez,rreynolds@example.net,0.709,10,7,3,4331.49,30320.42
1781,Elizabeth Larson,jsmith@example.org,0.639,32,20,12,4690.62,93812.37
1782,Michael Bailey,amandastewart@example.net,0.658,43,28,15,3667.81,102698.8
1783,Charles Burns,fowlernicholas@example.org,0.523,22,11,11,4357.42,47931.6
1784,Sarah Barber,daniel25@example.net,0.63,26,16,10,3503.24,56051.8
1785,Kayla Blevins,melissa38@example.net,0.4,7,2,5,4099.02,8198.04
1786,Barry Ryan,brian08@example.com,0.865,32,27,5,1687.23,45555.23
1787,Richard Roberts,brenda28@example.net,0.681,44,29,15,257.14,7457.1
1788,Jessica Novak,ashley85@example.net,0.452,48,21,27,3204.48,67294.05
1789,Jacqueline Brown,hmalone@example.net,0.949,46,43,3,4713.93,202698.84
1790,Marissa Bradley,maxwell77@example.org,0.715,30,21,9,4610.73,96825.4
1791,Eric Giles,kristienavarro@example.org,0.714,4,2,2,3183.82,6367.64
1792,Patrick Abbott,janet95@example.com,0.795,24,19,5,4717.47,89632.0
1793,Lori Nelson,orozcopaul@example.net,0.886,46,40,6,238.81,9552.26
1794,Garrett Richardson,tony77@example.com,0.625,12,7,5,3609.86,25269.02
1795,Thomas Delacruz,kayla59@example.org,0.684,17,11,6,451.96,4971.59
1796,Sherry Ramos,paulpalmer@example.org,0.808,26,21,5,2569.15,53952.14
1797,Dawn Harris,landrycory@example.org,0.46,38,17,21,1481.89,25192.17
1798,Mary Mack,frenchmichael@example.net,0.863,45,38,7,1096.38,41662.52
1799,Shannon Crawford,zsingh@example.net,0.911,28,25,3,1848.1,46202.41
1800,Alexander Carrillo,qaguirre@example.org,0.782,27,21,6,1933.28,40598.84
1801,James Martinez,larsenallison@example.com,0.348,39,13,26,1776.84,23098.96
1802,Dr. Jason Nichols,barbara18@example.org,0.782,5,3,2,363.41,1090.24
1803,Kelly Payne,iwise@example.org,0.957,36,34,2,4495.57,152849.42
1804,Daniel Roberts,hthornton@example.org,0.866,44,38,6,3388.9,128778.16
1805,Patricia Shepard,josephwilliams@example.org,0.722,28,20,8,4120.38,82407.55
1806,Melissa Smith,ryan45@example.org,0.906,38,34,4,3241.91,110225.06
1807,William Huang,amanda79@example.net,0.626,22,13,9,1282.78,16676.19
1808,Dawn Pope,christopher50@example.org,0.906,13,11,2,253.76,2791.32
1809,Christine Mills,rhondanelson@example.net,0.665,4,2,2,758.72,1517.44
1810,Debra Duncan,thomasderrick@example.com,0.502,25,12,13,4780.44,57365.29
1811,Susan Green,maureenarnold@example.com,0.868,31,26,5,1627.13,42305.25
1812,Tyler Gutierrez,timothy50@example.org,0.727,15,10,5,827.11,8271.14
1813,Mary Johnson,ghernandez@example.com,0.64,37,23,14,291.67,6708.38
1814,Eugene Jones,wwilliamson@example.org,0.89,14,12,2,332.63,3991.59
1815,Laura Harris,tranjonathan@example.net,0.864,8,6,2,956.53,5739.21
1816,Michelle Chavez,bsmith@example.net,0.734,12,8,4,2038.72,16309.72
1817,Brad Edwards,brianna34@example.net,0.686,30,20,10,4243.89,84877.89
1818,Richard Davis,richardriley@example.com,0.843,15,12,3,3068.62,36823.43
1819,Christopher Tucker,jasmine48@example.net,0.766,42,32,10,2258.5,72272.03
1820,Megan Tanner,neil32@example.org,0.917,33,30,3,2877.92,86337.71
1821,Larry Gardner,hsmith@example.com,0.731,10,7,3,4031.46,28220.23
1822,Elizabeth Johnson,raven37@example.net,0.707,29,20,9,3598.45,71969.09
1823,Julie Parker,tstephens@example.org,0.948,22,20,2,3505.42,70108.41
1824,Rebecca Sims,bpeterson@example.org,0.743,31,23,8,4908.05,112885.11
1825,Ashley Moyer,monicarichardson@example.net,0.591,23,13,10,1418.64,18442.36
1826,Mrs. Cindy Wade MD,garciabryan@example.com,0.653,39,25,14,2372.31,59307.74
1827,Patrick Burton,thomas84@example.net,0.564,5,2,3,2545.79,5091.58
1828,Cassandra Davis,antoniorobles@example.org,0.882,1,0,1,2196.4,0.0
1829,Mrs. Joann Klein,hamiltonkimberly@example.com,0.804,21,16,5,1479.19,23666.98
1830,Christopher Randall,moorejulie@example.net,0.512,29,14,15,1952.22,27331.07
1831,Dr. Brian Morales III,tiffany29@example.com,0.851,20,17,3,4079.21,69346.53
1832,Deborah Peters,sdiaz@example.net,0.764,37,28,9,674.59,18888.54
1833,Catherine Cooper,sheliasanford@example.net,0.808,24,19,5,4191.87,79645.57
1834,Kristine Walker,laurawilliams@example.org,0.578,29,16,13,1483.02,23728.26
1835,Julia Moody,amandajackson@example.com,0.951,20,19,1,1306.64,24826.22
1836,Earl Russell,toddthompson@example.net,0.961,25,24,1,2083.77,50010.46
1837,Sandra Meyer MD,elizabeth51@example.net,0.786,10,7,3,1219.38,8535.65
1838,Stephanie Brown,david89@example.org,0.903,7,6,1,3961.07,23766.41
1839,Richard Fitzgerald,lfischer@example.net,0.599,11,6,5,2802.58,16815.49
1840,Richard Owen,marythompson@example.org,0.66,20,13,7,2516.18,32710.4
1841,Brooke Hopkins,danielcortez@example.org,0.677,10,6,4,1868.65,11211.89
1842,Michael Garcia,cindy16@example.com,0.654,21,13,8,1680.1,21841.36
1843,Brandon Wells,idavis@example.org,0.658,32,21,11,724.46,15213.56
1844,Greg Holloway,hinesjohn@example.com,0.635,2,1,1,4669.43,4669.43
1845,Jacob Brown,martinezlaura@example.net,0.888,7,6,1,877.09,5262.52
1846,Patty Hill,randy76@example.org,0.738,48,35,13,4059.31,142075.83
1847,Rachel Powell,chapmanashley@example.org,0.416,15,6,9,4826.45,28958.67
1848,Grace Lopez,jgalloway@example.org,0.811,42,34,8,4550.02,154700.69
1849,Kristen Malone,hollydavis@example.org,0.87,36,31,5,689.45,21372.89
1850,Ms. Valerie Williamson,williambanks@example.net,0.842,5,4,1,4736.24,18944.97
1851,Peggy Harris,obaker@example.org,0.777,45,34,11,2426.4,82497.76
1852,April Stone MD,lynnmelanie@example.com,0.515,20,10,10,786.99,7869.86
1853,Sandra Smith,stonebrian@example.com,0.535,6,3,3,4080.15,12240.45
1854,Amanda Blake,whitemitchell@example.org,0.638,7,4,3,3676.21,14704.83
1855,Aaron Richards,jennifer25@example.net,0.719,29,20,9,4603.64,92072.88
1856,Matthew Fletcher,thomas01@example.org,0.739,7,5,2,1906.21,9531.04
1857,Meghan Wade,cduncan@example.net,0.491,36,17,19,2722.64,46284.85
1858,Joanne Jones,obrown@example.net,0.778,5,3,2,4389.42,13168.27
1859,Jenna Mays,omcgee@example.org,0.529,16,8,8,820.39,6563.11
1860,Andrea Welch,hli@example.org,0.726,9,6,3,1886.92,11321.52
1861,Kelsey Ellis,ortizemily@example.com,0.827,25,20,5,1938.7,38773.92
1862,James Peterson,thaynes@example.org,0.902,33,29,4,1515.46,43948.35
1863,Brian Mckenzie,aspencer@example.org,0.486,18,8,10,1551.56,12412.45
1864,Steven Johnson,justin56@example.com,0.66,1,0,1,4933.67,0.0
1865,Marcus Hudson III,eoneill@example.org,0.514,47,24,23,2037.75,48906.07
1866,Jerry Fowler,bayers@example.net,0.834,19,15,4,2986.01,44790.11
1867,Gregory Nichols,brandon48@example.com,0.928,21,19,2,4480.66,85132.61
1868,Lisa Garcia,cherylcobb@example.com,0.456,3,1,2,301.59,301.59
1869,Linda Wiggins,lisa84@example.net,0.693,34,23,11,1255.04,28866.0
1870,Mark Ochoa,gmartinez@example.net,0.572,2,1,1,4457.54,4457.54
1871,Justin May,qmcdaniel@example.net,0.936,38,35,3,482.22,16877.73
1872,Kristy Torres,nhunter@example.net,0.657,16,10,6,1571.19,15711.92
1873,Jasmine Hernandez,dmurray@example.net,0.244,23,5,18,912.25,4561.25
1874,Melissa Thompson,kristine57@example.org,0.756,34,25,9,1144.7,28617.41
1875,James Avila,stephaniegonzalez@example.com,0.789,13,10,3,2133.22,21332.17
1876,Sandra Robinson,audreycampos@example.com,0.821,26,21,5,3815.65,80128.56
1877,Lindsay Caldwell,hancocklori@example.net,0.838,11,9,2,3608.7,32478.27
1878,Lori Gordon,kristensilva@example.org,0.832,4,3,1,1517.37,4552.11
1879,Ariel Mosley,cindy31@example.com,0.611,38,23,15,4927.7,113337.14
1880,Melissa Mathews,andrew40@example.com,0.63,48,30,18,4456.74,133702.18
1881,Jessica Walters,torreskeith@example.org,0.883,16,14,2,4088.99,57245.83
1882,Emily Murray,thomasrogers@example.com,0.851,8,6,2,2272.24,13633.45
1883,Amanda Williams,lynn60@example.org,0.452,17,7,10,2668.74,18681.18
1884,Taylor Roth,portertammy@example.org,0.66,22,14,8,3454.69,48365.66
1885,Ryan George,virginia23@example.org,0.957,37,35,2,4379.89,153296.15
1886,Dennis Marshall,briannavincent@example.org,0.604,45,27,18,4262.13,115077.43
1887,Patricia Serrano,erinferguson@example.net,0.716,32,22,10,1280.19,28164.27
1888,Matthew Nelson,brittany04@example.com,0.628,30,18,12,1533.53,27603.6
1889,Mary Suarez,robertward@example.net,0.754,27,20,7,448.38,8967.57
1890,Joseph Cortez,amandabrooks@example.org,0.759,40,30,10,1845.77,55373.1
1891,Stephanie Freeman,jimenezclaudia@example.com,0.559,27,15,12,2294.49,34417.29
1892,Paul Berry,mario55@example.net,0.712,7,4,3,1368.05,5472.2
1893,Kaitlin Cantrell,watkinsstephen@example.net,0.668,18,12,6,4613.75,55364.96
1894,Dr. Noah Haynes,jennifer29@example.net,0.623,18,11,7,1453.41,15987.5
1895,Lauren Tanner,nnichols@example.org,0.863,48,41,7,1934.64,79320.1
1896,Lucas Gonzalez,valeriegonzalez@example.net,0.692,8,5,3,1582.1,7910.51
1897,Victor Bailey,davispamela@example.org,0.548,28,15,13,4005.98,60089.7
1898,Benjamin Rodriguez,jill16@example.com,0.939,32,30,2,4704.62,141138.54
1899,Anthony Santos,whitney15@example.com,0.648,34,22,12,3567.15,78477.41
1900,James Campbell,hickmanreginald@example.org,0.431,44,18,26,4162.92,74932.59
1901,Megan French,lcruz@example.org,0.939,44,41,3,229.2,9397.2
1902,Christina Harmon MD,patelerin@example.org,0.639,20,12,8,1629.81,19557.68
1903,Sherry Stevens,lindsey31@example.com,0.28,25,7,18,2596.22,18173.51
1904,Tonya Gonzalez,rodney58@example.net,0.783,28,21,7,4125.81,86641.97
1905,Jennifer Meza,bishopamber@example.net,0.655,42,27,15,3568.31,96344.34
1906,Kristen Payne,jessica05@example.org,0.703,30,21,9,2190.87,46008.25
1907,Felicia Morton,wolfemichael@example.com,0.673,18,12,6,4948.08,59377.01
1908,Amber Rogers,brenda06@example.net,0.846,25,21,4,1048.65,22021.61
1909,Pamela Benitez,michaelcollins@example.net,0.825,47,38,9,2436.18,92574.93
1910,Kelly King,danielle32@example.net,0.912,7,6,1,2312.03,13872.18
1911,Patricia Henderson,jennifer47@example.com,0.889,10,8,2,2524.85,20198.77
1912,Cole Miller,marshallrichard@example.org,0.833,40,33,7,672.25,22184.26
1913,Scott Lee,beardkimberly@example.com,0.719,43,30,13,436.6,13098.05
1914,Sharon Mullen,danielcox@example.net,0.738,29,21,8,2652.82,55709.28
1915,Amanda Freeman,stacy64@example.org,0.553,24,13,11,2823.28,36702.6
1916,Steven Brooks,wmurillo@example.com,0.95,2,1,1,4391.57,4391.57
1917,Gary Dyer,robinsondavid@example.net,0.858,9,7,2,4601.7,32211.93
1918,Casey Quinn,carriemcdaniel@example.org,0.57,20,11,9,2949.72,32446.94
1919,Brittany Jordan,chaseyolanda@example.com,0.915,9,8,1,3918.66,31349.31
1920,Tony Greene,harmonnathaniel@example.org,0.791,39,30,9,3463.93,103917.91
1921,Kevin Richardson,prattsara@example.com,0.655,42,27,15,4375.1,118127.68
1922,Michael Weaver,william57@example.net,0.774,15,11,4,1278.87,14067.55
1923,Erin Cameron,rebekahvargas@example.com,0.605,45,27,18,1037.82,28021.15
1924,Julia Johnson,jonesrick@example.com,0.824,29,23,6,1623.25,37334.65
1925,Dorothy Rodriguez,paulgonzalez@example.net,0.854,22,18,4,1684.49,30320.83
1926,Mark Anderson,medinaamy@example.net,0.453,27,12,15,434.35,5212.15
1927,Erica Ramirez,aoneal@example.org,0.884,7,6,1,3192.84,19157.02
1928,Gail Marquez,pmclean@example.org,0.858,32,27,5,3707.23,100095.09
1929,Dylan Boyd,margaret26@example.org,0.742,10,7,3,3687.72,25814.03
1930,Valerie Gonzales,samuel21@example.com,0.34,27,9,18,2909.32,26183.89
1931,Jeffrey James,yrosales@example.org,0.75,12,9,3,2126.71,19140.36
1932,Joyce Dickson,rbeasley@example.org,0.77,22,16,6,915.66,14650.55
1933,Jesse Ortiz,robert32@example.com,0.648,40,25,15,315.01,7875.37
1934,Aaron Gallegos,burnettbobby@example.com,0.566,24,13,11,556.79,7238.25
1935,Daniel Calhoun,james86@example.net,0.943,46,43,3,3778.17,162461.38
1936,Nicholas Thompson,deborahlopez@example.org,0.753,19,14,5,1857.32,26002.45
1937,Robert Wood,jacobhill@example.org,0.829,18,14,4,1457.48,20404.76
1938,Christopher Clark,thomas79@example.org,0.855,21,17,4,4847.49,82407.41
1939,Matthew Brown,evargas@example.net,0.698,10,6,4,2470.57,14823.41
1940,Steven Anderson,scottcollins@example.net,0.7,6,4,2,4152.56,16610.26
1941,Timothy Christensen,brandonhodges@example.org,0.837,43,36,7,4947.56,178112.07
1942,Bradley Young,lance46@example.net,0.394,10,3,7,1314.49,3943.46
1943,Susan Martin,justinbaker@example.net,0.602,12,7,5,3416.89,23918.23
1944,Victoria Gordon,lauriegonzalez@example.net,0.901,49,44,5,3937.94,173269.5
1945,Mrs. Anita Martin,john02@example.org,0.66,47,31,16,3432.28,106400.67
1946,John Brown,amy59@example.net,0.411,18,7,11,4224.97,29574.77
1947,Margaret Chang,jasmintorres@example.org,0.285,46,13,33,1850.35,24054.52
1948,Tamara Carey,chris55@example.net,0.773,38,29,9,700.86,20325.05
1949,Katherine Freeman,jeffrey22@example.org,0.808,13,10,3,2238.29,22382.91
1950,Carol Jackson,zjohnson@example.net,0.985,21,20,1,4473.51,89470.19
1951,Kathleen Morgan,vflores@example.org,0.257,29,7,22,3267.89,22875.26
1952,Erika Anderson,alicia88@example.org,0.804,45,36,9,826.18,29742.36
1953,Brooke Richardson,jennifer54@example.org,0.342,30,10,20,3182.43,31824.32
1954,John Ochoa,brooksjason@example.net,0.812,47,38,9,3453.79,131244.06
1955,John Morris,amber05@example.com,0.385,1,0,1,2529.22,0.0
1956,Patricia Khan,brownchristopher@example.net,0.503,17,8,9,4281.01,34248.1
1957,John Hunt,briangreen@example.net,0.722,25,18,7,2470.85,44475.37
1958,Mario Rogers,charlesstrickland@example.com,0.595,36,21,15,656.31,13782.56
1959,Terry Blanchard,jillianjohnson@example.net,0.582,1,0,1,701.64,0.0
1960,Allison Fry,christopher21@example.com,0.736,32,23,9,3529.68,81182.69
1961,Katherine Smith,simpsondanny@example.com,0.963,25,24,1,4912.29,117894.98
1962,Christopher Luna,saraskinner@example.com,0.885,12,10,2,528.84,5288.36
1963,Brittany Turner,johnsonrobert@example.org,0.843,26,21,5,572.83,12029.38
1964,Ms. Teresa Williams,myersshannon@example.net,0.696,33,22,11,4114.65,90522.32
1965,Terri Hubbard,matthewortiz@example.com,0.762,35,26,9,1226.83,31897.57
1966,Caitlyn Jones,ajordan@example.net,0.667,30,20,10,590.67,11813.47
1967,Matthew Lynch,julie72@example.org,0.767,42,32,10,1207.17,38629.36
1968,Jeffrey Williams,joshua25@example.net,0.879,38,33,5,4569.97,150809.12
1969,David Hammond,emily44@example.org,0.512,8,4,4,4136.74,16546.95
1970,Heather Frazier,gmyers@example.org,0.788,5,3,2,2214.34,6643.03
1971,Patricia Silva,barbaramartinez@example.net,0.755,8,6,2,3279.01,19674.07
1972,Eric Schneider,richardnelson@example.com,0.645,29,18,11,3142.29,56561.24
1973,Austin Russell,vincentchristine@example.net,0.711,39,27,12,1160.08,31322.11
1974,Jennifer Simmons,lmueller@example.net,0.708,33,23,10,948.41,21813.4
1975,Jessica Nunez,urobinson@example.org,0.906,42,38,4,4784.14,181797.16
1976,Ashley Ortiz,joshuahoward@example.org,0.411,8,3,5,3959.73,11879.2
1977,Erica Patterson,wanda34@example.com,0.635,15,9,6,910.93,8198.39
1978,Douglas Bates,wrightalicia@example.com,0.503,5,2,3,2103.72,4207.44
1979,Joshua Webb,guerreroanthony@example.org,0.739,35,25,10,3527.72,88192.93
1980,Danny Campbell,deanna35@example.org,0.666,49,32,17,275.72,8822.95
1981,Matthew Spencer,kristin69@example.com,0.734,43,31,12,775.79,24049.48
1982,Rachel Simpson,collinsparker@example.net,0.613,40,24,16,950.05,22801.31
1983,Yvette Mcbride,katherine53@example.net,0.514,1,0,1,1658.5,0.0
1984,Ethan Hughes,fcrawford@example.com,0.547,19,10,9,4861.15,48611.48
1985,Mrs. Nina Hayes,ahoffman@example.org,0.654,48,31,17,738.62,22897.08
1986,Jason Coleman,briannastephens@example.org,0.794,45,35,10,4691.3,164195.65
1987,Sarah Bennett,chandlershannon@example.com,0.452,33,14,19,2684.53,37583.42
1988,Benjamin Smith,bianca14@example.net,0.638,10,6,4,274.93,1649.59
1989,Kayla Carson,ericalucero@example.com,0.814,4,3,1,4583.58,13750.74
1990,Robert Mcguire,browndavid@example.com,0.621,20,12,8,4408.92,52907.05
1991,Jessica Robinson,curtis60@example.net,0.85,15,12,3,3703.6,44443.14
1992,Ashley Miller,shermanthomas@example.net,0.6,7,4,3,1375.08,5500.33
1993,Mary Griffin,angela95@example.net,0.803,25,20,5,1218.37,24367.48
1994,Jessica Robinson,brookeavila@example.org,0.541,1,0,1,1220.59,0.0
1995,Shannon Todd,chandleranthony@example.org,0.852,22,18,4,2041.19,36741.42
1996,Joshua Hall,karen59@example.org,0.782,2,1,1,507.85,507.85
1997,Cesar Mendoza,jennifer16@example.com,0.642,34,21,13,651.03,13671.55
1998,Holly York,watsonadrian@example.net,0.814,14,11,3,3874.39,42618.32
1999,Maria Freeman,anthonygalvan@example.net,0.704,30,21,9,3393.94,71272.8
2000,Lindsay Sanders,ccarroll@example.net,0.551,30,16,14,1498.08,23969.34
